accounts,reuse_count,password_age_days,account_sensitivity,reuse_frequency,strength_score,risk_level
5,3,625,2,0.683,63.11,CRITICAL
8,5,399,3,0.675,35.99,CRITICAL
14,2,196,0,0.126,75.13,MEDIUM
7,0,551,0,0.072,76.62,LOW
11,7,305,2,0.732,36.32,CRITICAL
5,4,576,0,0.959,48.7,CRITICAL
14,7,209,3,0.493,29.73,CRITICAL
13,0,697,2,0.0,80.55,MEDIUM
4,3,679,1,0.955,55.5,CRITICAL
6,1,510,2,0.111,84.3,MEDIUM
4,3,597,0,0.971,44.57,HIGH
8,6,521,3,0.791,33.11,CRITICAL
4,3,505,2,0.959,60.39,CRITICAL
7,6,637,0,0.913,29.68,CRITICAL
8,6,451,2,0.77,30.51,CRITICAL
15,6,504,3,0.427,37.67,CRITICAL
2,1,44,3,1.0,82.76,HIGH
6,5,54,2,1.0,63.28,CRITICAL
7,6,74,1,1.0,46.82,CRITICAL
14,8,281,3,0.783,30.76,CRITICAL
13,0,254,0,0.047,70.88,LOW
7,0,697,2,0.133,77.16,MEDIUM
13,1,371,3,0.139,65.78,HIGH
12,5,565,0,0.398,36.36,CRITICAL
8,4,24,2,0.546,71.54,CRITICAL
4,2,7,2,0.577,77.46,HIGH
13,4,199,0,0.419,42.86,HIGH
12,8,206,0,0.762,49.76,CRITICAL
1,0,682,3,0.13,72.37,MEDIUM
4,1,688,3,0.315,74.78,HIGH
2,1,107,0,0.978,90.38,MEDIUM
9,5,726,1,0.634,38.98,CRITICAL
6,3,138,0,0.635,66.4,MEDIUM
6,3,436,1,0.425,61.72,HIGH
3,2,657,3,0.851,68.36,CRITICAL
1,0,334,1,0.029,80.39,LOW
13,5,142,2,0.381,49.81,CRITICAL
8,0,221,2,0.157,92.88,LOW
4,3,80,0,1.0,64.75,HIGH
8,4,6,1,0.597,67.06,HIGH
1,0,21,0,0.0,87.99,LOW
1,0,579,3,0.0,73.92,MEDIUM
12,5,547,3,0.486,32.84,CRITICAL
5,1,613,1,0.087,77.18,MEDIUM
9,8,256,1,0.811,40.77,CRITICAL
10,3,530,1,0.327,57.28,HIGH
14,1,432,2,0.144,73.16,MEDIUM
12,7,704,2,0.679,21.75,CRITICAL
6,1,689,0,0.284,74.76,MEDIUM
14,1,251,3,0.107,76.59,MEDIUM
15,8,727,3,0.65,36.44,CRITICAL
12,6,690,1,0.572,39.28,CRITICAL
9,2,333,3,0.385,66.0,HIGH
9,7,279,3,0.819,53.73,CRITICAL
9,5,363,2,0.544,38.21,CRITICAL
2,1,174,0,1.0,75.81,MEDIUM
3,2,416,2,0.986,62.36,CRITICAL
7,4,72,0,0.704,64.76,HIGH
6,5,700,0,0.997,52.99,CRITICAL
8,2,724,3,0.087,75.88,HIGH
9,8,279,2,0.931,46.31,CRITICAL
4,3,229,0,0.905,65.02,HIGH
3,0,71,3,0.0,91.73,LOW
10,1,302,2,0.0,66.86,MEDIUM
5,4,555,3,0.876,43.99,CRITICAL
3,2,479,2,1.0,63.88,HIGH
10,2,656,0,0.214,49.85,MEDIUM
4,3,674,3,0.91,55.75,CRITICAL
10,8,611,0,0.955,35.95,CRITICAL
10,7,215,3,0.711,34.92,CRITICAL
6,5,238,0,1.0,46.0,CRITICAL
7,0,588,1,0.0,79.97,LOW
12,0,256,1,0.0,89.99,LOW
4,3,626,0,1.0,64.29,HIGH
5,2,212,0,0.484,72.01,MEDIUM
11,6,214,3,0.6,40.34,CRITICAL
7,6,464,3,1.0,28.88,CRITICAL
2,1,44,2,1.0,98.8,HIGH
4,3,74,1,0.929,71.72,HIGH
5,3,448,2,0.763,56.31,CRITICAL
15,0,486,2,0.121,77.56,MEDIUM
10,8,359,0,1.0,27.0,CRITICAL
6,5,419,2,1.0,39.31,CRITICAL
1,0,523,0,0.051,93.13,LOW
9,2,403,1,0.258,61.94,HIGH
9,5,236,2,0.61,56.05,CRITICAL
4,3,411,3,0.877,52.79,CRITICAL
9,4,582,1,0.478,56.58,CRITICAL
1,0,76,3,0.0,100.0,LOW
4,3,9,3,1.0,87.21,CRITICAL
9,8,105,1,1.0,33.92,CRITICAL
9,7,77,2,0.843,37.57,CRITICAL
10,8,368,3,0.895,39.32,CRITICAL
7,1,81,1,0.141,91.99,LOW
2,1,663,3,1.0,68.17,HIGH
1,0,583,0,0.056,80.76,LOW
4,3,100,2,1.0,66.83,CRITICAL
13,5,638,3,0.558,38.49,CRITICAL
10,0,257,3,0.034,85.96,MEDIUM
11,5,95,1,0.624,66.17,CRITICAL
6,5,592,0,0.905,37.8,CRITICAL
10,5,499,0,0.451,38.46,CRITICAL
11,2,611,0,0.21,64.93,MEDIUM
4,2,725,2,0.63,70.23,HIGH
6,5,577,0,1.0,42.11,CRITICAL
14,5,142,2,0.341,47.44,CRITICAL
13,5,481,2,0.465,39.88,CRITICAL
5,4,9,1,1.0,65.73,CRITICAL
4,1,679,3,0.448,70.57,HIGH
7,5,486,3,0.74,45.9,CRITICAL
5,2,526,1,0.518,62.06,HIGH
1,0,374,0,0.0,81.6,LOW
7,6,259,0,0.917,40.86,CRITICAL
4,3,379,3,0.964,59.99,CRITICAL
14,6,681,3,0.591,34.8,CRITICAL
7,0,480,0,0.0,83.29,LOW
10,0,173,0,0.061,86.87,LOW
12,7,16,3,0.613,58.78,CRITICAL
9,5,673,2,0.516,38.14,CRITICAL
12,5,634,3,0.291,32.75,CRITICAL
10,5,674,0,0.682,38.32,CRITICAL
8,1,208,3,0.282,83.19,MEDIUM
14,0,116,2,0.0,79.87,LOW
12,6,243,2,0.67,41.91,CRITICAL
3,0,370,1,0.038,86.12,LOW
13,4,114,1,0.364,71.28,HIGH
11,5,594,3,0.491,35.08,CRITICAL
5,4,51,1,1.0,58.59,CRITICAL
13,0,354,3,0.0,78.19,MEDIUM
7,6,136,0,1.0,38.09,CRITICAL
1,0,327,1,0.0,83.4,LOW
8,4,604,0,0.671,44.06,CRITICAL
15,5,128,0,0.511,62.19,HIGH
7,1,75,0,0.128,88.39,LOW
2,1,362,3,0.975,74.76,HIGH
3,2,388,1,0.9,63.95,HIGH
4,3,705,1,1.0,53.35,CRITICAL
6,1,85,1,0.241,79.15,LOW
12,2,404,2,0.219,57.63,HIGH
7,6,161,2,1.0,27.16,CRITICAL
2,0,710,0,0.004,80.92,LOW
10,1,551,1,0.179,72.48,MEDIUM
9,6,35,1,0.761,51.33,CRITICAL
9,4,464,1,0.315,40.59,CRITICAL
10,6,152,2,0.66,39.72,CRITICAL
10,2,670,0,0.151,62.39,MEDIUM
15,3,485,3,0.275,45.18,CRITICAL
6,3,181,3,0.506,65.12,CRITICAL
11,4,553,2,0.563,43.46,CRITICAL
4,3,9,1,0.888,77.68,CRITICAL
4,2,575,3,0.665,55.01,CRITICAL
4,3,149,2,1.0,74.41,CRITICAL
13,8,296,1,0.724,45.1,CRITICAL
8,0,170,0,0.0,90.36,LOW
8,1,72,3,0.157,82.82,MEDIUM
5,0,646,1,0.0,72.64,LOW
7,1,196,0,0.12,72.89,LOW
4,2,76,3,0.666,88.25,HIGH
8,2,470,2,0.298,67.22,HIGH
4,0,539,3,0.0,80.75,MEDIUM
7,1,683,1,0.231,67.1,MEDIUM
6,5,710,0,1.0,29.71,CRITICAL
12,7,68,0,0.696,46.12,CRITICAL
11,7,318,2,0.749,32.66,CRITICAL
14,0,388,1,0.122,90.03,LOW
12,6,594,2,0.519,27.14,CRITICAL
8,6,417,2,0.933,33.25,CRITICAL
8,6,439,0,0.837,35.25,CRITICAL
5,4,123,3,0.869,73.05,CRITICAL
15,4,309,0,0.176,48.52,HIGH
7,6,252,2,1.0,29.59,CRITICAL
13,3,585,3,0.153,68.75,CRITICAL
15,6,630,1,0.52,39.18,CRITICAL
12,0,48,1,0.15,100.0,LOW
13,4,432,1,0.366,52.77,HIGH
9,8,214,0,1.0,45.18,CRITICAL
1,0,129,3,0.012,93.52,LOW
12,8,623,3,0.711,30.32,CRITICAL
14,4,514,1,0.389,37.58,CRITICAL
3,2,596,0,0.898,59.54,HIGH
14,4,543,2,0.421,50.05,CRITICAL
6,2,281,2,0.508,64.63,HIGH
7,6,710,2,1.0,36.11,CRITICAL
5,4,370,0,0.905,41.64,CRITICAL
8,3,599,2,0.488,58.06,CRITICAL
6,1,413,0,0.176,69.89,LOW
8,3,20,2,0.409,75.04,HIGH
3,2,726,2,0.936,67.28,CRITICAL
1,0,672,0,0.03,74.72,LOW
12,5,355,0,0.58,34.65,CRITICAL
13,8,669,2,0.664,36.19,CRITICAL
2,1,116,0,1.0,88.93,MEDIUM
8,2,636,1,0.201,60.54,HIGH
2,1,455,3,0.966,61.9,CRITICAL
14,8,82,3,0.555,52.46,CRITICAL
6,5,575,3,1.0,30.99,CRITICAL
14,3,121,2,0.242,72.4,HIGH
2,1,193,1,0.95,82.87,MEDIUM
5,2,642,2,0.522,58.19,HIGH
3,2,413,0,1.0,57.06,HIGH
9,3,626,2,0.429,52.51,CRITICAL
4,3,183,2,0.97,68.68,CRITICAL
9,8,280,1,1.0,36.55,CRITICAL
2,0,503,0,0.18,76.38,LOW
6,5,663,2,1.0,33.34,CRITICAL
8,2,247,3,0.183,66.76,HIGH
11,8,609,0,0.769,46.83,CRITICAL
8,4,568,3,0.661,56.11,CRITICAL
4,3,119,0,1.0,68.69,HIGH
11,0,249,3,0.0,82.2,MEDIUM
4,1,106,3,0.428,91.74,MEDIUM
7,6,552,3,0.976,32.56,CRITICAL
11,1,14,1,0.068,81.48,LOW
5,4,262,3,1.0,44.78,CRITICAL
14,8,637,1,0.65,27.68,CRITICAL
8,7,124,1,0.945,41.98,CRITICAL
15,3,556,1,0.226,67.22,HIGH
13,0,470,3,0.123,83.9,MEDIUM
9,6,415,2,0.757,30.66,CRITICAL
3,2,462,1,0.977,66.36,HIGH
4,3,552,3,0.889,61.84,CRITICAL
7,5,478,2,0.817,43.99,CRITICAL
9,4,662,2,0.542,54.25,CRITICAL
7,5,423,2,0.916,44.21,CRITICAL
6,5,604,1,1.0,39.36,CRITICAL
9,2,480,1,0.346,63.45,MEDIUM
10,6,198,0,0.71,34.38,CRITICAL
10,0,287,2,0.0,87.42,LOW
4,3,340,3,1.0,59.59,CRITICAL
15,0,220,0,0.0,87.89,LOW
15,5,651,2,0.354,47.03,CRITICAL
15,1,724,2,0.063,76.24,MEDIUM
10,0,659,3,0.057,84.58,MEDIUM
9,3,709,2,0.445,55.93,CRITICAL
2,1,478,2,1.0,72.56,HIGH
15,4,411,0,0.296,39.21,HIGH
3,2,150,2,1.0,75.8,HIGH
10,3,199,1,0.188,62.25,MEDIUM
7,6,487,1,1.0,35.8,CRITICAL
3,2,509,3,0.931,52.25,CRITICAL
8,3,372,3,0.433,54.69,CRITICAL
2,1,532,3,1.0,80.39,HIGH
15,1,703,3,0.041,57.47,MEDIUM
8,0,234,1,0.018,94.58,LOW
7,0,605,3,0.0,69.15,MEDIUM
11,0,471,1,0.124,76.52,MEDIUM
9,8,642,3,0.957,27.19,CRITICAL
7,4,194,0,0.642,62.51,HIGH
7,0,3,0,0.0,90.43,LOW
14,2,70,0,0.081,77.53,LOW
8,3,493,0,0.329,50.37,HIGH
13,5,521,1,0.336,24.45,CRITICAL
8,5,723,0,0.791,35.85,CRITICAL
1,0,481,0,0.0,74.0,LOW
11,3,248,1,0.278,57.02,HIGH
1,0,232,0,0.086,81.84,LOW
3,0,458,3,0.0,71.11,MEDIUM
4,2,437,2,0.716,63.08,HIGH
7,5,17,3,0.823,63.94,CRITICAL
3,2,535,0,1.0,63.98,HIGH
3,1,139,2,0.609,88.33,MEDIUM
14,5,717,0,0.364,44.27,CRITICAL
2,1,58,3,0.987,78.07,HIGH
10,0,142,2,0.134,86.83,LOW
12,7,293,3,0.702,36.83,CRITICAL
7,0,37,2,0.0,100.0,LOW
13,2,573,1,0.168,55.08,HIGH
13,8,393,1,0.835,31.13,CRITICAL
15,5,689,1,0.38,39.34,CRITICAL
4,3,571,0,1.0,62.35,HIGH
3,2,148,2,0.807,73.95,HIGH
12,0,704,3,0.089,79.48,MEDIUM
11,7,408,3,0.515,32.5,CRITICAL
12,8,461,2,0.729,38.94,CRITICAL
7,2,308,1,0.228,64.92,MEDIUM
11,1,464,1,0.167,63.24,MEDIUM
4,3,271,3,1.0,67.54,CRITICAL
1,0,134,0,0.021,98.4,LOW
7,0,689,3,0.0,71.82,MEDIUM
9,5,624,1,0.686,37.48,CRITICAL
14,4,136,3,0.405,57.37,CRITICAL
12,3,78,0,0.215,72.01,HIGH
7,2,229,0,0.354,62.97,MEDIUM
2,1,93,1,0.979,86.71,MEDIUM
5,4,528,1,0.951,54.74,CRITICAL
1,0,151,2,0.066,86.54,LOW
10,0,628,0,0.0,92.01,LOW
3,2,122,0,0.968,87.28,MEDIUM
15,2,723,3,0.084,59.89,HIGH
7,6,41,3,0.978,41.42,CRITICAL
13,4,540,0,0.367,43.2,HIGH
14,7,382,1,0.655,27.68,CRITICAL
6,5,177,0,0.949,51.92,CRITICAL
15,1,239,1,0.107,78.81,LOW
1,0,196,1,0.024,91.35,LOW
9,5,633,1,0.576,41.7,CRITICAL
7,0,27,1,0.138,95.9,LOW
2,1,313,2,1.0,72.2,HIGH
7,6,233,0,0.871,48.44,CRITICAL
11,5,152,3,0.418,37.34,CRITICAL
8,6,719,0,0.81,41.73,CRITICAL
1,0,530,3,0.0,73.1,MEDIUM
7,1,668,2,0.219,71.02,HIGH
13,8,729,3,0.776,35.57,CRITICAL
8,4,591,0,0.473,44.6,HIGH
9,5,618,0,0.577,39.23,CRITICAL
12,2,42,2,0.096,80.4,MEDIUM
5,3,653,0,0.767,50.22,HIGH
8,5,598,3,0.691,23.47,CRITICAL
3,2,560,1,0.988,71.0,HIGH
5,1,20,2,0.304,85.56,MEDIUM
7,0,43,2,0.0,92.5,LOW
15,0,452,2,0.0,82.27,LOW
8,2,167,1,0.149,71.05,HIGH
7,2,357,3,0.273,56.94,HIGH
3,2,119,3,1.0,79.51,HIGH
9,8,386,0,1.0,34.63,CRITICAL
3,2,446,0,0.978,63.58,HIGH
1,0,479,1,0.0,90.36,LOW
4,0,427,0,0.0,77.91,LOW
13,0,159,0,0.0,81.69,LOW
6,3,223,1,0.634,53.24,HIGH
4,3,520,0,0.94,68.84,HIGH
5,2,74,1,0.433,91.84,MEDIUM
11,2,130,1,0.388,90.77,MEDIUM
9,5,671,0,0.64,46.85,CRITICAL
1,0,150,1,0.0,96.96,LOW
3,1,244,2,0.316,77.52,MEDIUM
1,0,126,0,0.168,98.19,LOW
13,4,38,3,0.355,57.27,CRITICAL
3,2,146,1,0.916,80.25,HIGH
11,0,672,2,0.0,82.07,MEDIUM
8,0,168,0,0.0,96.49,LOW
6,1,712,2,0.354,76.8,HIGH
15,3,303,3,0.117,63.57,HIGH
12,1,563,2,0.045,78.56,MEDIUM
3,2,404,0,0.904,66.22,HIGH
10,1,237,3,0.085,76.48,MEDIUM
14,8,13,1,0.509,50.92,CRITICAL
12,6,521,2,0.464,40.09,CRITICAL
4,3,106,2,1.0,75.22,CRITICAL
10,0,248,3,0.034,94.64,LOW
11,0,655,0,0.0,80.64,LOW
8,0,539,2,0.13,84.93,LOW
12,2,339,3,0.154,62.94,HIGH
3,2,108,2,1.0,74.79,HIGH
15,4,138,2,0.247,56.6,HIGH
13,7,290,0,0.471,51.25,CRITICAL
7,2,433,0,0.271,60.49,MEDIUM
8,7,671,2,1.0,32.69,CRITICAL
4,0,135,1,0.061,100.0,LOW
9,3,276,3,0.479,59.94,CRITICAL
14,1,575,2,0.224,64.0,MEDIUM
8,1,227,1,0.214,86.81,MEDIUM
2,1,567,3,1.0,68.0,CRITICAL
8,5,98,0,0.771,55.14,CRITICAL
13,8,441,1,0.649,27.67,CRITICAL
13,0,128,3,0.04,92.01,MEDIUM
12,8,296,3,0.95,36.85,CRITICAL
5,4,4,0,0.929,57.91,HIGH
4,3,79,1,0.851,77.96,HIGH
14,1,474,1,0.044,67.07,MEDIUM
3,2,416,2,0.984,58.75,CRITICAL
8,4,385,2,0.529,40.14,CRITICAL
5,4,312,0,1.0,51.75,CRITICAL
7,1,45,1,0.181,85.28,LOW
4,3,407,2,0.912,57.29,CRITICAL
4,3,586,3,0.89,55.26,CRITICAL
11,1,22,3,0.104,82.36,MEDIUM
8,0,490,2,0.0,84.71,LOW
11,7,640,1,0.75,33.75,CRITICAL
4,0,714,2,0.0,71.02,MEDIUM
10,6,449,0,0.545,28.78,CRITICAL
2,1,246,0,0.833,69.77,MEDIUM
2,1,259,3,1.0,80.07,HIGH
15,1,26,3,0.135,91.63,MEDIUM
10,2,503,1,0.239,51.98,MEDIUM
12,1,243,2,0.003,79.47,MEDIUM
5,2,290,1,0.444,63.27,MEDIUM
5,4,101,1,0.873,65.1,CRITICAL
12,5,558,1,0.427,39.01,CRITICAL
11,1,695,0,0.175,79.15,MEDIUM
8,4,330,1,0.633,43.23,CRITICAL
14,1,646,0,0.0,62.55,LOW
12,6,174,1,0.508,37.75,CRITICAL
1,0,691,1,0.02,83.73,LOW
7,6,508,0,0.94,25.74,CRITICAL
9,2,718,0,0.346,58.65,MEDIUM
2,1,463,0,0.94,73.43,MEDIUM
5,1,249,1,0.289,67.9,MEDIUM
15,8,419,1,0.483,29.46,CRITICAL
7,1,111,3,0.178,87.87,MEDIUM
12,2,87,2,0.133,80.0,MEDIUM
14,0,433,0,0.054,86.66,LOW
8,4,525,3,0.638,49.83,CRITICAL
12,5,491,1,0.465,39.89,CRITICAL
15,3,511,1,0.164,56.29,HIGH
15,1,705,3,0.0,77.23,MEDIUM
2,1,611,1,1.0,75.23,HIGH
11,6,165,1,0.352,46.58,CRITICAL
3,2,179,0,0.875,67.54,MEDIUM
10,2,310,3,0.184,64.63,HIGH
11,6,460,2,0.666,33.06,CRITICAL
9,5,157,1,0.472,56.93,CRITICAL
8,0,394,0,0.0,78.34,LOW
4,0,595,2,0.0,87.02,MEDIUM
7,6,188,2,0.8,44.02,CRITICAL
4,2,720,0,0.619,55.58,HIGH
6,5,428,0,1.0,38.98,CRITICAL
13,3,662,0,0.232,51.64,HIGH
1,0,707,0,0.0,91.04,LOW
3,2,461,0,0.918,65.11,MEDIUM
7,6,590,0,0.93,22.57,CRITICAL
2,0,39,1,0.0,86.96,LOW
4,3,531,2,1.0,57.55,CRITICAL
13,6,358,2,0.51,17.58,CRITICAL
14,1,78,0,0.076,87.14,LOW
5,4,202,2,1.0,62.51,CRITICAL
8,4,501,1,0.537,40.71,HIGH
3,2,697,2,0.952,62.52,CRITICAL
12,5,95,3,0.472,54.67,CRITICAL
8,0,284,1,0.0,94.21,LOW
7,0,150,0,0.104,88.17,LOW
13,1,460,1,0.171,70.51,MEDIUM
5,4,427,0,1.0,50.58,CRITICAL
1,0,584,3,0.0,73.68,MEDIUM
2,1,433,2,0.922,62.89,HIGH
2,0,29,0,0.031,96.46,LOW
2,1,55,2,0.945,87.67,HIGH
8,5,330,0,0.76,52.76,CRITICAL
12,5,254,1,0.437,40.21,CRITICAL
5,1,268,3,0.351,77.89,HIGH
5,4,36,2,0.991,67.07,CRITICAL
4,3,711,2,1.0,49.72,CRITICAL
1,0,43,1,0.0,90.17,LOW
3,2,588,1,1.0,55.02,HIGH
2,1,599,3,0.901,70.88,CRITICAL
4,2,464,1,0.71,69.95,HIGH
2,1,70,3,0.939,88.47,HIGH
12,5,162,2,0.432,48.9,CRITICAL
7,1,2,2,0.182,86.44,MEDIUM
2,1,58,1,1.0,89.7,MEDIUM
5,0,322,3,0.0,80.15,MEDIUM
14,8,662,1,0.605,37.13,CRITICAL
2,1,442,2,1.0,77.99,HIGH
4,3,358,1,1.0,59.74,CRITICAL
5,4,338,1,0.987,44.22,CRITICAL
14,6,256,1,0.482,32.89,CRITICAL
12,3,579,3,0.432,51.15,CRITICAL
2,1,660,2,1.0,63.22,HIGH
10,8,441,1,0.98,26.1,CRITICAL
4,3,669,1,0.985,63.12,CRITICAL
2,1,497,1,1.0,71.49,HIGH
9,3,460,3,0.244,59.71,CRITICAL
15,7,151,0,0.48,46.94,CRITICAL
3,2,1,3,1.0,75.1,CRITICAL
7,6,448,2,1.0,41.34,CRITICAL
5,4,452,3,0.944,49.07,CRITICAL
14,0,656,3,0.0,81.95,MEDIUM
5,4,515,2,1.0,37.37,CRITICAL
10,1,728,2,0.091,67.5,HIGH
1,0,698,1,0.149,87.1,MEDIUM
5,4,607,2,1.0,42.03,CRITICAL
13,1,289,1,0.0,74.47,MEDIUM
1,0,375,3,0.038,83.25,MEDIUM
1,0,378,2,0.0,78.37,MEDIUM
3,2,554,0,1.0,65.6,MEDIUM
2,1,621,0,1.0,73.66,HIGH
14,0,601,2,0.124,71.25,MEDIUM
12,2,3,3,0.172,79.41,HIGH
9,8,32,3,0.825,49.93,CRITICAL
15,8,705,1,0.526,35.71,CRITICAL
2,1,645,0,0.996,65.77,HIGH
11,3,356,2,0.413,44.66,HIGH
7,6,290,3,0.998,38.82,CRITICAL
9,2,268,1,0.303,72.78,HIGH
14,0,162,1,0.086,89.39,LOW
9,6,644,2,0.778,38.4,CRITICAL
4,3,616,2,1.0,55.82,CRITICAL
10,3,209,1,0.31,71.74,HIGH
13,6,566,3,0.308,39.37,CRITICAL
7,5,520,0,0.997,46.11,CRITICAL
2,1,584,0,0.878,71.42,MEDIUM
9,5,693,0,0.696,31.57,CRITICAL
4,3,308,0,1.0,55.95,HIGH
4,3,382,2,1.0,60.87,CRITICAL
13,6,444,0,0.545,31.0,CRITICAL
10,8,456,2,0.785,33.07,CRITICAL
13,2,152,0,0.24,64.33,MEDIUM
11,0,28,3,0.075,98.71,LOW
14,3,346,0,0.276,67.51,HIGH
7,6,487,0,1.0,32.51,CRITICAL
1,0,171,3,0.0,88.95,LOW
7,3,682,1,0.42,58.34,HIGH
14,7,53,3,0.37,35.34,CRITICAL
10,8,66,2,0.732,43.42,CRITICAL
8,2,309,0,0.186,56.55,MEDIUM
4,3,518,2,1.0,44.47,CRITICAL
6,1,329,2,0.243,81.98,MEDIUM
9,3,631,3,0.27,51.56,CRITICAL
10,4,371,2,0.466,48.52,CRITICAL
5,2,627,0,0.539,68.83,HIGH
14,5,217,1,0.559,44.53,CRITICAL
11,5,546,1,0.519,38.4,CRITICAL
14,1,23,2,0.203,90.31,MEDIUM
15,7,327,1,0.534,28.22,CRITICAL
13,5,295,3,0.436,34.16,CRITICAL
12,3,548,2,0.297,65.36,HIGH
5,3,701,3,0.734,60.73,CRITICAL
4,3,636,1,1.0,62.08,CRITICAL
6,4,572,3,0.708,53.21,CRITICAL
10,3,240,3,0.271,60.17,CRITICAL
5,4,217,2,0.98,53.1,CRITICAL
4,3,155,0,1.0,67.65,HIGH
4,3,46,2,0.988,81.81,CRITICAL
1,0,638,0,0.0,82.16,LOW
14,7,522,3,0.516,33.68,CRITICAL
7,4,672,0,0.691,47.71,CRITICAL
14,1,249,1,0.04,72.63,LOW
2,1,29,3,0.933,84.08,HIGH
8,5,135,1,0.655,51.07,CRITICAL
11,3,577,0,0.313,53.21,HIGH
3,2,76,1,1.0,79.92,HIGH
6,3,683,0,0.688,51.54,HIGH
5,0,682,2,0.0,77.37,LOW
8,3,404,2,0.454,55.93,CRITICAL
5,4,661,2,1.0,44.37,CRITICAL
1,0,631,2,0.069,74.45,MEDIUM
9,2,577,1,0.198,48.0,HIGH
6,3,706,2,0.461,59.5,CRITICAL
2,1,720,2,1.0,78.79,CRITICAL
8,3,35,3,0.265,81.51,HIGH
11,5,687,0,0.577,51.44,CRITICAL
11,3,207,3,0.158,52.2,HIGH
9,5,122,1,0.662,59.95,CRITICAL
15,8,240,2,0.631,46.48,CRITICAL
11,7,422,0,0.678,33.43,CRITICAL
13,8,314,2,0.718,34.07,CRITICAL
9,0,424,0,0.044,75.69,LOW
8,2,542,0,0.218,75.36,MEDIUM
3,2,715,2,0.97,49.34,CRITICAL
5,4,291,1,0.927,61.61,CRITICAL
4,1,453,1,0.358,80.66,MEDIUM
1,0,125,0,0.018,96.24,LOW
14,1,329,3,0.178,70.31,HIGH
15,2,223,3,0.244,74.95,HIGH
3,2,718,2,0.996,63.39,CRITICAL
15,3,192,3,0.304,59.63,CRITICAL
13,0,630,3,0.057,89.07,MEDIUM
4,3,556,0,1.0,50.27,HIGH
6,5,485,3,0.953,34.13,CRITICAL
15,4,597,0,0.192,47.92,HIGH
2,1,387,1,1.0,65.09,HIGH
9,7,214,2,0.793,38.25,CRITICAL
3,2,563,2,0.885,62.97,CRITICAL
10,7,114,0,0.78,46.65,CRITICAL
6,4,597,2,0.706,34.26,CRITICAL
2,0,251,3,0.0,88.18,MEDIUM
11,1,318,2,0.274,83.49,MEDIUM
2,1,229,3,1.0,76.0,HIGH
10,5,521,1,0.529,38.19,CRITICAL
4,3,274,1,1.0,65.79,CRITICAL
4,3,163,3,0.954,73.71,CRITICAL
3,2,20,3,0.969,81.9,HIGH
9,7,10,2,0.911,52.96,CRITICAL
7,2,333,1,0.204,65.28,MEDIUM
3,0,327,2,0.266,83.99,MEDIUM
14,1,150,0,0.097,77.79,LOW
13,7,699,2,0.596,26.48,CRITICAL
15,2,317,3,0.229,63.76,HIGH
4,3,472,0,1.0,65.46,HIGH
7,3,423,1,0.521,50.63,HIGH
4,3,96,3,1.0,75.48,CRITICAL
1,0,428,2,0.0,79.69,MEDIUM
3,1,96,0,0.574,89.15,MEDIUM
15,0,384,0,0.003,80.13,LOW
14,8,436,2,0.48,22.61,CRITICAL
14,1,193,1,0.0,82.27,LOW
8,0,295,2,0.167,76.92,MEDIUM
1,0,369,3,0.0,82.25,LOW
14,2,302,0,0.188,74.19,MEDIUM
6,5,107,2,0.899,64.37,CRITICAL
7,5,287,0,0.794,45.45,CRITICAL
5,2,422,2,0.454,75.8,HIGH
8,5,548,0,0.737,39.97,CRITICAL
14,3,620,1,0.218,55.23,HIGH
13,8,420,3,0.532,26.93,CRITICAL
3,2,534,0,0.907,49.47,HIGH
8,0,661,1,0.0,85.87,LOW
12,5,521,0,0.323,33.5,CRITICAL
9,8,89,3,0.887,48.65,CRITICAL
4,3,99,2,1.0,60.16,HIGH
3,2,455,2,1.0,69.7,CRITICAL
8,6,323,2,0.67,36.59,CRITICAL
8,6,474,0,0.993,29.07,CRITICAL
7,4,133,2,0.788,52.21,CRITICAL
11,2,248,3,0.148,73.26,HIGH
2,1,25,0,0.854,92.41,LOW
13,7,447,1,0.552,33.31,CRITICAL
3,2,622,3,1.0,71.63,CRITICAL
3,1,161,0,0.54,83.63,MEDIUM
1,0,191,2,0.136,93.3,LOW
10,5,62,0,0.564,52.84,HIGH
7,1,642,3,0.169,76.46,HIGH
6,5,208,1,1.0,49.89,CRITICAL
10,1,47,0,0.005,89.14,LOW
3,1,729,0,0.464,73.68,MEDIUM
2,1,121,0,1.0,87.97,MEDIUM
15,4,648,1,0.3,39.97,CRITICAL
7,6,352,3,1.0,36.08,CRITICAL
9,0,10,2,0.0,100.0,LOW
13,1,471,3,0.0,75.46,MEDIUM
9,4,675,2,0.51,42.59,CRITICAL
15,5,151,0,0.3,50.46,CRITICAL
7,6,150,3,0.937,58.07,CRITICAL
15,7,715,0,0.478,38.04,CRITICAL
13,2,218,1,0.051,64.85,MEDIUM
14,7,345,3,0.536,42.7,CRITICAL
4,3,174,2,1.0,75.34,HIGH
12,8,716,2,0.709,40.04,CRITICAL
15,7,262,3,0.507,41.61,CRITICAL
8,7,141,0,1.0,37.85,CRITICAL
14,6,472,3,0.515,35.16,CRITICAL
12,4,424,3,0.532,47.14,CRITICAL
4,2,341,2,0.627,64.96,HIGH
8,2,61,1,0.273,70.62,MEDIUM
10,3,398,1,0.4,57.58,HIGH
12,1,12,0,0.094,100.0,LOW
3,2,180,3,0.949,72.74,CRITICAL
9,1,498,0,0.21,64.01,MEDIUM
10,0,693,0,0.07,76.14,LOW
7,0,637,1,0.0,75.84,LOW
6,3,164,0,0.803,69.39,HIGH
5,4,421,3,0.987,49.61,CRITICAL
3,0,263,3,0.0,87.24,MEDIUM
2,1,212,2,1.0,82.22,HIGH
15,1,244,1,0.0,83.17,LOW
14,6,500,0,0.371,25.41,CRITICAL
4,3,368,2,1.0,55.25,CRITICAL
11,3,158,1,0.375,63.3,HIGH
9,1,354,3,0.127,70.14,MEDIUM
10,5,693,2,0.602,36.42,CRITICAL
8,5,416,2,0.737,40.33,CRITICAL
8,5,379,0,0.702,42.97,CRITICAL
9,1,498,1,0.148,71.47,MEDIUM
6,2,649,3,0.354,65.27,HIGH
11,1,10,1,0.17,97.09,LOW
3,1,234,0,0.501,76.11,MEDIUM
12,4,240,2,0.282,49.79,CRITICAL
8,7,79,1,0.883,61.69,CRITICAL
11,2,305,0,0.177,67.83,MEDIUM
2,1,426,3,1.0,76.36,HIGH
4,1,133,3,0.295,81.4,MEDIUM
6,3,425,2,0.421,55.59,HIGH
6,2,382,1,0.437,63.79,MEDIUM
11,5,25,3,0.546,58.85,CRITICAL
7,6,295,3,1.0,38.77,CRITICAL
11,3,335,1,0.429,56.17,HIGH
4,3,423,1,1.0,55.52,CRITICAL
4,3,255,0,0.958,55.26,HIGH
1,0,17,3,0.0,99.21,LOW
14,4,295,0,0.31,52.17,HIGH
13,5,330,0,0.28,35.49,HIGH
13,4,681,3,0.39,55.42,CRITICAL
15,0,403,1,0.0,69.88,LOW
13,2,598,2,0.183,55.92,HIGH
9,1,635,2,0.086,68.5,MEDIUM
14,4,680,0,0.4,44.99,HIGH
15,5,565,2,0.34,47.19,CRITICAL
12,7,79,2,0.653,38.92,CRITICAL
15,7,395,3,0.575,21.18,CRITICAL
15,1,612,3,0.086,80.07,HIGH
11,2,684,3,0.255,58.34,HIGH
11,5,220,2,0.548,53.38,CRITICAL
5,4,391,2,1.0,53.27,CRITICAL
14,3,661,2,0.23,63.4,HIGH
10,6,493,2,0.781,40.6,CRITICAL
13,7,572,0,0.689,33.33,CRITICAL
12,7,192,0,0.541,40.47,CRITICAL
10,4,290,1,0.418,54.44,CRITICAL
12,2,464,2,0.045,61.82,HIGH
4,3,513,2,1.0,58.77,CRITICAL
6,5,220,2,1.0,65.11,CRITICAL
5,4,127,3,0.897,64.42,CRITICAL
4,0,539,0,0.0,84.29,LOW
12,6,190,0,0.587,43.78,CRITICAL
8,7,444,0,0.994,36.31,CRITICAL
4,3,698,3,1.0,58.24,CRITICAL
11,6,568,0,0.484,33.09,CRITICAL
4,0,229,1,0.001,87.68,LOW
6,2,540,1,0.392,60.34,HIGH
6,4,316,2,0.81,46.81,CRITICAL
11,3,634,3,0.311,57.17,HIGH
2,1,700,3,0.978,70.43,CRITICAL
7,4,219,2,0.693,48.91,CRITICAL
15,6,56,3,0.486,48.92,CRITICAL
6,2,629,0,0.426,61.81,HIGH
2,1,683,3,1.0,75.55,CRITICAL
2,0,221,2,0.1,79.84,MEDIUM
9,6,308,0,0.641,33.84,CRITICAL
11,6,162,1,0.629,40.95,CRITICAL
3,0,112,0,0.016,100.0,LOW
15,8,305,1,0.472,34.9,CRITICAL
12,0,570,3,0.047,86.35,MEDIUM
9,2,533,0,0.187,56.87,MEDIUM
4,3,159,1,0.98,69.11,HIGH
15,0,244,3,0.069,95.74,MEDIUM
3,2,659,0,0.956,65.82,HIGH
7,2,49,3,0.307,86.22,HIGH
11,7,145,1,0.531,40.7,CRITICAL
9,3,712,2,0.324,51.49,HIGH
3,2,131,1,1.0,77.32,HIGH
10,6,574,3,0.722,37.45,CRITICAL
13,4,354,1,0.266,50.72,HIGH
1,0,568,1,0.078,70.66,LOW
2,1,496,0,0.889,72.91,MEDIUM
6,1,596,1,0.216,74.64,MEDIUM
4,1,320,3,0.314,80.51,MEDIUM
3,2,339,2,0.982,54.16,CRITICAL
15,0,617,0,0.12,74.22,LOW
13,7,78,1,0.666,56.46,CRITICAL
9,4,109,2,0.442,62.22,HIGH
1,0,135,3,0.112,100.0,MEDIUM
8,2,365,3,0.52,74.08,CRITICAL
12,5,567,0,0.49,47.54,CRITICAL
3,2,432,3,0.98,69.95,CRITICAL
9,6,26,0,0.729,51.96,CRITICAL
8,4,727,2,0.63,54.34,CRITICAL
6,5,506,2,0.989,35.54,CRITICAL
13,6,600,2,0.502,23.77,CRITICAL
3,2,252,2,1.0,73.43,HIGH
15,2,590,0,0.159,64.48,MEDIUM
2,1,312,3,0.983,60.8,HIGH
7,6,107,3,0.924,47.64,CRITICAL
9,5,119,1,0.618,59.42,CRITICAL
13,5,19,3,0.3,64.48,CRITICAL
7,6,695,1,0.991,20.6,CRITICAL
1,0,184,1,0.0,91.31,LOW
2,1,460,1,0.989,66.54,HIGH
8,7,130,3,0.9,46.89,CRITICAL
2,1,645,3,1.0,63.3,HIGH
5,3,712,1,0.74,57.63,CRITICAL
14,5,728,2,0.415,41.45,CRITICAL
12,8,325,1,0.711,39.66,CRITICAL
12,7,111,2,0.562,51.3,CRITICAL
15,8,81,1,0.45,53.45,CRITICAL
14,1,487,3,0.001,73.29,MEDIUM
2,1,464,2,1.0,64.45,HIGH
12,5,224,0,0.429,52.66,HIGH
5,4,552,0,0.932,29.45,CRITICAL
2,1,228,3,0.942,82.4,HIGH
2,1,492,1,1.0,81.39,HIGH
9,7,299,0,0.757,33.11,CRITICAL
8,3,498,3,0.339,64.91,CRITICAL
12,8,220,2,0.598,36.98,CRITICAL
6,5,126,3,0.946,66.16,CRITICAL
9,2,231,3,0.218,71.85,HIGH
11,3,191,0,0.306,56.68,MEDIUM
6,2,710,1,0.367,64.44,HIGH
12,6,522,1,0.451,27.8,CRITICAL
11,3,709,1,0.315,54.76,HIGH
15,2,697,2,0.132,66.43,HIGH
7,4,299,3,0.598,52.93,CRITICAL
15,3,180,1,0.291,68.28,MEDIUM
9,3,581,2,0.497,64.35,CRITICAL
15,0,262,1,0.013,96.21,LOW
10,4,587,1,0.444,52.07,CRITICAL
5,4,288,1,1.0,50.33,CRITICAL
7,6,370,2,1.0,33.56,CRITICAL
12,3,639,1,0.17,55.72,HIGH
11,4,74,0,0.477,70.54,HIGH
4,1,106,0,0.425,96.38,LOW
1,0,691,1,0.193,82.34,LOW
11,3,693,0,0.323,67.41,HIGH
4,3,392,1,0.911,51.72,CRITICAL
14,5,276,3,0.373,47.69,CRITICAL
2,1,719,2,0.912,70.72,HIGH
13,7,710,3,0.669,33.77,CRITICAL
8,0,382,2,0.0,84.72,MEDIUM
11,4,229,2,0.471,54.28,CRITICAL
6,4,479,2,0.779,47.18,CRITICAL
5,2,582,2,0.422,73.71,HIGH
11,7,335,2,0.697,21.58,CRITICAL
1,0,76,1,0.0,88.56,LOW
14,4,477,2,0.273,48.6,HIGH
10,6,13,0,0.589,51.06,CRITICAL
14,5,527,2,0.346,32.09,CRITICAL
6,2,94,0,0.304,77.1,MEDIUM
8,3,488,1,0.442,55.82,HIGH
15,6,490,0,0.395,30.75,CRITICAL
3,1,638,0,0.48,71.27,MEDIUM
15,3,439,2,0.129,55.9,HIGH
3,2,328,2,1.0,71.73,HIGH
10,4,41,1,0.401,67.66,HIGH
11,3,631,0,0.299,63.96,HIGH
14,2,425,3,0.241,61.13,HIGH
5,4,250,2,1.0,45.54,CRITICAL
2,1,317,1,1.0,75.01,MEDIUM
15,1,320,3,0.199,77.42,HIGH
13,6,604,2,0.583,26.57,CRITICAL
14,0,698,0,0.0,86.57,LOW
5,4,297,0,0.899,41.55,CRITICAL
4,3,628,1,1.0,55.8,CRITICAL
13,4,185,1,0.308,59.65,HIGH
1,0,693,1,0.073,83.74,LOW
7,4,416,0,0.743,46.27,HIGH
9,1,721,2,0.0,70.9,MEDIUM
12,2,186,1,0.233,71.34,MEDIUM
8,6,718,2,0.853,36.62,CRITICAL
14,4,372,1,0.482,50.47,CRITICAL
4,3,526,1,1.0,50.1,CRITICAL
6,5,93,0,0.985,61.7,CRITICAL
5,1,10,0,0.134,89.61,LOW
5,4,71,3,0.924,90.02,CRITICAL
14,0,68,2,0.0,95.05,LOW
15,5,693,0,0.316,39.31,CRITICAL
9,8,459,2,0.946,26.33,CRITICAL
10,7,562,0,0.792,27.31,CRITICAL
10,0,629,0,0.102,67.67,LOW
2,1,462,1,0.904,66.8,MEDIUM
1,0,473,0,0.0,71.18,LOW
13,8,310,0,0.804,37.95,CRITICAL
4,3,301,1,0.931,63.78,HIGH
5,4,180,2,1.0,60.95,CRITICAL
7,6,442,2,0.983,39.45,CRITICAL
7,0,639,3,0.037,82.06,MEDIUM
15,5,384,0,0.567,42.67,HIGH
7,1,247,2,0.216,72.74,MEDIUM
14,4,67,3,0.205,62.71,CRITICAL
3,2,424,2,1.0,63.24,HIGH
10,7,218,2,0.85,43.71,CRITICAL
7,6,590,0,0.83,28.46,CRITICAL
13,5,282,0,0.564,41.72,CRITICAL
14,8,305,0,0.591,42.5,CRITICAL
11,8,6,2,0.799,63.15,CRITICAL
15,7,34,3,0.672,59.94,CRITICAL
10,3,597,2,0.329,48.57,CRITICAL
1,0,194,1,0.031,85.66,LOW
3,2,59,2,0.893,80.16,HIGH
12,1,254,1,0.051,73.57,LOW
6,4,582,0,0.763,42.3,CRITICAL
6,5,322,3,0.986,44.01,CRITICAL
3,2,727,2,0.936,68.83,CRITICAL
10,3,443,0,0.329,47.98,HIGH
12,3,591,3,0.167,64.5,CRITICAL
13,5,18,1,0.509,59.12,CRITICAL
2,1,56,0,1.0,87.36,MEDIUM
10,3,239,2,0.554,62.42,HIGH
2,1,549,0,0.915,70.87,MEDIUM
2,1,142,1,0.966,78.41,MEDIUM
9,3,32,0,0.259,70.01,MEDIUM
6,5,276,3,0.974,46.18,CRITICAL
1,0,687,1,0.022,73.68,MEDIUM
14,0,489,3,0.087,86.49,MEDIUM
5,4,331,3,0.944,46.58,CRITICAL
2,1,626,1,0.945,72.63,HIGH
4,1,70,2,0.423,91.57,MEDIUM
4,3,552,3,1.0,52.27,CRITICAL
14,3,4,2,0.324,83.4,HIGH
6,5,70,3,1.0,65.06,CRITICAL
11,5,613,3,0.558,30.44,CRITICAL
2,1,41,0,1.0,94.03,MEDIUM
7,6,608,2,0.862,15.41,CRITICAL
3,2,574,3,1.0,55.82,CRITICAL
12,8,303,3,0.664,35.8,CRITICAL
15,4,156,0,0.343,68.42,HIGH
7,6,575,3,0.877,32.11,CRITICAL
11,7,177,3,0.737,35.22,CRITICAL
14,2,684,1,0.207,70.33,HIGH
3,2,526,0,1.0,64.7,HIGH
12,6,31,2,0.567,38.2,CRITICAL
3,2,647,0,0.918,59.07,HIGH
4,3,297,3,1.0,64.34,CRITICAL
1,0,217,2,0.0,86.6,LOW
3,2,622,3,0.952,60.58,CRITICAL
7,4,353,0,0.765,48.33,CRITICAL
4,3,112,3,0.952,61.11,CRITICAL
11,0,340,0,0.0,85.78,LOW
11,3,418,0,0.376,55.47,MEDIUM
4,2,701,0,0.776,64.36,HIGH
10,6,417,0,0.777,36.75,CRITICAL
4,0,198,0,0.0,89.0,LOW
3,2,617,0,1.0,60.07,HIGH
5,4,673,0,0.95,53.67,CRITICAL
14,0,672,0,0.0,80.55,LOW
7,3,383,2,0.466,50.22,HIGH
11,0,95,1,0.0,88.12,LOW
1,0,479,1,0.076,79.86,LOW
6,4,617,2,0.766,36.14,CRITICAL
10,6,453,3,0.665,33.24,CRITICAL
3,1,192,2,0.448,91.51,MEDIUM
7,6,691,1,0.938,36.8,CRITICAL
12,1,579,2,0.304,68.93,HIGH
10,5,578,1,0.604,38.61,CRITICAL
2,1,384,2,0.975,66.4,HIGH
10,8,340,1,0.743,42.25,CRITICAL
7,1,113,2,0.006,89.14,MEDIUM
2,1,67,0,1.0,84.54,MEDIUM
3,2,213,1,1.0,69.08,HIGH
4,3,672,2,1.0,46.15,CRITICAL
9,4,491,3,0.522,45.71,CRITICAL
12,5,461,3,0.473,50.08,CRITICAL
12,2,1,1,0.153,85.94,LOW
3,2,451,0,0.972,70.11,HIGH
14,3,645,0,0.207,58.87,HIGH
14,0,545,3,0.0,68.73,MEDIUM
13,8,245,3,0.629,29.69,CRITICAL
2,1,618,2,0.977,80.95,HIGH
2,1,161,1,0.897,79.96,MEDIUM
10,5,532,3,0.599,43.11,CRITICAL
1,0,157,0,0.011,78.94,LOW
9,1,72,1,0.072,78.0,LOW
5,4,127,0,1.0,59.81,CRITICAL
11,5,611,0,0.504,40.35,CRITICAL
12,3,515,2,0.39,54.68,CRITICAL
11,0,481,0,0.125,90.49,LOW
12,7,276,2,0.775,36.45,CRITICAL
10,4,228,0,0.44,53.73,HIGH
7,6,75,1,0.933,40.21,CRITICAL
11,8,199,1,0.863,36.13,CRITICAL
5,3,670,3,0.642,48.47,CRITICAL
15,2,723,1,0.214,66.29,MEDIUM
15,6,241,3,0.388,29.3,CRITICAL
15,8,249,3,0.494,34.09,CRITICAL
13,2,494,2,0.165,65.85,HIGH
8,7,188,0,0.954,47.04,CRITICAL
4,3,184,2,0.919,72.94,CRITICAL
14,0,629,3,0.093,85.33,MEDIUM
11,2,96,1,0.185,72.72,MEDIUM
14,3,184,2,0.284,65.49,HIGH
5,4,278,1,1.0,47.21,CRITICAL
13,4,325,0,0.399,60.32,HIGH
3,2,656,3,1.0,72.12,CRITICAL
15,0,517,2,0.0,80.16,LOW
12,8,518,2,0.758,32.11,CRITICAL
15,0,318,0,0.0,96.05,LOW
9,7,686,0,0.893,30.03,CRITICAL
2,1,273,2,0.913,76.33,HIGH
1,0,343,3,0.027,73.15,MEDIUM
12,5,128,1,0.577,56.31,CRITICAL
11,5,648,2,0.519,34.43,CRITICAL
4,2,385,3,0.468,70.8,CRITICAL
7,6,490,0,1.0,29.92,CRITICAL
15,0,713,3,0.0,82.98,MEDIUM
6,5,123,2,0.943,53.13,CRITICAL
6,4,708,1,0.878,53.0,CRITICAL
3,2,386,2,0.922,78.34,CRITICAL
5,0,223,3,0.0,87.11,MEDIUM
8,0,155,2,0.0,91.86,LOW
15,4,635,0,0.258,35.06,HIGH
2,0,624,0,0.0,84.9,LOW
15,0,662,0,0.052,81.0,LOW
8,4,310,1,0.498,52.56,CRITICAL
7,2,159,0,0.32,71.15,MEDIUM
12,1,343,3,0.0,75.68,MEDIUM
15,2,498,1,0.178,65.37,MEDIUM
4,0,229,0,0.108,95.91,LOW
8,7,593,2,1.0,30.16,CRITICAL
12,4,252,2,0.284,52.58,CRITICAL
3,2,76,3,1.0,82.79,CRITICAL
10,3,33,2,0.33,66.12,HIGH
4,3,50,1,0.978,73.5,HIGH
1,0,428,2,0.035,76.91,MEDIUM
2,1,465,0,1.0,56.17,HIGH
5,1,715,0,0.458,67.98,MEDIUM
7,6,10,3,0.97,46.55,CRITICAL
6,5,259,1,0.84,49.19,CRITICAL
7,6,112,3,0.867,41.32,CRITICAL
9,2,454,3,0.233,66.59,HIGH
1,0,621,3,0.014,87.83,MEDIUM
9,0,5,2,0.0,90.89,LOW
2,1,538,0,0.909,81.51,MEDIUM
5,4,691,0,0.889,48.18,CRITICAL
10,8,618,0,0.983,25.44,CRITICAL
12,8,148,3,0.683,37.48,CRITICAL
7,2,320,2,0.295,62.14,MEDIUM
4,3,321,3,1.0,64.35,CRITICAL
6,5,616,1,0.999,33.31,CRITICAL
12,7,279,0,0.731,37.84,CRITICAL
3,2,306,2,1.0,71.92,HIGH
13,4,649,3,0.251,44.92,CRITICAL
8,0,8,1,0.0,94.6,LOW
14,1,409,3,0.118,83.34,MEDIUM
15,0,329,0,0.0,76.56,LOW
8,7,200,1,1.0,48.7,CRITICAL
4,0,593,2,0.036,81.93,LOW
14,4,469,3,0.358,45.87,CRITICAL
4,3,30,3,0.977,74.23,CRITICAL
12,7,694,1,0.681,30.21,CRITICAL
8,7,639,3,0.877,16.64,CRITICAL
9,3,563,3,0.418,50.55,CRITICAL
5,4,679,2,0.992,49.75,CRITICAL
14,2,406,0,0.115,59.72,MEDIUM
14,0,373,0,0.0,70.29,LOW
2,1,98,0,0.917,96.65,MEDIUM
10,3,357,3,0.321,62.33,CRITICAL
3,2,46,0,1.0,93.94,HIGH
12,8,250,3,0.705,36.04,CRITICAL
4,3,403,1,0.971,61.92,CRITICAL
13,7,667,2,0.625,31.24,CRITICAL
13,5,386,1,0.403,37.5,CRITICAL
6,1,258,1,0.11,87.37,MEDIUM
9,3,568,1,0.224,62.23,HIGH
8,1,388,0,0.096,70.45,MEDIUM
12,7,225,2,0.679,27.28,CRITICAL
11,5,635,3,0.496,31.99,CRITICAL
6,3,557,3,0.418,58.48,CRITICAL
2,1,125,2,0.966,75.41,MEDIUM
4,3,628,2,0.978,56.9,CRITICAL
1,0,556,2,0.0,92.28,LOW
13,5,649,2,0.507,28.81,CRITICAL
3,2,658,2,0.991,65.88,CRITICAL
10,1,427,1,0.025,73.01,MEDIUM
10,4,656,2,0.538,44.75,CRITICAL
11,4,352,0,0.381,43.75,CRITICAL
8,0,472,3,0.0,82.58,MEDIUM
9,6,711,2,0.732,21.46,CRITICAL
4,3,290,1,1.0,57.32,CRITICAL
6,5,163,0,0.964,61.65,CRITICAL
11,4,52,0,0.365,60.77,HIGH
8,5,242,1,0.695,45.67,CRITICAL
13,2,449,0,0.168,74.99,MEDIUM
9,0,58,2,0.07,100.0,LOW
10,3,53,0,0.376,75.34,MEDIUM
1,0,178,2,0.048,92.63,LOW
8,7,153,3,0.901,40.6,CRITICAL
9,4,531,2,0.389,39.23,CRITICAL
13,7,373,3,0.726,31.37,CRITICAL
2,1,474,3,1.0,82.83,CRITICAL
4,3,622,3,1.0,49.76,CRITICAL
12,8,72,2,0.654,45.71,CRITICAL
9,5,444,1,0.533,31.72,CRITICAL
5,3,102,0,0.885,60.71,HIGH
8,3,468,1,0.397,58.43,HIGH
15,7,646,1,0.505,30.67,CRITICAL
5,4,39,0,0.955,61.05,CRITICAL
1,0,725,3,0.039,80.29,MEDIUM
8,2,524,3,0.328,79.11,HIGH
7,6,406,2,1.0,37.63,CRITICAL
11,8,652,2,0.809,21.29,CRITICAL
10,3,510,0,0.316,51.16,HIGH
11,4,555,1,0.455,46.41,CRITICAL
9,0,565,1,0.155,77.23,LOW
9,4,76,3,0.508,60.77,CRITICAL
8,3,280,2,0.406,64.72,HIGH
15,3,368,3,0.2,49.76,HIGH
5,4,476,2,1.0,40.1,CRITICAL
5,2,379,1,0.454,65.46,HIGH
5,1,219,0,0.16,88.36,LOW
6,5,314,1,0.965,42.88,CRITICAL
3,2,585,2,0.894,65.06,CRITICAL
10,7,461,3,0.761,30.91,CRITICAL
13,6,494,0,0.418,21.61,CRITICAL
12,5,332,0,0.44,44.06,CRITICAL
1,0,29,3,0.008,92.23,MEDIUM
9,5,409,3,0.599,36.28,CRITICAL
14,3,524,0,0.14,57.86,HIGH
9,6,484,1,0.558,36.74,CRITICAL
9,2,163,3,0.187,78.09,HIGH
2,1,363,1,1.0,69.71,HIGH
6,5,78,2,1.0,61.58,CRITICAL
2,1,699,0,0.957,62.48,MEDIUM
13,4,577,1,0.325,47.78,HIGH
6,5,342,1,0.901,40.02,CRITICAL
5,4,627,3,0.883,43.68,CRITICAL
4,3,258,2,1.0,67.58,CRITICAL
15,4,313,2,0.315,54.06,CRITICAL
8,7,19,3,1.0,36.81,CRITICAL
6,1,318,3,0.231,76.91,HIGH
10,4,541,3,0.363,42.03,CRITICAL
8,5,280,3,0.819,36.46,CRITICAL
8,7,151,3,0.926,39.39,CRITICAL
12,1,665,3,0.072,64.12,HIGH
8,2,138,2,0.3,72.15,MEDIUM
1,0,189,3,0.0,95.87,MEDIUM
6,2,465,0,0.374,68.01,MEDIUM
8,6,106,2,0.903,42.38,CRITICAL
3,2,76,3,1.0,75.46,CRITICAL
10,0,203,3,0.0,91.1,MEDIUM
3,2,54,3,1.0,79.04,CRITICAL
4,3,39,1,0.966,76.32,HIGH
5,1,712,1,0.267,73.65,MEDIUM
15,0,559,0,0.1,80.11,LOW
13,7,11,0,0.467,54.84,CRITICAL
9,1,70,3,0.123,84.52,MEDIUM
6,5,36,1,1.0,50.03,CRITICAL
14,7,536,1,0.426,30.32,CRITICAL
7,1,635,3,0.304,84.72,HIGH
15,0,571,0,0.0,80.08,LOW
15,7,561,1,0.66,30.04,CRITICAL
13,3,3,3,0.356,81.65,HIGH
14,5,276,2,0.3,49.49,CRITICAL
10,0,445,0,0.072,75.69,LOW
10,0,111,3,0.0,90.72,LOW
8,2,499,2,0.264,69.07,HIGH
8,7,239,1,1.0,36.96,CRITICAL
13,1,682,2,0.116,79.98,MEDIUM
13,0,86,2,0.0,100.0,LOW
10,7,635,0,0.744,40.28,CRITICAL
10,0,325,0,0.011,72.4,LOW
13,6,370,3,0.457,33.51,CRITICAL
7,6,609,0,0.983,34.82,CRITICAL
3,2,514,3,0.895,70.96,CRITICAL
2,1,487,3,1.0,62.0,CRITICAL
7,0,558,2,0.0,81.58,MEDIUM
8,4,356,3,0.579,54.34,CRITICAL
3,2,647,1,1.0,66.35,HIGH
3,2,196,0,0.94,64.47,MEDIUM
5,2,96,0,0.59,74.63,MEDIUM
2,1,466,1,1.0,75.28,HIGH
14,3,105,2,0.115,69.45,HIGH
14,4,387,1,0.164,48.1,HIGH
7,6,360,2,0.948,18.97,CRITICAL
4,3,423,2,0.944,50.96,CRITICAL
12,0,400,1,0.052,88.33,LOW
10,2,143,1,0.331,75.03,MEDIUM
12,0,83,2,0.023,96.16,LOW
11,2,192,0,0.301,68.82,MEDIUM
1,0,183,2,0.062,81.37,MEDIUM
8,2,536,1,0.411,70.32,HIGH
5,4,613,1,1.0,49.15,CRITICAL
4,3,16,3,0.999,73.02,CRITICAL
2,1,645,2,0.947,68.8,HIGH
2,1,29,0,1.0,94.18,MEDIUM
11,7,625,1,0.786,33.07,CRITICAL
11,6,355,3,0.674,39.26,CRITICAL
9,1,455,3,0.071,72.83,MEDIUM
8,4,328,0,0.552,51.71,HIGH
15,5,464,0,0.326,46.11,CRITICAL
5,4,179,0,1.0,58.51,HIGH
13,0,259,0,0.156,85.21,LOW
12,6,561,1,0.527,29.84,CRITICAL
10,8,228,1,0.895,41.34,CRITICAL
2,1,645,0,1.0,66.59,MEDIUM
15,0,682,3,0.111,79.59,MEDIUM
10,4,722,3,0.452,51.36,CRITICAL
15,7,722,3,0.49,30.21,CRITICAL
15,4,312,1,0.326,47.02,CRITICAL
9,7,113,1,0.778,37.46,CRITICAL
3,2,664,1,0.952,73.37,HIGH
2,1,345,1,0.929,76.05,HIGH
9,3,453,1,0.398,48.1,HIGH
10,7,78,1,0.781,47.03,CRITICAL
10,7,160,3,0.785,34.42,CRITICAL
6,5,487,2,0.942,54.06,CRITICAL
9,4,329,1,0.398,47.12,CRITICAL
7,6,118,2,1.0,47.92,CRITICAL
13,2,16,3,0.151,88.1,HIGH
9,0,197,3,0.012,84.67,LOW
15,6,42,1,0.411,43.87,CRITICAL
14,3,338,0,0.192,51.47,MEDIUM
9,3,318,3,0.551,50.51,CRITICAL
3,2,419,0,1.0,56.81,HIGH
13,3,678,2,0.256,53.72,HIGH
5,4,724,2,0.98,48.59,CRITICAL
9,3,73,3,0.443,66.73,HIGH
10,8,229,3,1.0,41.74,CRITICAL
10,3,447,1,0.272,52.98,HIGH
6,3,293,1,0.323,46.27,HIGH
15,2,673,2,0.183,55.59,HIGH
5,4,313,1,1.0,51.81,CRITICAL
3,2,337,0,0.993,73.63,HIGH
10,8,251,3,0.866,42.78,CRITICAL
5,4,388,1,1.0,45.83,CRITICAL
2,1,617,2,0.95,71.08,HIGH
11,2,310,3,0.201,66.73,HIGH
5,3,108,3,0.682,80.96,CRITICAL
3,2,224,2,0.915,68.08,HIGH
3,2,232,1,1.0,69.36,HIGH
3,2,162,3,1.0,82.87,CRITICAL
6,1,33,3,0.15,97.33,MEDIUM
11,4,178,1,0.335,63.03,CRITICAL
15,5,348,1,0.272,46.75,CRITICAL
15,2,59,0,0.141,84.14,MEDIUM
11,4,527,1,0.402,48.64,HIGH
2,1,69,3,1.0,98.95,HIGH
4,3,103,3,0.944,77.04,CRITICAL
13,7,139,0,0.621,42.68,CRITICAL
9,2,104,2,0.226,74.69,MEDIUM
10,2,305,2,0.201,66.1,HIGH
3,2,250,3,0.889,77.16,CRITICAL
3,2,40,0,1.0,89.0,MEDIUM
4,0,359,3,0.0,80.61,LOW
2,1,410,0,1.0,66.75,MEDIUM
2,1,228,0,1.0,86.38,MEDIUM
10,1,352,3,0.183,72.97,MEDIUM
7,3,233,1,0.494,57.83,HIGH
7,6,616,1,1.0,40.93,CRITICAL
14,5,395,1,0.352,44.03,CRITICAL
1,0,272,1,0.022,88.96,LOW
9,7,364,2,0.797,21.97,CRITICAL
12,1,284,3,0.07,72.38,MEDIUM
6,3,567,3,0.516,60.62,CRITICAL
15,4,154,2,0.431,74.3,HIGH
12,7,691,1,0.722,26.63,CRITICAL
7,6,630,3,0.992,24.78,CRITICAL
7,1,137,2,0.126,94.94,MEDIUM
14,4,349,3,0.313,54.31,CRITICAL
10,3,356,3,0.242,56.66,HIGH
11,3,381,1,0.409,54.26,HIGH
6,4,647,2,0.774,46.63,CRITICAL
14,7,375,3,0.505,32.62,CRITICAL
6,1,191,2,0.162,84.59,MEDIUM
12,2,681,2,0.141,65.99,HIGH
13,0,320,1,0.0,86.03,LOW
12,2,397,0,0.266,72.41,MEDIUM
2,1,571,3,0.867,68.49,HIGH
9,4,562,1,0.593,51.3,CRITICAL
7,6,316,2,0.959,31.05,CRITICAL
8,7,632,1,1.0,38.09,CRITICAL
14,6,536,1,0.465,24.76,CRITICAL
15,2,704,1,0.182,69.44,MEDIUM
8,3,139,3,0.438,67.38,CRITICAL
7,3,43,1,0.439,80.62,HIGH
12,6,40,0,0.505,51.82,CRITICAL
3,1,316,3,0.472,77.15,HIGH
10,3,389,0,0.373,48.21,MEDIUM
11,0,6,0,0.147,96.15,LOW
4,3,534,0,0.913,49.68,CRITICAL
8,0,441,2,0.047,81.43,MEDIUM
14,3,615,3,0.391,56.97,CRITICAL
5,0,675,2,0.103,82.38,MEDIUM
5,4,15,0,0.964,68.3,CRITICAL
11,3,320,3,0.26,57.43,CRITICAL
2,1,589,3,1.0,72.3,CRITICAL
4,3,418,1,1.0,58.41,CRITICAL
15,8,691,2,0.548,33.87,CRITICAL
7,1,380,2,0.201,70.97,MEDIUM
3,1,65,2,0.449,91.19,MEDIUM
15,7,461,1,0.515,31.41,CRITICAL
7,5,72,0,0.824,55.44,CRITICAL
1,0,192,2,0.0,77.1,MEDIUM
6,5,276,1,1.0,40.85,CRITICAL
2,1,84,3,0.982,83.24,HIGH
5,1,245,3,0.213,75.77,MEDIUM
7,1,65,1,0.198,92.48,MEDIUM
2,1,29,1,1.0,82.65,MEDIUM
8,1,637,3,0.197,72.03,HIGH
5,4,489,2,1.0,40.67,CRITICAL
3,2,426,1,0.855,69.27,HIGH
10,4,229,1,0.367,60.22,HIGH
9,8,410,3,0.986,42.78,CRITICAL
8,6,283,1,0.873,35.34,CRITICAL
4,0,406,2,0.191,79.07,MEDIUM
6,5,283,1,0.989,31.49,CRITICAL
6,3,390,3,0.69,35.49,CRITICAL
13,8,479,3,0.807,20.48,CRITICAL
1,0,628,1,0.0,79.55,LOW
3,2,161,2,0.982,76.77,HIGH
7,3,277,1,0.515,69.06,HIGH
1,0,391,2,0.0,71.25,MEDIUM
14,0,473,3,0.0,85.32,MEDIUM
3,2,330,1,1.0,67.5,HIGH
6,4,348,2,0.806,52.83,CRITICAL
7,4,496,2,0.609,57.16,CRITICAL
3,0,157,1,0.0,91.3,LOW
6,1,713,0,0.278,73.44,MEDIUM
14,6,410,2,0.387,15.67,CRITICAL
11,8,549,0,0.812,31.34,CRITICAL
6,4,366,0,0.872,47.0,CRITICAL
15,3,55,2,0.259,77.95,HIGH
9,4,29,3,0.589,67.1,CRITICAL
11,8,306,0,0.833,25.96,CRITICAL
1,0,596,3,0.0,71.19,MEDIUM
6,2,56,0,0.463,69.47,MEDIUM
3,2,619,3,1.0,56.06,CRITICAL
3,2,86,0,0.799,71.3,MEDIUM
7,1,1,2,0.189,92.7,MEDIUM
13,4,232,3,0.33,68.09,CRITICAL
6,5,504,3,1.0,49.01,CRITICAL
15,2,516,2,0.209,73.52,HIGH
2,1,629,1,0.993,66.07,HIGH
7,4,253,1,0.794,47.43,CRITICAL
3,2,52,3,0.932,83.27,CRITICAL
11,8,580,3,0.699,33.12,CRITICAL
1,0,253,0,0.115,75.63,LOW
2,1,714,2,1.0,76.08,HIGH
11,7,411,1,0.703,38.16,CRITICAL
9,4,646,3,0.493,41.6,CRITICAL
5,4,119,0,0.941,65.1,HIGH
5,0,675,3,0.0,78.82,MEDIUM
7,6,213,1,1.0,39.11,CRITICAL
6,3,293,2,0.588,60.25,CRITICAL
6,2,333,2,0.354,61.75,HIGH
8,3,546,1,0.481,54.15,HIGH
10,1,572,2,0.118,59.11,HIGH
1,0,295,3,0.003,77.6,MEDIUM
6,5,529,0,1.0,31.98,CRITICAL
12,5,60,1,0.332,51.83,CRITICAL
1,0,513,0,0.004,85.18,LOW
13,7,100,1,0.52,46.24,CRITICAL
5,4,148,2,0.966,56.89,CRITICAL
4,3,656,2,0.987,56.47,CRITICAL
5,0,572,1,0.0,82.22,LOW
15,8,339,0,0.583,38.68,CRITICAL
5,1,476,2,0.266,69.35,MEDIUM
3,0,434,1,0.004,80.31,LOW
14,8,527,0,0.739,29.34,CRITICAL
2,1,335,0,1.0,75.44,MEDIUM
12,6,402,0,0.501,37.03,CRITICAL
14,6,251,2,0.695,45.66,CRITICAL
14,3,343,1,0.243,57.78,HIGH
10,5,156,3,0.535,49.17,CRITICAL
12,4,695,1,0.395,53.52,CRITICAL
9,8,229,0,1.0,40.9,CRITICAL
5,4,179,1,0.926,55.23,CRITICAL
2,1,433,0,0.991,65.53,MEDIUM
15,0,139,3,0.042,92.44,MEDIUM
15,1,158,3,0.07,80.99,MEDIUM
2,1,358,1,1.0,78.26,MEDIUM
13,0,518,3,0.0,80.56,MEDIUM
7,4,256,0,0.735,57.65,HIGH
10,6,266,0,0.773,28.21,CRITICAL
14,8,123,2,0.521,42.97,CRITICAL
8,6,127,3,0.735,37.21,CRITICAL
13,7,543,2,0.598,37.9,CRITICAL
12,4,322,1,0.383,55.9,CRITICAL
12,6,90,3,0.555,39.9,CRITICAL
4,3,293,3,1.0,48.55,CRITICAL
5,1,58,3,0.225,100.0,MEDIUM
9,6,43,2,0.798,55.54,CRITICAL
2,1,74,0,1.0,88.85,MEDIUM
15,6,449,1,0.338,31.3,CRITICAL
14,0,96,1,0.0,92.94,LOW
12,3,409,1,0.301,56.38,HIGH
15,4,596,2,0.401,51.26,CRITICAL
5,4,628,0,0.972,53.43,CRITICAL
5,2,304,2,0.55,62.31,HIGH
9,7,51,2,0.848,48.32,CRITICAL
11,3,512,1,0.253,62.64,HIGH
6,5,31,1,1.0,60.11,CRITICAL
2,1,94,3,1.0,80.49,HIGH
5,4,360,2,0.949,35.56,CRITICAL
8,7,169,0,0.895,51.09,CRITICAL
4,3,505,0,0.971,67.77,HIGH
5,2,710,3,0.466,62.2,CRITICAL
10,5,246,2,0.705,49.32,CRITICAL
13,1,510,0,0.026,76.12,LOW
10,3,565,3,0.363,40.71,CRITICAL
1,0,55,3,0.0,95.6,MEDIUM
10,0,245,1,0.044,81.23,LOW
2,1,124,0,1.0,82.4,MEDIUM
8,2,468,2,0.326,64.15,HIGH
7,6,379,0,1.0,32.44,CRITICAL
2,1,368,3,0.88,79.9,HIGH
12,0,109,0,0.0,94.95,LOW
10,1,670,2,0.054,80.52,MEDIUM
8,7,497,1,0.939,30.27,CRITICAL
11,6,281,3,0.573,36.49,CRITICAL
3,2,533,0,0.954,64.2,HIGH
7,1,349,1,0.14,73.08,MEDIUM
14,1,635,3,0.096,68.07,MEDIUM
11,5,553,3,0.518,28.59,CRITICAL
13,6,542,1,0.522,26.82,CRITICAL
15,5,663,1,0.34,47.46,CRITICAL
7,0,126,3,0.0,89.43,MEDIUM
6,1,309,0,0.2,60.75,LOW
1,0,308,0,0.147,81.62,LOW
12,3,482,1,0.285,48.91,HIGH
1,0,276,2,0.0,81.88,LOW
8,3,497,2,0.364,55.58,CRITICAL
5,1,443,0,0.299,71.9,LOW
12,5,205,3,0.464,38.26,CRITICAL
11,3,241,2,0.303,53.62,HIGH
7,3,360,1,0.497,56.16,HIGH
12,7,562,1,0.578,38.96,CRITICAL
6,3,78,1,0.572,74.26,HIGH
1,0,198,0,0.0,84.49,LOW
5,4,377,3,1.0,30.33,CRITICAL
14,8,410,0,0.658,28.1,CRITICAL
15,1,656,3,0.071,68.02,HIGH
1,0,309,0,0.038,74.01,LOW
7,5,444,1,0.843,37.64,CRITICAL
7,2,339,0,0.488,57.38,HIGH
7,4,665,0,0.746,44.96,CRITICAL
11,7,158,1,0.621,41.05,CRITICAL
8,6,380,3,0.644,23.68,CRITICAL
1,0,476,0,0.069,87.53,LOW
12,5,689,0,0.558,43.81,CRITICAL
7,6,632,2,1.0,31.86,CRITICAL
14,5,112,2,0.504,48.78,CRITICAL
5,2,679,0,0.497,70.96,MEDIUM
4,3,653,0,0.965,56.56,HIGH
9,4,160,2,0.423,52.08,CRITICAL
1,0,370,3,0.042,65.37,MEDIUM
5,3,226,3,0.614,67.4,CRITICAL
9,3,689,3,0.475,73.76,CRITICAL
10,4,488,2,0.432,42.07,CRITICAL
4,2,91,0,0.777,75.75,MEDIUM
3,2,101,0,1.0,72.87,HIGH
11,2,153,3,0.075,74.6,MEDIUM
1,0,664,0,0.079,82.03,LOW
13,1,626,1,0.024,73.43,MEDIUM
7,5,71,1,0.822,58.11,CRITICAL
4,0,728,1,0.07,88.97,MEDIUM
9,5,124,1,0.653,57.7,CRITICAL
13,1,218,2,0.053,83.9,MEDIUM
4,1,666,0,0.319,84.11,MEDIUM
10,8,585,1,0.886,25.93,CRITICAL
15,4,151,2,0.36,58.95,CRITICAL
15,3,580,2,0.143,56.26,HIGH
5,4,598,3,1.0,43.35,CRITICAL
10,5,434,2,0.466,31.24,CRITICAL
15,6,649,3,0.432,25.58,CRITICAL
10,3,234,1,0.228,59.38,MEDIUM
15,3,467,1,0.205,51.5,HIGH
6,1,44,2,0.18,93.31,MEDIUM
2,1,199,1,0.991,94.28,HIGH
14,6,107,0,0.411,45.34,CRITICAL
12,3,680,0,0.409,71.1,HIGH
10,5,255,0,0.581,44.04,CRITICAL
1,0,144,3,0.057,100.0,MEDIUM
14,4,473,2,0.349,53.38,CRITICAL
5,0,232,1,0.0,83.22,LOW
8,4,133,1,0.627,53.47,HIGH
7,1,303,3,0.0,76.25,MEDIUM
11,6,194,2,0.583,46.09,CRITICAL
14,6,537,0,0.494,31.94,CRITICAL
6,2,76,2,0.35,79.86,HIGH
2,1,606,1,0.845,73.48,HIGH
2,1,508,1,0.939,73.65,HIGH
5,2,284,2,0.53,76.06,HIGH
7,6,420,0,0.914,32.35,CRITICAL
7,6,465,3,0.944,27.6,CRITICAL
11,5,624,0,0.519,45.75,CRITICAL
6,1,604,3,0.272,75.3,MEDIUM
15,1,8,2,0.049,84.43,MEDIUM
2,1,550,3,0.932,61.65,HIGH
11,3,271,2,0.319,62.23,HIGH
7,5,436,0,0.776,54.81,CRITICAL
8,5,684,0,0.887,52.17,CRITICAL
13,0,128,1,0.0,88.17,LOW
12,4,679,0,0.475,48.1,HIGH
9,5,464,0,0.706,47.72,CRITICAL
3,1,398,1,0.471,68.0,MEDIUM
12,7,394,0,0.701,41.13,CRITICAL
12,6,722,2,0.42,41.13,CRITICAL
3,2,605,3,1.0,58.46,CRITICAL
3,2,121,3,0.987,72.03,CRITICAL
4,1,725,0,0.346,79.04,MEDIUM
11,4,270,2,0.395,61.96,CRITICAL
15,3,17,3,0.19,77.21,HIGH
6,0,82,3,0.146,100.0,MEDIUM
11,2,397,3,0.101,66.08,HIGH
4,3,161,0,0.995,58.01,HIGH
2,1,494,1,1.0,66.19,HIGH
8,0,221,3,0.147,88.49,MEDIUM
5,3,193,2,0.836,73.7,CRITICAL
3,2,605,1,1.0,68.22,HIGH
12,0,151,0,0.0,85.07,LOW
8,4,227,2,0.517,41.37,CRITICAL
13,3,136,3,0.138,60.16,HIGH
8,4,71,1,0.473,69.92,HIGH
14,4,187,0,0.326,56.62,MEDIUM
15,6,167,3,0.393,39.47,CRITICAL
3,2,347,2,0.947,68.26,HIGH
2,1,253,2,1.0,75.4,HIGH
4,3,87,1,0.95,82.06,CRITICAL
13,8,510,0,0.699,36.12,CRITICAL
15,2,458,3,0.081,66.57,HIGH
7,6,631,1,0.96,35.58,CRITICAL
13,5,500,3,0.474,41.05,CRITICAL
8,3,275,3,0.405,57.78,HIGH
9,3,341,1,0.373,54.05,HIGH
1,0,574,1,0.0,68.95,LOW
1,0,316,2,0.017,88.27,LOW
9,0,237,2,0.0,85.91,LOW
9,4,693,0,0.54,54.08,CRITICAL
14,0,422,3,0.034,77.21,MEDIUM
9,8,276,1,0.958,30.08,CRITICAL
7,2,350,2,0.416,56.22,HIGH
3,0,282,3,0.0,89.3,MEDIUM
13,8,413,2,0.638,31.98,CRITICAL
13,5,173,1,0.526,60.12,CRITICAL
13,6,125,0,0.529,49.03,CRITICAL
2,1,551,2,0.992,67.91,HIGH
3,2,503,0,0.98,60.64,HIGH
13,0,362,2,0.067,90.76,LOW
4,3,191,1,1.0,57.82,HIGH
8,0,679,0,0.118,76.03,LOW
6,2,514,0,0.427,56.67,HIGH
2,1,278,0,0.821,69.14,MEDIUM
9,7,694,0,0.794,34.39,CRITICAL
7,5,442,2,0.703,46.82,CRITICAL
12,7,692,3,0.705,36.54,CRITICAL
15,1,709,3,0.207,75.03,HIGH
8,7,560,2,1.0,33.47,CRITICAL
9,7,221,0,0.789,39.73,CRITICAL
9,5,361,1,0.555,45.08,CRITICAL
6,2,287,3,0.328,67.86,HIGH
15,8,94,0,0.467,57.27,CRITICAL
8,4,120,2,0.576,70.06,CRITICAL
12,7,224,0,0.631,44.29,CRITICAL
15,3,715,2,0.065,55.97,HIGH
11,6,547,2,0.674,41.68,CRITICAL
5,3,472,0,0.733,68.86,HIGH
12,2,324,3,0.147,62.52,HIGH
9,1,87,0,0.081,93.88,LOW
15,5,619,1,0.353,35.1,CRITICAL
12,0,256,1,0.044,81.37,LOW
3,2,5,0,0.898,74.62,MEDIUM
5,4,616,0,1.0,42.28,CRITICAL
1,0,723,1,0.027,80.22,LOW
6,5,401,1,1.0,47.06,CRITICAL
5,4,665,0,0.961,51.4,CRITICAL
13,7,329,0,0.535,32.99,CRITICAL
4,3,298,2,0.861,53.1,CRITICAL
15,0,576,0,0.006,77.65,LOW
7,1,677,3,0.095,71.5,HIGH
4,1,706,0,0.265,56.55,MEDIUM
1,0,562,2,0.0,76.45,LOW
7,0,93,3,0.0,95.98,LOW
6,3,730,3,0.67,60.62,CRITICAL
7,5,331,2,0.825,43.74,CRITICAL
8,0,222,2,0.0,93.68,LOW
13,4,512,0,0.176,44.85,HIGH
14,0,629,1,0.0,85.6,LOW
9,7,194,3,0.821,37.56,CRITICAL
3,2,716,3,0.896,59.39,CRITICAL
12,5,123,2,0.449,55.82,CRITICAL
10,2,508,3,0.193,61.38,HIGH
7,4,690,0,0.661,50.18,CRITICAL
14,3,110,3,0.162,74.75,HIGH
11,2,585,0,0.117,68.51,MEDIUM
11,2,313,0,0.12,78.44,MEDIUM
11,7,75,0,0.65,41.78,CRITICAL
13,2,713,2,0.217,63.13,HIGH
13,2,344,0,0.066,65.67,MEDIUM
10,1,546,3,0.214,65.07,MEDIUM
13,6,363,3,0.618,39.6,CRITICAL
7,3,596,1,0.427,59.31,HIGH
11,3,194,2,0.322,73.49,HIGH
13,0,370,3,0.01,80.09,MEDIUM
13,4,638,0,0.187,44.98,HIGH
6,5,108,3,1.0,48.67,CRITICAL
15,8,470,2,0.559,24.29,CRITICAL
3,2,602,2,0.946,62.42,HIGH
8,2,562,1,0.312,66.58,HIGH
9,6,172,2,0.838,45.45,CRITICAL
4,2,384,3,0.673,59.64,HIGH
12,4,153,1,0.551,58.95,HIGH
13,5,488,1,0.247,40.81,CRITICAL
8,3,297,3,0.437,57.17,HIGH
10,8,528,0,1.0,32.17,CRITICAL
15,2,237,2,0.185,73.42,HIGH
5,3,692,2,0.618,55.02,CRITICAL
13,1,302,2,0.183,73.72,MEDIUM
5,0,170,0,0.083,90.3,LOW
1,0,528,3,0.0,79.55,MEDIUM
7,3,711,1,0.462,51.39,CRITICAL
4,3,439,2,1.0,49.43,CRITICAL
3,2,52,1,0.934,77.77,HIGH
9,2,28,0,0.351,74.46,MEDIUM
4,3,727,2,1.0,47.51,CRITICAL
8,0,344,2,0.024,78.69,LOW
6,3,238,2,0.626,71.5,HIGH
2,1,654,3,1.0,71.91,CRITICAL
14,5,358,3,0.459,34.72,CRITICAL
1,0,40,0,0.097,97.95,LOW
15,6,92,1,0.377,44.35,CRITICAL
13,3,532,1,0.323,48.71,HIGH
8,7,238,3,1.0,47.55,CRITICAL
10,3,99,0,0.27,63.41,MEDIUM
8,2,382,3,0.443,61.31,HIGH
9,6,240,2,0.683,35.76,CRITICAL
13,2,136,2,0.323,81.78,MEDIUM
3,1,528,1,0.5,75.59,MEDIUM
9,8,697,3,0.945,40.35,CRITICAL
15,7,616,0,0.493,31.93,CRITICAL
4,3,374,0,1.0,47.19,HIGH
14,0,522,2,0.005,88.68,MEDIUM
10,2,78,3,0.274,83.16,HIGH
13,4,209,3,0.336,61.11,CRITICAL
3,1,684,2,0.406,80.83,HIGH
9,7,67,3,0.771,48.92,CRITICAL
6,1,28,3,0.201,89.81,MEDIUM
15,4,184,1,0.223,66.02,HIGH
1,0,618,2,0.146,83.55,MEDIUM
10,5,698,2,0.497,34.77,CRITICAL
1,0,129,3,0.0,92.82,LOW
10,3,487,3,0.395,65.83,CRITICAL
1,0,714,2,0.0,68.3,MEDIUM
15,2,529,3,0.02,49.83,HIGH
10,1,174,3,0.171,79.16,MEDIUM
13,5,127,3,0.575,44.92,CRITICAL
9,0,702,2,0.0,76.76,MEDIUM
15,8,613,0,0.475,29.2,CRITICAL
1,0,160,3,0.113,84.17,MEDIUM
4,3,538,2,0.82,64.66,CRITICAL
12,2,313,3,0.12,67.15,HIGH
1,0,1,1,0.0,100.0,LOW
4,1,514,2,0.271,76.97,MEDIUM
12,0,532,1,0.0,83.23,LOW
5,3,551,1,0.918,67.27,HIGH
15,6,599,3,0.375,34.43,CRITICAL
9,6,44,3,0.849,54.97,CRITICAL
10,8,661,0,0.903,32.13,CRITICAL
4,1,647,0,0.374,72.93,MEDIUM
3,2,358,3,1.0,62.09,CRITICAL
6,5,407,1,0.942,38.79,CRITICAL
5,4,456,3,0.984,49.22,CRITICAL
14,1,325,0,0.049,73.33,LOW
1,0,557,0,0.027,72.28,LOW
12,0,658,2,0.061,79.43,LOW
3,2,643,0,0.996,79.26,HIGH
2,1,364,0,1.0,77.93,MEDIUM
7,6,452,1,1.0,30.18,CRITICAL
6,2,208,3,0.246,77.54,HIGH
7,4,379,2,0.731,45.22,CRITICAL
2,1,148,0,1.0,83.37,MEDIUM
7,6,79,0,1.0,48.65,CRITICAL
15,6,367,3,0.537,33.36,CRITICAL
12,1,577,1,0.061,69.92,MEDIUM
2,1,438,1,1.0,73.91,HIGH
2,1,652,3,1.0,79.44,HIGH
13,6,232,1,0.495,36.5,CRITICAL
12,2,58,3,0.148,79.59,MEDIUM
5,3,443,1,0.704,68.16,CRITICAL
5,4,236,2,1.0,54.72,CRITICAL
7,6,718,2,0.989,37.59,CRITICAL
8,1,529,2,0.121,77.31,MEDIUM
4,3,537,3,0.981,56.82,CRITICAL
15,3,164,2,0.205,57.78,HIGH
9,7,510,1,0.959,31.34,CRITICAL
5,4,341,0,0.909,45.51,HIGH
8,1,332,3,0.297,81.16,MEDIUM
8,0,406,2,0.0,87.49,LOW
10,1,477,1,0.136,66.25,MEDIUM
2,0,622,3,0.0,79.08,MEDIUM
3,2,314,3,0.935,71.69,CRITICAL
6,4,510,0,0.8,48.16,CRITICAL
8,0,596,3,0.01,81.53,MEDIUM
15,3,503,1,0.222,52.58,HIGH
14,5,486,0,0.379,37.89,HIGH
6,5,249,0,0.994,50.69,CRITICAL
7,1,273,0,0.113,78.49,LOW
3,2,693,0,0.987,67.13,HIGH
1,0,602,3,0.058,77.25,MEDIUM
11,3,282,3,0.27,51.32,HIGH
11,1,665,0,0.107,68.41,LOW
15,5,177,2,0.339,42.62,CRITICAL
3,2,334,3,0.941,63.85,CRITICAL
11,5,158,1,0.592,54.26,CRITICAL
15,3,688,0,0.339,54.78,HIGH
15,4,367,2,0.244,55.32,CRITICAL
12,6,534,0,0.632,34.3,CRITICAL
15,5,353,0,0.309,40.64,HIGH
4,3,586,1,1.0,58.95,CRITICAL
8,2,170,0,0.199,75.17,MEDIUM
10,6,441,2,0.755,39.82,CRITICAL
11,3,559,0,0.348,64.69,HIGH
5,4,693,2,0.86,50.65,CRITICAL
13,4,80,1,0.404,69.87,HIGH
7,5,663,2,0.78,43.11,CRITICAL
6,3,489,2,0.528,62.18,HIGH
15,7,431,0,0.602,40.58,CRITICAL
12,5,168,2,0.382,44.1,CRITICAL
7,6,226,3,1.0,35.64,CRITICAL
12,3,682,3,0.162,50.17,CRITICAL
15,3,245,1,0.278,68.27,HIGH
14,7,543,1,0.563,32.83,CRITICAL
15,3,631,3,0.297,53.48,CRITICAL
1,0,179,3,0.006,97.85,MEDIUM
9,3,525,2,0.404,59.2,CRITICAL
15,5,490,3,0.281,38.81,CRITICAL
15,7,580,0,0.545,20.94,CRITICAL
9,4,669,1,0.483,43.48,CRITICAL
7,3,110,0,0.485,76.79,MEDIUM
9,5,517,1,0.546,35.21,CRITICAL
13,8,245,3,0.683,30.0,CRITICAL
14,5,485,3,0.353,50.07,CRITICAL
15,8,570,1,0.503,40.07,CRITICAL
10,3,537,2,0.298,57.92,HIGH
2,1,171,1,0.903,78.87,MEDIUM
1,0,714,2,0.0,79.48,MEDIUM
13,0,244,0,0.0,91.4,LOW
6,3,496,0,0.608,48.92,HIGH
6,5,437,3,1.0,48.64,CRITICAL
11,1,102,2,0.123,90.72,MEDIUM
15,2,229,0,0.187,74.07,MEDIUM
4,3,127,2,1.0,70.86,CRITICAL
9,4,726,2,0.442,52.16,CRITICAL
14,6,198,1,0.519,52.18,CRITICAL
11,0,475,2,0.07,82.63,MEDIUM
13,8,237,2,0.669,41.93,CRITICAL
5,2,288,3,0.449,85.1,HIGH
3,2,563,0,0.914,55.87,HIGH
15,4,82,0,0.283,60.44,HIGH
11,0,311,0,0.0,95.94,LOW
4,3,286,3,0.995,67.29,CRITICAL
12,1,219,0,0.09,73.38,LOW
7,4,289,2,0.745,59.0,CRITICAL
4,3,164,0,0.978,70.37,HIGH
5,0,172,0,0.082,93.68,LOW
7,6,71,2,1.0,47.39,CRITICAL
8,7,113,0,1.0,34.04,CRITICAL
4,2,8,0,0.546,93.79,MEDIUM
10,2,663,1,0.195,63.65,HIGH
5,3,56,1,0.775,68.71,HIGH
8,7,566,0,0.999,41.36,CRITICAL
5,2,29,0,0.531,82.95,MEDIUM
2,0,439,2,0.2,75.86,MEDIUM
7,2,472,3,0.339,62.57,HIGH
9,0,29,2,0.0,91.72,LOW
9,6,299,3,0.84,30.57,CRITICAL
15,3,383,0,0.0,56.74,MEDIUM
15,2,197,3,0.16,73.45,HIGH
14,8,139,2,0.446,41.1,CRITICAL
7,2,671,0,0.385,62.46,MEDIUM
9,1,358,0,0.014,72.53,LOW
10,3,345,1,0.355,49.77,HIGH
1,0,389,1,0.049,80.96,LOW
10,1,308,2,0.175,75.9,MEDIUM
2,1,453,1,1.0,60.73,MEDIUM
1,0,471,0,0.0,72.8,LOW
7,1,721,1,0.2,61.84,MEDIUM
14,8,52,2,0.796,52.54,CRITICAL
3,2,36,3,0.991,78.98,HIGH
15,6,545,2,0.382,27.25,CRITICAL
6,0,366,3,0.008,86.45,MEDIUM
4,0,566,2,0.0,89.77,MEDIUM
3,2,279,3,0.864,69.3,HIGH
12,5,698,2,0.373,39.33,CRITICAL
1,0,367,3,0.0,73.97,MEDIUM
3,2,309,2,0.994,73.62,HIGH
11,4,208,2,0.519,52.37,HIGH
7,1,662,0,0.0,82.31,MEDIUM
1,0,406,2,0.025,88.79,MEDIUM
5,4,273,2,1.0,49.22,CRITICAL
1,0,726,1,0.013,73.37,LOW
2,1,113,1,1.0,88.89,MEDIUM
8,4,328,1,0.588,47.2,CRITICAL
5,4,283,2,0.84,49.49,CRITICAL
9,3,201,2,0.371,59.44,CRITICAL
1,0,469,1,0.013,81.56,LOW
14,2,527,2,0.123,60.69,HIGH
2,1,492,0,1.0,67.93,HIGH
6,5,204,3,1.0,41.73,CRITICAL
11,1,487,1,0.163,69.97,MEDIUM
7,5,73,0,0.92,57.3,CRITICAL
13,3,688,3,0.326,50.31,CRITICAL
8,7,229,3,1.0,42.73,CRITICAL
10,1,295,3,0.212,76.46,HIGH
14,7,99,0,0.597,43.55,CRITICAL
3,2,102,0,1.0,73.42,HIGH
7,6,501,3,1.0,40.2,CRITICAL
5,1,613,0,0.23,83.38,MEDIUM
9,7,65,1,0.957,43.67,CRITICAL
9,0,299,1,0.013,91.5,LOW
12,5,267,3,0.449,59.45,CRITICAL
1,0,304,3,0.0,73.91,MEDIUM
9,5,285,0,0.589,52.5,CRITICAL
3,2,425,3,0.986,68.65,CRITICAL
11,0,19,3,0.031,100.0,LOW
5,2,68,0,0.441,78.45,MEDIUM
5,4,91,0,0.988,65.54,HIGH
1,0,539,1,0.115,75.61,LOW
8,6,211,1,0.948,41.05,CRITICAL
5,4,515,0,0.853,50.78,CRITICAL
10,5,20,1,0.555,54.47,CRITICAL
6,3,370,2,0.498,56.04,CRITICAL
12,1,682,2,0.042,74.48,MEDIUM
15,8,81,2,0.633,49.4,CRITICAL
13,5,194,0,0.398,42.74,CRITICAL
5,4,46,0,0.935,68.72,CRITICAL
15,5,381,3,0.34,46.18,CRITICAL
15,4,551,3,0.2,47.15,CRITICAL
9,3,541,0,0.422,50.28,HIGH
2,1,549,3,0.91,71.15,HIGH
11,3,579,2,0.391,58.07,CRITICAL
1,0,71,3,0.0,100.0,LOW
5,3,691,0,0.718,54.95,HIGH
5,2,23,0,0.587,83.14,MEDIUM
2,1,347,0,0.989,73.66,MEDIUM
8,7,32,1,0.939,42.28,CRITICAL
6,2,384,0,0.463,67.31,MEDIUM
6,5,572,1,0.887,38.15,CRITICAL
12,0,43,2,0.0,100.0,LOW
9,1,429,0,0.143,77.15,MEDIUM
12,1,220,0,0.04,85.44,LOW
4,3,251,3,1.0,56.21,CRITICAL
13,3,5,1,0.163,80.05,HIGH
7,6,579,1,0.986,31.97,CRITICAL
10,8,723,0,0.878,34.18,CRITICAL
1,0,461,1,0.038,75.86,LOW
6,2,285,2,0.259,66.39,HIGH
2,0,429,3,0.0,82.72,MEDIUM
13,8,291,2,0.808,36.63,CRITICAL
14,8,49,0,0.566,46.69,CRITICAL
5,4,578,1,1.0,42.89,CRITICAL
6,4,641,0,0.885,47.32,CRITICAL
2,1,244,2,1.0,70.57,HIGH
8,2,534,0,0.237,56.62,MEDIUM
8,7,349,3,0.977,36.58,CRITICAL
11,8,299,0,0.784,36.99,CRITICAL
8,7,106,1,0.933,40.55,CRITICAL
13,2,506,0,0.19,73.06,MEDIUM
15,2,65,1,0.109,75.58,MEDIUM
13,1,431,2,0.219,68.89,MEDIUM
6,5,579,3,1.0,45.36,CRITICAL
13,8,129,0,0.554,48.47,CRITICAL
7,4,311,3,0.666,51.27,CRITICAL
5,2,61,0,0.468,78.84,MEDIUM
8,0,448,0,0.0,83.0,LOW
7,3,76,3,0.388,80.89,HIGH
8,5,665,0,0.632,51.02,CRITICAL
8,4,587,2,0.638,45.52,CRITICAL
15,0,691,0,0.0,73.82,LOW
4,1,711,3,0.341,74.82,HIGH
11,8,323,2,0.758,29.49,CRITICAL
10,4,120,2,0.363,57.92,CRITICAL
14,1,323,0,0.15,79.69,LOW
10,0,167,0,0.0,88.15,LOW
14,6,50,1,0.39,46.57,CRITICAL
1,0,725,2,0.0,85.84,MEDIUM
14,4,480,1,0.303,44.63,CRITICAL
2,1,718,2,0.949,68.21,HIGH
15,0,213,2,0.0,80.24,LOW
11,4,691,0,0.358,48.22,HIGH
11,3,554,0,0.369,65.53,HIGH
10,0,479,3,0.0,82.42,MEDIUM
2,1,289,3,1.0,83.24,HIGH
9,1,134,0,0.0,82.16,LOW
2,1,672,3,1.0,71.9,HIGH
11,8,257,3,0.779,36.74,CRITICAL
5,4,268,0,0.929,45.5,CRITICAL
4,3,311,0,1.0,66.33,HIGH
1,0,221,3,0.0,87.4,MEDIUM
7,0,576,2,0.027,78.19,MEDIUM
15,4,577,0,0.273,55.76,HIGH
14,3,347,2,0.213,52.88,HIGH
7,2,668,3,0.406,71.03,CRITICAL
13,8,532,2,0.646,28.09,CRITICAL
14,1,617,2,0.096,72.13,MEDIUM
12,7,703,2,0.752,29.97,CRITICAL
3,2,406,1,0.93,53.95,HIGH
8,1,265,2,0.038,83.28,MEDIUM
13,5,55,1,0.502,55.24,CRITICAL
4,3,195,2,0.933,61.2,CRITICAL
1,0,24,0,0.221,98.16,LOW
12,1,613,3,0.148,67.94,HIGH
7,0,403,2,0.0,76.7,LOW
14,6,703,3,0.525,30.67,CRITICAL
14,3,138,2,0.253,79.89,HIGH
11,8,408,1,0.795,30.81,CRITICAL
14,1,442,1,0.099,68.73,MEDIUM
5,4,168,3,0.812,56.53,CRITICAL
6,3,84,0,0.447,66.68,MEDIUM
15,3,626,1,0.246,67.56,HIGH
4,3,400,2,0.914,59.93,CRITICAL
4,3,604,2,1.0,51.63,CRITICAL
3,0,345,1,0.001,80.44,LOW
5,0,405,0,0.0,79.11,LOW
10,0,266,1,0.0,79.89,LOW
12,5,342,1,0.463,37.12,CRITICAL
5,1,310,3,0.143,49.24,HIGH
9,8,183,3,1.0,41.48,CRITICAL
12,0,338,1,0.037,80.41,LOW
7,2,688,0,0.303,64.15,MEDIUM
13,7,412,2,0.485,37.7,CRITICAL
4,3,615,2,0.99,64.21,CRITICAL
10,1,676,3,0.036,70.68,HIGH
15,2,367,3,0.04,61.44,HIGH
7,5,221,3,0.833,44.41,CRITICAL
12,7,436,2,0.653,29.1,CRITICAL
5,4,88,1,0.898,66.16,HIGH
3,2,172,1,1.0,73.93,HIGH
5,1,517,0,0.284,69.28,MEDIUM
10,3,390,2,0.323,58.99,HIGH
15,5,52,2,0.489,57.27,CRITICAL
15,7,481,2,0.595,35.81,CRITICAL
4,0,397,1,0.0,87.26,LOW
4,3,262,3,1.0,56.23,CRITICAL
15,8,725,2,0.545,23.74,CRITICAL
12,0,449,2,0.175,86.13,MEDIUM
13,4,168,2,0.354,63.29,HIGH
12,5,508,0,0.372,39.96,CRITICAL
9,5,441,0,0.485,28.57,CRITICAL
7,3,241,3,0.547,74.34,CRITICAL
14,8,143,2,0.689,41.85,CRITICAL
4,3,724,0,0.982,45.73,CRITICAL
14,8,565,3,0.49,26.66,CRITICAL
3,2,682,2,1.0,65.99,CRITICAL
2,1,34,2,1.0,89.96,HIGH
6,5,701,3,0.952,40.74,CRITICAL
13,7,486,1,0.499,30.91,CRITICAL
9,2,713,1,0.223,59.29,HIGH
10,8,331,2,0.93,32.24,CRITICAL
14,5,220,1,0.528,40.28,CRITICAL
3,0,353,2,0.03,75.19,LOW
8,7,197,1,1.0,50.43,CRITICAL
4,1,256,0,0.291,79.58,LOW
13,7,332,3,0.805,36.5,CRITICAL
9,6,447,3,0.892,30.2,CRITICAL
8,4,174,3,0.493,65.28,CRITICAL
9,6,561,3,0.884,40.34,CRITICAL
8,4,215,3,0.414,55.77,CRITICAL
10,0,403,3,0.0,81.17,MEDIUM
2,1,577,2,0.986,77.92,HIGH
11,3,505,0,0.273,58.84,MEDIUM
3,1,168,1,0.542,79.99,MEDIUM
3,0,65,0,0.051,88.17,LOW
8,5,87,1,0.618,53.71,CRITICAL
8,1,664,3,0.212,79.48,HIGH
11,8,597,2,0.827,35.73,CRITICAL
2,1,591,1,1.0,77.11,HIGH
2,1,278,0,0.9,66.32,MEDIUM
3,2,480,1,0.943,55.27,HIGH
2,1,412,2,0.918,69.86,HIGH
3,1,14,1,0.374,89.62,LOW
13,3,581,0,0.241,51.96,HIGH
10,3,206,1,0.291,66.43,HIGH
14,5,304,3,0.431,50.08,CRITICAL
8,4,405,0,0.452,54.45,HIGH
5,4,678,0,1.0,42.14,CRITICAL
9,3,178,3,0.305,72.2,HIGH
12,8,80,2,0.841,52.45,CRITICAL
10,3,203,0,0.359,66.09,HIGH
14,2,353,3,0.22,55.77,HIGH
14,3,221,1,0.388,57.5,HIGH
15,7,420,1,0.587,32.08,CRITICAL
1,0,267,2,0.0,97.89,LOW
6,3,259,0,0.509,57.95,MEDIUM
5,2,295,2,0.555,62.28,HIGH
1,0,519,2,0.0,77.07,LOW
4,3,135,3,1.0,64.01,CRITICAL
15,8,99,2,0.702,54.09,CRITICAL
7,6,99,1,0.987,35.57,CRITICAL
7,5,673,2,0.765,42.04,CRITICAL
15,5,96,3,0.534,52.56,CRITICAL
12,7,87,0,0.649,46.05,CRITICAL
12,7,623,3,0.649,47.68,CRITICAL
6,2,720,0,0.328,71.82,MEDIUM
7,1,521,2,0.179,64.38,MEDIUM
12,5,58,2,0.427,54.78,CRITICAL
10,1,141,3,0.003,74.31,MEDIUM
2,1,507,0,0.981,76.53,MEDIUM
13,0,715,0,0.0,80.46,LOW
14,8,697,2,0.599,36.38,CRITICAL
15,1,26,1,0.242,93.99,LOW
4,2,72,3,0.641,85.44,HIGH
9,7,316,1,0.877,40.21,CRITICAL
8,6,387,2,0.727,23.23,CRITICAL
10,7,512,1,0.722,25.39,CRITICAL
13,7,617,1,0.541,35.62,CRITICAL
8,4,41,0,0.538,68.01,HIGH
12,0,416,3,0.0,83.17,MEDIUM
1,0,124,2,0.046,96.39,LOW
15,5,410,2,0.526,37.43,CRITICAL
13,5,305,3,0.357,50.06,CRITICAL
3,0,508,2,0.0,76.87,MEDIUM
15,2,509,2,0.224,76.37,HIGH
2,1,577,3,0.926,70.69,CRITICAL
2,1,215,2,0.992,78.65,HIGH
10,3,126,2,0.244,66.51,HIGH
13,6,172,3,0.543,40.62,CRITICAL
5,3,447,1,0.79,53.2,HIGH
12,0,101,2,0.0,89.98,LOW
3,2,279,1,1.0,67.81,HIGH
2,1,202,1,1.0,82.79,HIGH
9,5,506,3,0.629,35.02,CRITICAL
13,1,476,2,0.021,74.85,MEDIUM
3,2,43,1,0.968,79.78,HIGH
15,4,651,2,0.312,44.18,CRITICAL
4,3,642,2,1.0,56.19,CRITICAL
6,3,400,0,0.488,61.33,HIGH
15,1,365,3,0.023,78.89,MEDIUM
9,0,160,3,0.0,83.14,MEDIUM
7,4,208,2,0.788,64.34,CRITICAL
4,1,704,3,0.374,74.2,HIGH
3,1,716,1,0.433,71.7,MEDIUM
5,4,499,0,0.922,48.44,CRITICAL
6,4,656,0,0.719,49.75,CRITICAL
13,8,224,3,0.568,38.81,CRITICAL
7,5,398,1,0.872,50.35,CRITICAL
5,4,304,0,0.871,54.05,CRITICAL
4,2,591,1,0.719,69.05,HIGH
5,2,729,3,0.514,56.0,CRITICAL
12,3,468,2,0.412,54.98,CRITICAL
9,7,439,2,0.87,32.69,CRITICAL
2,1,133,1,1.0,76.13,HIGH
6,3,648,1,0.59,45.15,HIGH
1,0,311,2,0.017,82.63,LOW
13,6,630,0,0.53,35.22,CRITICAL
7,2,721,2,0.193,61.79,HIGH
5,0,490,2,0.114,91.72,LOW
1,0,283,1,0.093,79.61,LOW
13,2,459,2,0.149,76.15,HIGH
12,3,3,0,0.281,73.84,MEDIUM
5,2,346,1,0.377,55.12,HIGH
2,1,68,3,0.92,86.7,HIGH
13,7,138,0,0.7,42.25,CRITICAL
7,2,141,2,0.301,83.7,MEDIUM
15,3,291,0,0.309,59.64,MEDIUM
12,0,332,2,0.011,77.67,LOW
2,1,690,0,1.0,76.93,HIGH
1,0,470,1,0.0,87.98,LOW
9,6,291,3,0.706,46.0,CRITICAL
2,1,288,1,0.99,81.37,MEDIUM
12,5,495,3,0.511,36.45,CRITICAL
14,0,610,2,0.0,75.25,MEDIUM
4,3,340,0,1.0,63.53,HIGH
12,2,62,3,0.108,86.62,HIGH
7,4,527,1,0.577,40.17,HIGH
6,1,356,1,0.233,76.74,MEDIUM
5,4,427,3,0.968,59.54,CRITICAL
4,3,62,1,0.926,88.85,HIGH
8,7,18,0,1.0,54.35,CRITICAL
1,0,305,1,0.0,92.28,LOW
6,0,420,3,0.0,76.92,MEDIUM
11,7,496,0,0.672,30.28,CRITICAL
6,5,95,2,0.944,61.51,CRITICAL
15,5,719,2,0.354,41.62,CRITICAL
3,2,176,0,0.845,68.09,HIGH
7,4,150,1,0.603,66.74,CRITICAL
4,0,533,2,0.0,80.36,LOW
13,2,127,2,0.155,81.76,MEDIUM
15,8,334,0,0.454,38.98,CRITICAL
6,2,493,2,0.522,58.34,HIGH
15,5,695,2,0.51,36.03,CRITICAL
15,4,674,2,0.302,50.72,CRITICAL
7,3,633,3,0.428,64.79,CRITICAL
2,1,264,2,0.949,70.88,HIGH
9,8,69,3,0.966,63.32,CRITICAL
13,8,719,1,0.426,45.16,CRITICAL
6,5,448,0,0.868,39.53,CRITICAL
4,1,70,0,0.237,87.29,MEDIUM
6,4,12,0,0.717,63.42,HIGH
8,2,721,0,0.373,65.16,MEDIUM
4,2,655,3,0.761,68.66,CRITICAL
14,7,709,3,0.481,24.49,CRITICAL
14,8,217,2,0.674,34.3,CRITICAL
8,2,7,2,0.343,80.02,HIGH
7,1,145,1,0.109,88.48,LOW
9,1,479,3,0.145,59.64,HIGH
8,5,294,1,0.602,37.54,CRITICAL
8,7,82,2,1.0,39.49,CRITICAL
3,0,487,2,0.0,82.88,LOW
1,0,644,0,0.065,84.64,LOW
7,2,540,0,0.246,52.6,MEDIUM
2,1,107,2,0.982,84.36,HIGH
4,3,714,0,1.0,55.06,CRITICAL
13,8,649,2,0.585,31.76,CRITICAL
8,5,98,3,0.73,55.97,CRITICAL
7,4,176,0,0.655,56.57,HIGH
2,1,265,0,1.0,76.47,MEDIUM
11,7,576,1,0.655,30.05,CRITICAL
11,1,131,2,0.119,90.64,MEDIUM
14,5,590,3,0.451,51.57,CRITICAL
11,8,309,3,0.83,35.15,CRITICAL
1,0,524,0,0.0,74.89,LOW
5,2,104,1,0.54,78.81,MEDIUM
10,6,104,1,0.665,61.07,CRITICAL
5,1,351,2,0.275,76.06,MEDIUM
9,3,212,1,0.307,80.89,HIGH
6,0,529,1,0.03,87.08,LOW
5,4,404,3,0.968,51.44,CRITICAL
5,4,540,2,0.97,59.8,CRITICAL
14,8,311,3,0.64,23.12,CRITICAL
5,0,395,1,0.0,90.22,LOW
1,0,95,3,0.018,86.96,LOW
10,3,88,0,0.367,81.6,MEDIUM
7,4,176,2,0.768,68.3,CRITICAL
7,4,436,3,0.696,53.59,CRITICAL
8,7,484,0,1.0,27.16,CRITICAL
1,0,436,2,0.092,84.06,LOW
9,2,82,3,0.211,77.23,HIGH
6,5,527,0,0.94,39.17,CRITICAL
9,6,570,0,0.72,37.29,CRITICAL
12,4,583,3,0.252,51.97,CRITICAL
15,6,345,0,0.459,33.26,CRITICAL
11,4,232,2,0.315,49.87,CRITICAL
3,2,34,1,0.999,87.28,HIGH
7,6,591,0,1.0,30.13,CRITICAL
13,0,168,2,0.0,87.82,LOW
6,4,678,1,0.735,44.34,CRITICAL
12,1,130,3,0.101,83.29,MEDIUM
6,5,594,1,1.0,51.55,CRITICAL
8,6,274,0,0.736,37.47,CRITICAL
7,4,47,1,0.691,64.17,HIGH
7,0,662,3,0.0,83.96,MEDIUM
10,4,360,0,0.378,35.7,HIGH
5,4,539,0,0.951,49.75,CRITICAL
12,6,392,3,0.406,35.72,CRITICAL
6,2,229,3,0.293,67.47,HIGH
10,6,433,2,0.716,39.68,CRITICAL
10,8,457,1,0.856,32.16,CRITICAL
2,1,655,0,0.912,70.83,MEDIUM
14,0,135,2,0.0,92.06,LOW
13,2,10,1,0.082,83.45,MEDIUM
7,6,365,3,1.0,29.12,CRITICAL
11,3,514,1,0.343,60.46,HIGH
6,4,293,1,0.836,58.29,CRITICAL
11,7,60,1,0.701,55.83,CRITICAL
2,1,223,1,1.0,86.39,HIGH
2,1,667,2,0.994,70.52,HIGH
12,6,506,2,0.478,37.57,CRITICAL
8,1,600,2,0.194,83.21,HIGH
5,2,162,1,0.522,76.23,MEDIUM
3,2,21,3,0.978,81.73,CRITICAL
7,3,643,1,0.443,57.46,HIGH
15,1,477,3,0.171,70.74,MEDIUM
4,3,279,2,1.0,68.1,CRITICAL
8,4,628,1,0.462,44.8,CRITICAL
13,6,231,1,0.578,39.45,CRITICAL
7,0,195,1,0.0,85.93,LOW
14,6,147,3,0.57,46.8,CRITICAL
14,7,400,2,0.408,34.36,CRITICAL
11,1,43,3,0.049,93.77,MEDIUM
15,6,222,2,0.458,39.85,CRITICAL
15,1,176,3,0.141,80.97,MEDIUM
11,8,39,2,0.726,34.32,CRITICAL
12,2,127,3,0.183,74.29,HIGH
8,4,547,2,0.49,57.94,CRITICAL
15,1,598,0,0.044,65.61,LOW
9,4,376,0,0.423,48.97,HIGH
1,0,15,3,0.0,92.41,LOW
12,2,544,0,0.215,57.46,MEDIUM
7,0,100,1,0.0,100.0,LOW
13,7,513,2,0.518,29.04,CRITICAL
13,0,691,1,0.0,88.04,LOW
9,0,346,0,0.0,80.91,LOW
3,2,493,3,0.925,65.55,CRITICAL
3,2,464,1,0.975,61.13,HIGH
12,2,549,0,0.174,73.97,MEDIUM
8,0,351,3,0.0,90.0,MEDIUM
8,6,93,1,0.96,47.03,CRITICAL
4,3,494,1,0.89,56.72,HIGH
3,2,513,0,0.87,62.35,HIGH
8,7,529,1,1.0,25.77,CRITICAL
11,3,134,2,0.308,71.13,HIGH
13,0,728,1,0.067,78.21,LOW
3,2,515,3,1.0,60.21,CRITICAL
10,2,389,3,0.292,62.73,HIGH
15,3,238,0,0.177,69.37,MEDIUM
1,0,371,0,0.024,88.9,LOW
13,4,651,0,0.325,44.7,HIGH
7,4,367,2,0.716,50.7,CRITICAL
15,4,39,2,0.326,73.24,CRITICAL
13,2,609,3,0.266,69.72,CRITICAL
1,0,695,1,0.008,78.23,LOW
14,3,281,3,0.24,64.22,HIGH
9,5,459,3,0.641,39.95,CRITICAL
4,3,529,0,0.935,58.23,HIGH
4,1,597,0,0.256,73.68,LOW
9,4,556,0,0.516,42.02,HIGH
11,4,524,3,0.362,50.63,CRITICAL
1,0,513,2,0.192,79.81,MEDIUM
14,8,387,1,0.592,30.58,CRITICAL
11,6,441,1,0.651,35.29,CRITICAL
9,6,271,2,0.761,38.45,CRITICAL
9,0,101,2,0.031,87.27,LOW
14,3,138,0,0.397,74.45,HIGH
9,4,447,2,0.535,40.14,CRITICAL
14,2,309,2,0.006,62.85,HIGH
1,0,680,2,0.0,75.12,LOW
6,4,548,1,0.683,59.74,CRITICAL
2,1,301,1,1.0,84.08,HIGH
8,6,707,2,1.0,35.22,CRITICAL
13,2,542,0,0.189,66.23,MEDIUM
14,8,681,2,0.585,42.99,CRITICAL
13,4,49,3,0.321,58.31,CRITICAL
8,7,74,2,1.0,48.18,CRITICAL
2,1,182,2,0.941,82.38,HIGH
4,3,676,1,0.88,49.54,CRITICAL
7,5,196,2,0.886,50.53,CRITICAL
12,4,179,0,0.401,59.79,HIGH
2,1,720,0,0.956,72.71,HIGH
13,8,268,1,0.755,35.56,CRITICAL
6,2,237,3,0.477,59.85,CRITICAL
8,4,605,1,0.56,37.87,CRITICAL
3,2,90,2,0.909,81.44,HIGH
12,6,405,0,0.61,37.83,CRITICAL
11,1,124,2,0.0,85.97,LOW
6,4,383,3,0.796,42.63,CRITICAL
12,6,544,2,0.587,34.44,CRITICAL
13,5,159,2,0.305,50.4,CRITICAL
13,2,674,1,0.05,56.02,MEDIUM
15,7,481,1,0.611,26.06,CRITICAL
4,3,188,2,1.0,69.21,CRITICAL
15,7,370,3,0.446,45.44,CRITICAL
9,8,720,3,0.982,22.38,CRITICAL
10,1,637,2,0.0,69.35,MEDIUM
14,5,236,3,0.469,40.37,CRITICAL
1,0,132,0,0.0,100.0,LOW
3,2,309,3,0.916,58.33,CRITICAL
6,5,491,2,1.0,36.86,CRITICAL
5,4,41,2,1.0,68.52,CRITICAL
5,4,58,2,1.0,60.33,CRITICAL
3,2,214,0,1.0,75.62,MEDIUM
3,2,92,0,1.0,79.39,HIGH
3,2,475,0,1.0,63.62,HIGH
14,6,461,3,0.353,36.98,CRITICAL
11,0,240,1,0.085,84.63,LOW
11,8,109,2,0.865,36.7,CRITICAL
13,7,5,1,0.445,58.61,CRITICAL
10,8,197,0,0.931,41.06,CRITICAL
5,1,460,0,0.22,72.56,MEDIUM
10,5,324,0,0.491,38.32,CRITICAL
1,0,605,1,0.0,82.14,MEDIUM
5,3,601,2,0.798,59.64,CRITICAL
10,2,256,2,0.364,71.19,HIGH
15,3,441,0,0.231,56.69,MEDIUM
7,2,266,1,0.289,63.63,MEDIUM
1,0,470,2,0.224,76.3,MEDIUM
5,4,180,0,1.0,70.8,CRITICAL
1,0,175,0,0.013,86.25,LOW
9,8,59,1,0.902,44.46,CRITICAL
11,6,701,0,0.553,45.01,CRITICAL
7,6,166,3,0.912,39.11,CRITICAL
11,1,649,0,0.062,66.37,LOW
6,5,171,0,1.0,46.19,CRITICAL
13,2,523,1,0.023,60.52,MEDIUM
12,0,534,3,0.0,86.16,MEDIUM
15,4,113,1,0.075,55.94,HIGH
9,1,695,3,0.21,72.86,HIGH
14,0,473,1,0.0,59.73,LOW
9,4,249,0,0.491,47.41,HIGH
5,4,183,2,0.892,60.56,CRITICAL
8,6,173,2,0.774,36.52,CRITICAL
15,7,716,0,0.568,34.25,CRITICAL
12,4,459,0,0.347,42.28,HIGH
10,2,639,3,0.234,61.15,HIGH
9,3,463,3,0.446,49.6,CRITICAL
6,1,446,3,0.089,68.65,MEDIUM
5,4,143,1,0.942,62.17,CRITICAL
12,7,588,0,0.561,28.12,CRITICAL
10,7,723,2,0.75,21.39,CRITICAL
13,0,354,1,0.057,71.72,LOW
11,4,630,1,0.459,43.95,CRITICAL
12,7,118,0,0.648,38.02,CRITICAL
8,7,554,2,0.993,33.4,CRITICAL
9,0,38,1,0.0,100.0,LOW
1,0,512,3,0.0,84.94,MEDIUM
11,2,579,2,0.308,66.73,HIGH
4,3,1,1,1.0,73.2,HIGH
15,7,228,3,0.375,30.54,CRITICAL
12,1,60,0,0.087,91.68,LOW
5,0,215,3,0.154,81.26,MEDIUM
2,0,549,2,0.056,78.61,MEDIUM
5,3,286,1,0.857,60.41,HIGH
7,6,639,2,1.0,30.93,CRITICAL
9,2,164,0,0.248,71.35,LOW
12,2,430,2,0.133,65.54,HIGH
7,5,365,3,0.872,42.01,CRITICAL
1,0,3,1,0.035,92.84,LOW
12,6,343,3,0.549,33.76,CRITICAL
9,8,659,3,0.89,29.0,CRITICAL
5,2,367,0,0.511,63.06,MEDIUM
4,0,202,3,0.153,89.62,MEDIUM
1,0,107,2,0.0,85.08,LOW
12,0,76,2,0.133,100.0,LOW
2,1,454,1,0.961,68.79,HIGH
2,1,538,0,1.0,72.46,MEDIUM
8,7,528,2,1.0,34.43,CRITICAL
10,0,463,2,0.166,72.52,MEDIUM
14,0,154,3,0.0,100.0,MEDIUM
11,0,646,2,0.0,66.3,MEDIUM
9,2,509,1,0.217,74.23,MEDIUM
12,8,194,3,0.723,44.58,CRITICAL
2,0,148,2,0.112,96.61,LOW
12,8,464,1,0.701,21.87,CRITICAL
12,3,440,0,0.301,54.75,HIGH
6,5,508,1,0.977,48.24,CRITICAL
11,5,679,0,0.538,28.04,CRITICAL
12,0,728,0,0.039,80.81,LOW
1,0,337,2,0.161,85.91,MEDIUM
13,0,228,3,0.0,79.72,LOW
3,1,647,3,0.57,76.64,HIGH
7,4,180,1,0.829,60.96,CRITICAL
6,4,515,0,0.761,39.11,CRITICAL
10,1,71,2,0.116,85.51,MEDIUM
8,2,452,2,0.152,70.82,HIGH
9,0,535,1,0.198,72.16,LOW
8,5,91,2,0.612,51.2,CRITICAL
7,1,513,0,0.29,70.98,MEDIUM
12,0,718,1,0.01,86.55,LOW
4,1,108,0,0.269,85.73,LOW
11,0,544,2,0.106,84.17,LOW
9,1,723,1,0.219,77.71,MEDIUM
4,0,415,2,0.0,72.61,MEDIUM
6,5,371,1,1.0,37.37,CRITICAL
3,2,395,3,0.958,50.06,CRITICAL
2,0,679,2,0.0,87.1,LOW
8,3,507,2,0.315,48.65,HIGH
9,3,229,0,0.388,50.0,MEDIUM
5,0,674,3,0.013,84.57,MEDIUM
10,3,581,1,0.354,46.9,HIGH
7,2,221,3,0.385,66.46,HIGH
13,7,470,1,0.707,23.18,CRITICAL
7,0,472,1,0.177,70.22,LOW
7,3,454,1,0.474,55.13,HIGH
13,6,294,2,0.582,30.93,CRITICAL
14,4,491,0,0.241,45.83,HIGH
3,2,436,0,1.0,56.07,HIGH
3,0,134,3,0.0,93.3,MEDIUM
2,1,464,0,0.951,76.37,MEDIUM
7,4,93,3,0.659,54.63,CRITICAL
11,3,715,2,0.272,46.01,HIGH
1,0,570,2,0.0,86.32,MEDIUM
9,1,372,2,0.218,70.64,MEDIUM
11,6,217,0,0.589,49.27,CRITICAL
15,7,170,0,0.569,54.68,CRITICAL
4,2,172,0,0.581,64.33,MEDIUM
14,3,342,3,0.311,57.97,CRITICAL
10,5,618,0,0.556,39.86,CRITICAL
9,0,55,2,0.029,100.0,LOW
11,2,243,2,0.142,66.17,MEDIUM
4,3,686,0,0.928,54.82,CRITICAL
5,2,509,2,0.55,67.19,HIGH
12,5,286,1,0.455,40.7,CRITICAL
15,0,609,0,0.048,79.01,LOW
10,8,173,3,0.854,37.04,CRITICAL
11,1,249,2,0.083,76.4,MEDIUM
5,4,633,0,0.947,54.06,CRITICAL
6,5,108,3,0.967,56.71,CRITICAL
1,0,8,3,0.0,93.53,LOW
2,0,601,3,0.0,82.04,MEDIUM
3,2,486,0,1.0,77.42,HIGH
3,1,610,3,0.622,77.51,HIGH
5,4,141,2,0.973,56.7,CRITICAL
3,2,519,0,0.984,61.49,HIGH
12,1,526,0,0.066,71.03,LOW
9,1,468,1,0.0,72.98,MEDIUM
6,5,422,2,0.992,42.24,CRITICAL
1,0,434,1,0.08,64.73,LOW
2,1,257,1,0.918,72.86,HIGH
8,6,654,3,0.914,32.51,CRITICAL
9,2,251,2,0.15,64.39,MEDIUM
12,5,526,3,0.536,43.46,CRITICAL
3,1,272,3,0.396,84.69,HIGH
11,6,433,3,0.592,27.31,CRITICAL
14,1,125,1,0.055,84.69,MEDIUM
2,1,721,3,0.841,72.69,HIGH
7,1,88,3,0.116,94.45,MEDIUM
15,7,244,1,0.56,36.34,CRITICAL
1,0,280,1,0.0,85.01,LOW
8,2,241,1,0.195,70.92,MEDIUM
15,1,240,3,0.109,71.38,MEDIUM
12,8,361,2,0.786,32.41,CRITICAL
4,3,145,3,0.974,59.65,CRITICAL
3,1,8,0,0.604,86.08,LOW
3,2,206,0,1.0,70.0,HIGH
8,7,258,2,0.921,36.53,CRITICAL
6,1,525,1,0.183,79.46,MEDIUM
2,1,441,0,1.0,71.82,MEDIUM
11,7,70,0,0.747,60.54,CRITICAL
2,1,43,3,1.0,85.55,HIGH
12,7,476,1,0.557,44.33,CRITICAL
6,5,42,0,1.0,41.79,CRITICAL
3,2,326,0,0.922,64.92,MEDIUM
8,5,188,3,0.636,51.05,CRITICAL
8,4,441,0,0.495,53.13,HIGH
1,0,66,3,0.066,93.77,MEDIUM
7,6,294,3,0.955,27.33,CRITICAL
5,1,81,3,0.228,96.9,MEDIUM
5,1,652,0,0.374,77.78,MEDIUM
3,2,456,1,1.0,69.27,HIGH
9,1,494,2,0.17,71.12,HIGH
7,6,703,2,0.996,33.36,CRITICAL
11,8,559,0,0.714,27.45,CRITICAL
2,1,84,2,0.949,82.94,HIGH
5,3,507,1,0.612,60.8,HIGH
1,0,200,0,0.062,79.15,LOW
12,0,537,2,0.0,86.28,MEDIUM
14,2,112,1,0.03,77.16,MEDIUM
11,0,540,3,0.042,75.06,MEDIUM
10,5,378,0,0.525,40.81,CRITICAL
13,0,301,2,0.0,70.6,LOW
12,3,652,2,0.298,65.43,CRITICAL
8,7,13,0,0.975,47.66,CRITICAL
2,1,694,0,1.0,69.18,HIGH
5,4,127,2,1.0,66.75,CRITICAL
15,7,370,0,0.382,25.22,CRITICAL
3,2,582,2,1.0,57.64,CRITICAL
8,7,537,3,0.925,36.51,CRITICAL
6,1,44,3,0.212,75.5,MEDIUM
12,5,455,3,0.28,40.27,CRITICAL
3,1,414,3,0.443,71.43,HIGH
11,8,302,0,0.846,46.2,CRITICAL
15,6,571,3,0.369,32.43,CRITICAL
14,8,573,2,0.603,24.46,CRITICAL
8,1,204,1,0.123,80.42,MEDIUM
11,6,327,1,0.683,40.47,CRITICAL
12,2,432,0,0.092,66.95,MEDIUM
7,5,486,2,0.658,24.71,CRITICAL
6,3,574,3,0.583,56.35,CRITICAL
5,4,210,1,1.0,57.2,CRITICAL
8,2,54,0,0.455,81.94,MEDIUM
13,4,316,3,0.382,50.92,CRITICAL
1,0,324,1,0.013,81.58,LOW
5,2,206,2,0.487,63.17,HIGH
15,0,264,0,0.052,85.78,LOW
10,2,370,3,0.186,72.27,HIGH
8,5,632,3,0.709,52.47,CRITICAL
5,2,507,0,0.551,59.49,HIGH
14,0,508,2,0.0,75.94,MEDIUM
7,2,11,1,0.39,81.61,MEDIUM
14,0,513,2,0.077,82.68,MEDIUM
6,5,430,2,1.0,32.92,CRITICAL
1,0,251,0,0.06,88.63,LOW
4,3,705,0,1.0,46.08,CRITICAL
7,4,333,2,0.576,43.42,CRITICAL
13,6,423,0,0.568,25.39,CRITICAL
7,6,442,1,1.0,42.52,CRITICAL
8,4,651,2,0.605,39.03,CRITICAL
4,0,646,1,0.0,74.07,LOW
13,3,206,1,0.268,65.99,HIGH
6,1,563,2,0.021,67.25,MEDIUM
11,6,638,2,0.565,29.82,CRITICAL
5,3,407,0,0.772,58.79,HIGH
2,1,649,0,0.996,72.77,MEDIUM
3,2,46,2,0.862,87.34,HIGH
14,7,295,3,0.629,33.74,CRITICAL
1,0,326,2,0.025,73.38,LOW
10,2,334,0,0.244,69.39,MEDIUM
13,6,565,2,0.482,29.05,CRITICAL
3,2,530,2,1.0,71.64,CRITICAL
7,0,487,2,0.113,82.74,MEDIUM
6,5,687,2,0.991,36.46,CRITICAL
13,3,112,2,0.257,62.73,HIGH
3,2,155,1,0.967,66.91,HIGH
15,1,399,1,0.165,72.9,MEDIUM
1,0,89,2,0.002,100.0,LOW
14,2,410,2,0.171,72.43,MEDIUM
15,4,565,0,0.474,41.86,HIGH
14,2,636,2,0.362,57.64,HIGH
9,7,683,0,0.784,24.2,CRITICAL
6,2,706,3,0.457,73.35,CRITICAL
2,1,364,1,1.0,72.45,HIGH
15,1,513,1,0.032,68.11,MEDIUM
10,2,230,2,0.275,73.45,HIGH
12,0,176,1,0.002,89.95,LOW
7,5,297,0,0.846,50.13,CRITICAL
7,6,30,0,0.918,37.29,CRITICAL
2,0,374,2,0.0,76.02,MEDIUM
12,4,400,3,0.313,37.64,CRITICAL
12,3,202,3,0.271,66.02,HIGH
10,8,209,1,0.857,51.55,CRITICAL
3,2,220,3,0.965,66.64,CRITICAL
6,1,699,3,0.196,82.77,HIGH
5,3,71,3,0.691,69.39,CRITICAL
3,0,711,3,0.089,80.05,MEDIUM
12,0,379,1,0.009,85.57,LOW
8,0,35,0,0.024,100.0,LOW
9,5,598,1,0.681,30.93,CRITICAL
11,0,78,3,0.0,89.19,MEDIUM
11,3,275,0,0.226,58.71,HIGH
9,8,63,1,0.975,53.83,CRITICAL
2,1,526,2,1.0,77.46,HIGH
6,5,27,1,1.0,60.12,CRITICAL
4,3,163,2,1.0,72.24,CRITICAL
9,1,68,2,0.199,92.96,MEDIUM
13,1,490,3,0.12,70.2,MEDIUM
10,6,587,3,0.605,26.64,CRITICAL
4,3,356,0,0.999,60.2,CRITICAL
12,4,480,3,0.429,48.54,CRITICAL
4,3,421,1,0.84,55.26,HIGH
10,7,721,3,0.657,35.89,CRITICAL
5,0,530,0,0.0,80.76,LOW
2,1,456,3,0.94,60.01,HIGH
11,5,198,2,0.654,54.53,CRITICAL
14,4,518,3,0.45,33.92,CRITICAL
15,5,381,2,0.328,41.49,CRITICAL
14,0,244,1,0.0,93.42,LOW
9,7,330,2,0.9,42.94,CRITICAL
8,6,173,3,0.951,55.59,CRITICAL
2,1,209,2,1.0,89.91,HIGH
7,1,464,1,0.083,70.43,MEDIUM
14,8,248,3,0.67,29.67,CRITICAL
2,0,580,2,0.0,77.44,MEDIUM
3,2,183,1,0.967,76.27,HIGH
1,0,236,3,0.194,90.2,MEDIUM
7,6,454,2,0.935,33.14,CRITICAL
8,0,432,0,0.015,72.98,LOW
15,3,309,2,0.179,64.42,HIGH
7,2,8,0,0.329,83.33,MEDIUM
3,2,239,1,0.949,73.71,HIGH
7,3,554,2,0.612,46.53,CRITICAL
11,0,353,3,0.0,80.65,MEDIUM
9,6,313,2,0.622,40.37,CRITICAL
12,2,546,0,0.139,66.21,MEDIUM
2,1,19,2,0.91,91.14,HIGH
11,2,479,0,0.14,66.4,MEDIUM
2,1,306,0,1.0,72.93,MEDIUM
2,1,471,2,0.989,70.7,HIGH
12,6,251,2,0.642,37.11,CRITICAL
3,0,557,2,0.0,77.24,MEDIUM
8,2,497,1,0.351,59.48,HIGH
3,2,567,0,1.0,64.96,HIGH
8,2,583,2,0.398,57.73,HIGH
10,1,600,1,0.071,69.84,MEDIUM
13,0,706,0,0.004,66.36,LOW
9,5,33,2,0.707,58.34,CRITICAL
11,3,186,1,0.078,70.46,HIGH
14,5,43,2,0.407,47.59,CRITICAL
15,4,548,3,0.229,57.13,CRITICAL
1,0,618,2,0.0,83.88,MEDIUM
12,5,271,0,0.433,34.85,CRITICAL
2,1,655,3,0.978,63.32,CRITICAL
10,2,204,1,0.204,74.49,MEDIUM
9,2,127,3,0.125,76.25,HIGH
5,0,672,0,0.017,83.49,LOW
3,2,67,3,1.0,76.62,CRITICAL
8,2,676,2,0.106,61.61,HIGH
4,3,140,3,0.993,68.7,CRITICAL
5,4,481,1,1.0,49.82,CRITICAL
13,6,349,0,0.587,35.43,CRITICAL
2,1,441,1,1.0,76.88,MEDIUM
4,3,346,3,1.0,55.8,CRITICAL
10,8,419,1,1.0,27.61,CRITICAL
9,7,474,0,0.631,29.98,CRITICAL
3,2,595,0,0.786,66.56,HIGH
15,4,708,3,0.228,44.03,CRITICAL
7,6,342,1,1.0,37.15,CRITICAL
2,1,57,2,1.0,90.42,HIGH
12,5,370,3,0.379,46.16,CRITICAL
7,6,561,2,0.989,26.47,CRITICAL
11,2,93,2,0.257,75.24,MEDIUM
6,5,407,0,0.966,41.9,CRITICAL
10,2,702,2,0.22,73.82,HIGH
2,1,124,3,0.962,77.52,HIGH
3,2,584,2,0.961,67.67,HIGH
12,3,107,1,0.245,78.25,HIGH
13,1,726,0,0.224,68.55,MEDIUM
6,4,628,3,0.741,44.12,CRITICAL
14,7,220,1,0.442,42.98,CRITICAL
2,1,449,0,0.991,69.19,MEDIUM
3,2,119,0,1.0,78.63,HIGH
9,7,77,1,1.0,56.25,CRITICAL
11,4,56,0,0.438,70.92,HIGH
11,8,156,3,0.858,49.35,CRITICAL
14,5,507,3,0.312,39.8,CRITICAL
2,1,390,0,0.943,80.72,MEDIUM
6,3,296,3,0.416,54.92,CRITICAL
15,2,299,3,0.172,68.19,HIGH
2,1,408,3,0.918,80.3,HIGH
5,3,481,2,0.859,57.95,CRITICAL
5,2,589,3,0.561,69.34,CRITICAL
4,1,283,3,0.183,80.89,MEDIUM
15,1,562,1,0.117,69.64,MEDIUM
9,8,132,3,0.94,44.57,CRITICAL
10,7,528,0,0.806,25.31,CRITICAL
12,7,290,2,0.587,38.25,CRITICAL
15,6,312,0,0.516,33.44,CRITICAL
13,2,153,2,0.247,66.75,MEDIUM
2,1,48,3,1.0,100.0,HIGH
2,0,176,0,0.02,90.78,LOW
5,2,298,1,0.366,73.54,MEDIUM
11,6,544,3,0.7,30.26,CRITICAL
15,6,607,3,0.387,32.1,CRITICAL
10,3,340,2,0.33,63.24,HIGH
12,6,604,2,0.656,38.14,CRITICAL
13,2,443,0,0.268,64.34,MEDIUM
1,0,659,0,0.0,84.92,LOW
5,4,548,2,0.913,50.9,CRITICAL
12,5,516,0,0.472,40.08,HIGH
8,1,160,0,0.153,81.15,LOW
1,0,292,3,0.0,77.76,MEDIUM
11,3,508,3,0.318,54.24,CRITICAL
10,6,701,0,0.709,38.17,CRITICAL
8,5,125,1,0.634,55.44,CRITICAL
11,1,192,0,0.018,88.46,LOW
13,2,556,2,0.099,64.12,MEDIUM
4,3,176,0,0.966,60.75,HIGH
1,0,729,0,0.0,76.13,LOW
2,1,730,2,1.0,74.71,HIGH
5,4,473,3,0.904,56.14,CRITICAL
11,3,628,0,0.319,66.34,HIGH
13,3,440,2,0.143,49.4,HIGH
8,2,196,2,0.267,77.6,HIGH
5,0,149,2,0.0,92.61,LOW
12,4,176,3,0.416,53.79,CRITICAL
6,4,193,3,0.813,52.4,CRITICAL
13,8,463,0,0.721,33.01,CRITICAL
10,5,144,0,0.411,54.79,CRITICAL
14,3,728,0,0.08,64.1,HIGH
9,0,438,1,0.0,84.52,LOW
1,0,301,3,0.11,85.79,MEDIUM
6,1,345,0,0.12,71.45,LOW
2,1,329,0,1.0,69.84,MEDIUM
15,5,480,0,0.375,52.39,HIGH
10,8,172,2,0.991,38.33,CRITICAL
5,4,354,0,0.891,45.95,HIGH
6,4,134,1,0.709,72.8,CRITICAL
15,2,546,3,0.132,66.29,MEDIUM
2,1,373,2,0.957,63.65,HIGH
3,2,488,1,0.931,61.87,HIGH
5,4,378,2,1.0,53.51,CRITICAL
3,2,268,0,0.997,68.73,HIGH
14,8,293,1,0.497,38.58,CRITICAL
10,8,206,0,0.935,39.51,CRITICAL
14,6,505,0,0.501,32.95,CRITICAL
3,2,325,1,1.0,64.69,HIGH
6,4,212,0,0.89,56.87,CRITICAL
4,3,480,3,0.948,59.7,CRITICAL
11,3,315,1,0.25,56.22,MEDIUM
14,1,149,1,0.045,87.08,MEDIUM
14,6,42,3,0.474,52.56,CRITICAL
14,7,612,1,0.65,40.42,CRITICAL
12,3,221,3,0.211,63.12,CRITICAL
13,8,142,0,0.647,49.85,CRITICAL
11,6,436,3,0.607,33.57,CRITICAL
5,0,440,0,0.036,74.78,LOW
9,0,639,0,0.0,73.74,LOW
12,1,103,0,0.092,85.47,LOW
4,3,716,1,1.0,45.29,CRITICAL
4,3,224,2,1.0,69.12,CRITICAL
14,2,627,3,0.197,58.85,CRITICAL
7,6,135,0,1.0,40.8,CRITICAL
5,4,414,2,0.986,44.78,CRITICAL
6,5,231,0,1.0,55.84,CRITICAL
5,4,124,3,1.0,61.66,CRITICAL
7,2,556,2,0.3,58.61,HIGH
4,3,212,2,0.97,60.42,CRITICAL
7,6,546,3,1.0,34.35,CRITICAL
2,0,432,0,0.153,79.82,LOW
15,3,251,0,0.272,69.63,HIGH
4,1,125,3,0.418,88.19,HIGH
5,3,31,0,0.811,65.73,HIGH
10,6,290,1,0.524,38.77,CRITICAL
1,0,449,0,0.015,82.0,LOW
12,7,339,1,0.608,30.25,CRITICAL
9,7,107,3,0.952,48.15,CRITICAL
7,2,457,2,0.33,64.97,HIGH
9,1,295,3,0.244,75.95,MEDIUM
14,2,71,1,0.217,80.18,MEDIUM
2,1,91,0,1.0,89.04,MEDIUM
10,1,327,2,0.022,67.73,MEDIUM
12,5,587,0,0.479,38.75,CRITICAL
8,7,728,1,0.929,32.72,CRITICAL
1,0,675,3,0.066,82.6,MEDIUM
1,0,446,3,0.0,75.18,MEDIUM
8,1,426,3,0.094,66.61,HIGH
14,0,717,0,0.043,77.73,LOW
14,7,696,0,0.473,37.64,CRITICAL
8,6,602,3,0.862,34.67,CRITICAL
15,3,214,2,0.177,63.72,HIGH
3,2,238,1,0.985,75.6,HIGH
12,8,506,2,0.757,25.41,CRITICAL
3,2,116,0,0.78,78.44,MEDIUM
15,8,1,2,0.413,58.17,CRITICAL
7,2,506,1,0.413,65.73,HIGH
14,0,547,1,0.0,78.95,LOW
15,2,250,3,0.098,89.11,HIGH
7,4,162,3,0.451,59.49,CRITICAL
8,6,681,0,0.784,31.53,CRITICAL
6,5,513,0,0.878,46.12,CRITICAL
15,5,334,2,0.46,42.06,CRITICAL
13,6,379,2,0.434,35.27,CRITICAL
11,6,612,1,0.564,31.24,CRITICAL
7,6,703,3,1.0,35.67,CRITICAL
6,0,483,1,0.082,93.88,LOW
3,2,138,1,0.928,76.66,HIGH
7,0,150,1,0.0,84.3,LOW
5,4,468,2,0.861,44.18,CRITICAL
6,5,99,3,0.943,54.7,CRITICAL
12,7,402,3,0.81,32.91,CRITICAL
5,4,356,2,1.0,53.3,CRITICAL
11,3,500,1,0.404,52.82,HIGH
7,1,648,0,0.22,68.26,MEDIUM
8,5,39,2,0.634,56.05,CRITICAL
6,5,133,3,1.0,55.4,CRITICAL
12,8,455,1,0.883,30.02,CRITICAL
7,6,385,1,1.0,29.55,CRITICAL
10,7,226,0,0.734,46.98,CRITICAL
13,6,382,2,0.415,26.88,CRITICAL
7,1,103,0,0.12,79.96,LOW
9,5,636,0,0.588,29.1,CRITICAL
1,0,382,0,0.068,83.01,LOW
9,6,453,2,0.753,18.12,CRITICAL
11,0,515,0,0.001,85.01,LOW
15,6,398,1,0.343,27.89,CRITICAL
3,0,410,2,0.0,79.54,MEDIUM
14,1,299,0,0.0,79.69,LOW
9,8,509,2,1.0,24.89,CRITICAL
5,4,713,3,1.0,51.06,CRITICAL
11,6,392,3,0.495,30.72,CRITICAL
13,5,661,3,0.41,37.16,CRITICAL
11,8,556,0,0.646,25.8,CRITICAL
6,3,41,3,0.658,66.31,CRITICAL
14,2,472,1,0.106,58.54,MEDIUM
6,0,82,3,0.15,93.2,MEDIUM
10,3,558,1,0.335,62.67,HIGH
10,3,680,2,0.417,52.14,CRITICAL
7,1,417,3,0.248,69.56,HIGH
15,0,295,3,0.107,84.64,MEDIUM
8,2,299,3,0.515,61.49,HIGH
2,1,258,2,1.0,84.8,HIGH
10,0,484,2,0.0,78.89,MEDIUM
3,2,469,0,0.935,53.11,HIGH
12,5,495,2,0.3,30.33,CRITICAL
15,0,499,1,0.0,78.15,LOW
3,2,561,1,1.0,66.24,CRITICAL
10,4,485,3,0.384,36.5,CRITICAL
3,2,331,1,0.999,55.88,HIGH
8,4,43,0,0.482,53.04,HIGH
2,1,480,3,0.832,65.72,HIGH
15,6,127,0,0.387,53.02,CRITICAL
11,2,430,3,0.202,63.05,HIGH
15,2,703,1,0.117,80.2,MEDIUM
7,2,286,3,0.388,71.86,HIGH
2,0,41,3,0.025,95.02,LOW
14,1,249,1,0.091,80.49,LOW
7,4,237,1,0.714,47.7,CRITICAL
1,0,562,2,0.0,81.07,MEDIUM
5,4,630,3,0.909,42.03,CRITICAL
6,5,719,2,0.882,43.95,CRITICAL
5,4,670,0,0.748,50.74,CRITICAL
4,3,239,0,1.0,55.49,HIGH
1,0,272,0,0.073,75.88,LOW
7,6,596,1,1.0,30.51,CRITICAL
7,0,1,3,0.179,94.31,MEDIUM
2,1,445,0,1.0,73.3,HIGH
12,8,125,3,0.664,30.52,CRITICAL
2,1,105,2,0.968,80.52,HIGH
2,1,44,1,1.0,87.88,MEDIUM
13,6,707,2,0.391,25.33,CRITICAL
2,1,399,2,0.897,75.34,HIGH
4,0,553,3,0.0,80.12,MEDIUM
2,1,92,1,0.94,92.11,HIGH
10,6,542,3,0.572,36.25,CRITICAL
11,3,463,1,0.367,46.5,HIGH
1,0,352,3,0.091,84.91,MEDIUM
4,3,191,3,1.0,63.78,CRITICAL
8,0,378,0,0.0,71.09,LOW
4,1,449,0,0.42,81.41,MEDIUM
5,4,53,1,0.845,63.24,CRITICAL
12,0,422,3,0.003,76.76,MEDIUM
7,3,726,3,0.594,66.26,CRITICAL
12,1,61,3,0.329,89.58,MEDIUM
4,3,373,2,0.97,55.83,CRITICAL
5,4,655,3,1.0,43.26,CRITICAL
5,4,612,0,0.926,37.71,CRITICAL
2,1,27,3,1.0,88.05,HIGH
5,4,671,0,1.0,41.74,CRITICAL
7,3,477,3,0.486,53.87,CRITICAL
14,5,85,0,0.428,63.22,HIGH
7,6,674,1,1.0,24.47,CRITICAL
7,0,446,3,0.0,69.13,MEDIUM
1,0,118,3,0.037,91.02,MEDIUM
12,1,636,0,0.201,75.49,MEDIUM
9,4,400,2,0.51,53.17,CRITICAL
9,5,644,2,0.646,41.29,CRITICAL
7,6,42,2,1.0,46.51,CRITICAL
4,3,317,0,1.0,55.5,CRITICAL
14,2,111,0,0.007,89.81,LOW
15,2,413,3,0.095,76.32,HIGH
11,0,245,0,0.101,88.03,LOW
1,0,629,0,0.049,84.98,LOW
8,2,360,3,0.376,66.62,HIGH
9,8,488,0,1.0,27.47,CRITICAL
11,2,43,0,0.159,87.88,MEDIUM
13,7,99,1,0.64,36.05,CRITICAL
10,3,34,1,0.353,82.61,HIGH
12,7,206,1,0.663,32.68,CRITICAL
13,8,515,3,0.702,24.32,CRITICAL
7,6,439,1,1.0,35.86,CRITICAL
5,1,201,0,0.367,85.66,LOW
3,2,375,2,0.93,67.31,HIGH
1,0,529,0,0.0,76.7,LOW
11,2,726,2,0.181,63.08,HIGH
8,7,236,3,1.0,42.46,CRITICAL
8,2,314,3,0.146,72.26,HIGH
11,1,702,0,0.0,67.76,LOW
13,8,48,0,0.586,45.3,CRITICAL
1,0,549,3,0.0,79.11,MEDIUM
14,7,136,0,0.584,37.76,CRITICAL
9,1,623,3,0.264,76.72,HIGH
12,8,62,3,0.647,53.11,CRITICAL
2,1,171,3,0.955,80.4,HIGH
9,7,218,2,0.953,43.15,CRITICAL
13,2,28,3,0.151,75.96,MEDIUM
13,4,302,3,0.305,45.09,CRITICAL
8,7,85,0,1.0,63.01,CRITICAL
12,5,437,2,0.365,42.85,CRITICAL
8,2,677,1,0.376,70.13,MEDIUM
6,5,679,3,1.0,29.72,CRITICAL
11,8,167,0,0.756,45.85,CRITICAL
6,0,89,1,0.0,100.0,LOW
1,0,683,1,0.0,76.97,LOW
8,1,177,0,0.144,82.26,LOW
3,2,713,0,0.892,45.39,HIGH
13,0,376,0,0.1,83.84,LOW
7,6,459,1,1.0,35.16,CRITICAL
6,5,227,2,1.0,39.95,CRITICAL
2,1,507,1,1.0,67.16,HIGH
10,4,118,0,0.455,72.84,HIGH
7,0,606,1,0.189,65.25,LOW
15,3,729,2,0.124,56.51,HIGH
12,4,233,3,0.348,61.07,CRITICAL
13,8,479,0,0.553,28.89,CRITICAL
13,3,678,1,0.333,50.68,HIGH
3,2,182,0,0.994,74.44,HIGH
5,1,629,1,0.207,71.87,MEDIUM
14,4,229,3,0.351,57.16,CRITICAL
11,6,380,0,0.49,29.67,CRITICAL
13,2,364,0,0.365,69.84,MEDIUM
7,0,204,0,0.046,88.17,LOW
12,7,126,3,0.62,47.65,CRITICAL
11,1,602,3,0.101,74.78,MEDIUM
2,1,538,2,1.0,71.91,HIGH
2,1,505,0,0.975,65.41,MEDIUM
14,8,470,2,0.605,29.07,CRITICAL
8,5,495,0,0.674,30.04,CRITICAL
7,6,417,0,1.0,28.01,CRITICAL
5,4,427,3,0.904,54.11,CRITICAL
3,2,488,1,0.967,66.38,HIGH
9,3,298,2,0.483,49.15,HIGH
9,0,196,1,0.046,86.49,LOW
12,0,562,0,0.0,78.04,LOW
13,3,696,1,0.221,52.6,HIGH
5,4,520,2,0.891,54.32,CRITICAL
9,6,376,2,0.743,28.93,CRITICAL
1,0,323,0,0.0,76.84,LOW
9,7,194,1,0.834,32.96,CRITICAL
1,0,596,3,0.044,78.08,MEDIUM
5,3,270,1,0.752,64.56,HIGH
12,2,392,0,0.211,66.51,MEDIUM
13,5,616,0,0.3,43.14,CRITICAL
10,2,242,3,0.274,71.19,HIGH
4,3,468,1,0.989,54.45,CRITICAL
8,0,576,2,0.079,80.29,MEDIUM
10,5,374,1,0.432,35.2,CRITICAL
1,0,284,0,0.074,82.25,LOW
6,1,403,3,0.069,61.92,MEDIUM
10,4,75,2,0.397,70.06,CRITICAL
2,1,676,0,1.0,73.48,MEDIUM
10,4,724,3,0.575,57.27,CRITICAL
15,8,107,0,0.625,45.45,CRITICAL
12,8,671,3,0.853,28.18,CRITICAL
6,3,72,1,0.623,65.89,HIGH
6,5,700,2,1.0,38.84,CRITICAL
4,2,712,1,0.655,56.92,HIGH
6,5,303,1,0.95,44.77,CRITICAL
12,6,331,3,0.622,36.44,CRITICAL
14,5,208,2,0.524,63.81,CRITICAL
5,0,579,2,0.076,85.38,MEDIUM
14,6,547,0,0.373,33.48,CRITICAL
5,4,673,0,0.908,43.02,CRITICAL
12,5,364,3,0.284,44.73,CRITICAL
5,4,726,3,0.972,41.99,CRITICAL
15,8,275,3,0.504,44.37,CRITICAL
9,5,305,2,0.429,31.73,CRITICAL
6,5,675,3,0.973,41.29,CRITICAL
9,7,574,3,0.828,27.92,CRITICAL
12,0,131,0,0.003,97.4,LOW
1,0,708,2,0.0,79.41,MEDIUM
13,6,366,2,0.653,28.04,CRITICAL
12,1,569,3,0.28,76.22,HIGH
10,7,490,2,0.674,33.2,CRITICAL
14,5,697,1,0.398,42.24,CRITICAL
6,5,200,2,0.971,43.82,CRITICAL
7,5,549,3,0.857,27.15,CRITICAL
5,4,704,0,1.0,37.97,CRITICAL
8,7,434,0,0.862,36.04,CRITICAL
2,1,53,3,0.962,90.69,HIGH
7,6,208,3,0.971,33.13,CRITICAL
5,0,414,3,0.093,77.3,MEDIUM
5,0,138,3,0.0,88.98,MEDIUM
11,3,169,0,0.243,60.73,MEDIUM
6,1,234,3,0.184,87.6,HIGH
5,4,488,0,1.0,61.63,CRITICAL
14,4,435,1,0.261,52.65,HIGH
14,8,553,1,0.625,33.16,CRITICAL
10,6,48,1,0.691,51.22,CRITICAL
6,1,91,0,0.143,82.83,LOW
13,4,427,0,0.382,55.16,HIGH
10,1,445,1,0.199,69.03,MEDIUM
10,5,659,3,0.467,39.49,CRITICAL
5,4,305,3,0.857,47.46,CRITICAL
1,0,563,0,0.0,75.75,LOW
10,1,86,2,0.012,73.52,MEDIUM
11,8,151,3,0.985,44.24,CRITICAL
14,4,209,0,0.284,64.39,HIGH
13,0,611,1,0.069,78.72,LOW
13,1,17,1,0.0,87.29,LOW
11,7,11,3,0.769,49.29,CRITICAL
4,3,51,1,1.0,75.98,HIGH
9,2,285,3,0.23,69.25,HIGH
8,4,534,1,0.52,44.01,CRITICAL
10,3,372,3,0.377,66.52,CRITICAL
6,2,197,0,0.497,71.51,MEDIUM
10,1,648,2,0.099,70.57,MEDIUM
14,3,488,3,0.238,53.15,HIGH
8,0,529,0,0.17,83.61,LOW
14,8,175,2,0.622,38.03,CRITICAL
10,6,563,1,0.726,38.26,CRITICAL
3,2,1,1,1.0,99.72,HIGH
12,4,130,0,0.383,58.39,HIGH
2,1,171,3,1.0,91.95,HIGH
1,0,408,2,0.13,81.54,MEDIUM
11,4,193,3,0.422,55.95,CRITICAL
4,3,200,1,1.0,67.27,HIGH
7,5,565,2,0.827,34.47,CRITICAL
9,0,12,0,0.011,98.38,LOW
1,0,465,0,0.119,71.46,LOW
14,7,364,0,0.526,31.88,CRITICAL
12,3,510,0,0.449,67.09,HIGH
12,4,148,0,0.289,50.73,HIGH
6,5,137,0,0.945,47.91,CRITICAL
6,5,123,0,1.0,58.2,CRITICAL
13,1,264,1,0.152,71.74,MEDIUM
12,0,181,2,0.014,85.74,LOW
8,7,707,1,1.0,28.98,CRITICAL
5,0,187,3,0.033,81.72,MEDIUM
8,7,699,2,1.0,25.97,CRITICAL
1,0,20,2,0.103,91.71,LOW
6,1,424,1,0.298,70.53,MEDIUM
13,2,14,2,0.067,84.21,MEDIUM
6,4,336,0,0.756,49.31,CRITICAL
10,0,13,1,0.0,100.0,LOW
10,3,143,0,0.157,66.99,MEDIUM
1,0,70,0,0.115,92.65,LOW
9,6,612,0,0.778,35.32,CRITICAL
1,0,148,1,0.008,91.51,LOW
10,8,8,2,0.888,52.39,CRITICAL
3,2,26,1,1.0,83.39,HIGH
12,1,100,3,0.108,79.76,HIGH
11,0,218,3,0.098,91.22,MEDIUM
14,7,407,2,0.467,36.7,CRITICAL
14,8,584,0,0.547,32.85,CRITICAL
1,0,242,3,0.0,81.61,MEDIUM
1,0,108,3,0.047,96.57,MEDIUM
14,6,156,3,0.377,50.29,CRITICAL
11,5,647,3,0.582,43.08,CRITICAL
15,3,474,0,0.191,50.09,MEDIUM
8,0,730,0,0.035,70.18,LOW
13,5,468,0,0.221,33.59,CRITICAL
13,2,147,0,0.248,81.12,MEDIUM
9,5,529,2,0.659,44.49,CRITICAL
5,3,85,0,0.831,74.44,HIGH
3,2,341,2,0.982,61.12,HIGH
2,1,109,2,0.94,88.32,HIGH
13,2,295,3,0.203,64.52,HIGH
8,7,115,2,1.0,43.93,CRITICAL
4,3,418,2,1.0,61.63,CRITICAL
2,0,1,3,0.168,100.0,MEDIUM
14,6,406,2,0.305,36.98,CRITICAL
5,0,324,2,0.157,75.19,MEDIUM
7,4,190,1,0.703,60.36,CRITICAL
11,4,163,3,0.504,59.48,CRITICAL
11,3,408,0,0.234,42.34,HIGH
2,1,255,1,0.974,86.29,HIGH
12,2,476,0,0.205,66.24,MEDIUM
6,3,146,0,0.515,59.76,HIGH
13,1,222,1,0.015,88.05,MEDIUM
13,7,599,0,0.639,37.74,CRITICAL
7,6,189,1,1.0,41.79,CRITICAL
10,7,167,0,0.828,35.62,CRITICAL
2,1,336,1,1.0,78.64,HIGH
5,4,422,1,0.856,49.32,CRITICAL
5,4,313,0,1.0,51.54,HIGH
9,3,251,0,0.371,59.76,HIGH
9,2,490,1,0.247,60.85,HIGH
2,1,467,3,1.0,61.39,HIGH
8,0,473,3,0.042,78.99,MEDIUM
14,7,428,3,0.644,24.76,CRITICAL
1,0,511,3,0.084,80.3,MEDIUM
13,6,377,1,0.367,25.93,CRITICAL
7,3,646,1,0.68,60.37,HIGH
7,5,449,2,0.84,40.04,CRITICAL
3,0,458,2,0.0,83.26,MEDIUM
12,3,315,0,0.339,63.78,MEDIUM
6,5,198,0,0.938,45.36,CRITICAL
6,5,364,1,0.971,35.79,CRITICAL
2,1,333,0,0.929,72.56,MEDIUM
14,4,277,2,0.347,47.8,CRITICAL
13,3,693,1,0.166,62.08,HIGH
13,5,490,0,0.531,42.61,CRITICAL
2,1,537,3,0.942,68.59,CRITICAL
3,2,88,1,1.0,77.51,HIGH
3,0,295,1,0.0,91.01,LOW
14,2,346,0,0.11,63.32,LOW
14,3,257,3,0.181,61.45,HIGH
3,2,331,3,0.922,73.42,CRITICAL
11,8,211,3,0.732,45.9,CRITICAL
9,2,1,3,0.138,90.95,HIGH
1,0,558,1,0.012,73.74,LOW
12,8,72,1,0.875,59.1,CRITICAL
5,4,52,0,0.857,55.34,HIGH
11,4,717,0,0.466,49.82,HIGH
1,0,372,1,0.108,69.23,LOW
9,0,564,0,0.0,84.63,LOW
1,0,423,2,0.076,82.41,MEDIUM
6,3,380,0,0.607,55.15,HIGH
6,0,635,0,0.0,72.81,LOW
3,0,104,1,0.0,96.43,LOW
4,0,189,2,0.0,100.0,LOW
8,5,730,3,0.64,45.48,CRITICAL
6,5,518,0,0.968,48.78,CRITICAL
7,4,210,1,0.693,65.09,CRITICAL
2,1,200,2,1.0,75.92,HIGH
13,1,677,0,0.119,67.22,MEDIUM
2,1,217,1,1.0,85.25,HIGH
12,7,476,3,0.502,32.27,CRITICAL
8,1,159,2,0.198,76.78,MEDIUM
2,1,37,0,0.997,90.83,MEDIUM
5,3,115,1,0.7,66.15,HIGH
4,3,338,2,1.0,43.79,CRITICAL
8,7,667,3,0.934,21.58,CRITICAL
9,4,721,2,0.592,44.56,CRITICAL
11,4,597,1,0.443,54.07,CRITICAL
10,4,129,3,0.466,54.53,CRITICAL
4,3,525,0,1.0,59.8,HIGH
5,4,584,0,1.0,53.29,CRITICAL
5,0,356,1,0.0,83.58,LOW
1,0,513,0,0.0,80.93,LOW
3,2,394,1,1.0,57.64,HIGH
7,2,334,0,0.453,71.47,LOW
15,1,681,2,0.033,64.35,MEDIUM
8,7,580,2,0.967,22.14,CRITICAL
13,5,582,0,0.311,41.91,CRITICAL
3,2,97,1,0.846,72.96,HIGH
1,0,263,2,0.071,85.1,LOW
6,1,163,0,0.182,85.41,LOW
1,0,668,1,0.0,85.33,LOW
7,6,353,2,1.0,39.78,CRITICAL
3,2,276,3,0.926,74.41,CRITICAL
11,2,496,0,0.026,67.04,MEDIUM
3,2,567,1,1.0,62.03,HIGH
6,4,326,3,0.688,51.0,CRITICAL
3,2,433,3,1.0,69.74,CRITICAL
2,1,230,0,0.918,76.67,MEDIUM
14,5,550,3,0.431,49.87,CRITICAL
10,4,321,2,0.504,54.52,CRITICAL
11,7,11,2,0.654,50.98,CRITICAL
11,2,626,0,0.087,60.13,MEDIUM
15,1,677,0,0.122,67.56,MEDIUM
10,8,294,2,0.931,35.61,CRITICAL
3,2,646,3,1.0,71.37,CRITICAL
9,2,309,2,0.358,67.77,HIGH
5,4,595,1,0.854,52.11,CRITICAL
13,8,133,2,0.681,47.89,CRITICAL
11,1,512,0,0.172,73.82,MEDIUM
14,3,257,3,0.269,56.99,CRITICAL
1,0,119,3,0.0,99.13,LOW
15,0,676,2,0.105,86.32,LOW
15,2,139,1,0.13,71.25,MEDIUM
10,7,84,2,0.698,55.43,CRITICAL
5,4,607,0,1.0,50.63,CRITICAL
8,1,372,3,0.055,74.54,MEDIUM
3,2,646,2,0.998,73.17,CRITICAL
11,0,464,0,0.0,86.54,LOW
9,8,182,3,0.949,51.44,CRITICAL
8,6,679,2,0.832,24.33,CRITICAL
15,6,33,2,0.386,50.86,CRITICAL
14,0,590,2,0.145,76.97,MEDIUM
4,3,279,1,0.997,50.49,HIGH
2,1,594,3,0.937,82.15,CRITICAL
2,1,155,3,1.0,85.32,HIGH
8,1,41,3,0.0,90.41,MEDIUM
15,2,118,3,0.227,76.42,HIGH
2,1,109,0,0.96,86.3,MEDIUM
8,4,112,3,0.602,64.19,CRITICAL
15,4,143,2,0.409,59.54,CRITICAL
12,5,365,1,0.517,43.35,CRITICAL
4,3,395,3,0.901,55.79,CRITICAL
10,4,401,2,0.453,40.3,CRITICAL
5,4,282,2,0.873,60.38,CRITICAL
5,2,553,1,0.54,63.27,HIGH
8,7,661,2,1.0,35.37,CRITICAL
2,1,648,2,0.986,69.39,HIGH
15,2,184,3,0.182,69.63,HIGH
8,1,62,0,0.104,89.94,LOW
6,0,253,2,0.07,91.06,MEDIUM
14,7,630,2,0.535,38.91,CRITICAL
1,0,48,2,0.0,99.98,LOW
5,4,466,0,1.0,53.54,CRITICAL
9,0,517,3,0.013,86.84,MEDIUM
10,5,296,3,0.407,38.48,CRITICAL
13,3,599,2,0.204,51.03,HIGH
14,2,39,0,0.187,88.93,MEDIUM
5,4,395,1,1.0,37.93,CRITICAL
14,5,299,0,0.412,39.28,CRITICAL
5,4,566,3,1.0,44.76,CRITICAL
14,1,330,1,0.044,80.16,LOW
13,5,223,0,0.471,57.02,HIGH
3,2,203,0,0.799,59.94,HIGH
9,3,85,0,0.323,68.98,MEDIUM
6,1,105,2,0.123,89.7,MEDIUM
1,0,616,1,0.076,86.34,LOW
13,5,146,0,0.399,43.34,HIGH
15,1,643,0,0.083,67.97,LOW
5,2,667,1,0.473,63.46,HIGH
14,5,619,1,0.304,41.34,CRITICAL
11,8,254,3,0.755,37.54,CRITICAL
14,7,654,0,0.716,27.43,CRITICAL
11,8,134,0,0.679,39.18,CRITICAL
4,3,139,2,1.0,74.55,CRITICAL
11,8,547,1,0.731,31.77,CRITICAL
10,1,642,1,0.13,70.88,MEDIUM
13,8,504,1,0.646,24.74,CRITICAL
1,0,9,3,0.172,93.65,MEDIUM
12,2,659,1,0.165,74.65,HIGH
12,6,404,2,0.523,18.83,CRITICAL
1,0,656,0,0.0,78.05,LOW
11,4,475,1,0.308,51.96,HIGH
9,6,714,2,0.635,34.22,CRITICAL
13,1,491,0,0.043,69.59,LOW
6,2,621,2,0.39,69.59,HIGH
6,1,564,2,0.234,67.2,MEDIUM
12,0,162,3,0.019,86.07,MEDIUM
15,7,252,3,0.467,45.59,CRITICAL
3,2,17,0,1.0,81.1,MEDIUM
6,0,576,0,0.0,70.8,LOW
1,0,443,0,0.056,83.5,LOW
14,6,488,0,0.472,36.45,CRITICAL
5,4,354,2,1.0,42.39,CRITICAL
11,7,242,2,0.697,45.05,CRITICAL
10,6,69,2,0.598,41.93,CRITICAL
8,2,363,2,0.185,66.37,MEDIUM
10,1,86,0,0.171,91.91,LOW
4,3,685,1,0.986,61.43,CRITICAL
3,2,605,3,1.0,65.25,CRITICAL
7,1,396,3,0.208,76.88,HIGH
15,8,46,1,0.598,41.83,CRITICAL
13,7,191,2,0.576,46.59,CRITICAL
7,5,678,0,0.856,29.44,CRITICAL
14,8,415,1,0.525,30.4,CRITICAL
15,7,176,1,0.513,44.8,CRITICAL
14,3,430,1,0.275,59.66,HIGH
3,0,503,1,0.041,84.85,LOW
1,0,314,3,0.008,75.65,MEDIUM
4,3,342,3,0.998,50.14,CRITICAL
11,3,279,0,0.385,55.98,HIGH
12,4,701,1,0.4,41.19,CRITICAL
14,6,702,1,0.551,31.24,CRITICAL
5,1,716,3,0.266,69.85,HIGH
2,1,62,0,1.0,90.55,MEDIUM
8,3,633,2,0.475,56.22,CRITICAL
4,3,536,3,1.0,59.18,CRITICAL
12,8,371,2,0.733,27.24,CRITICAL
10,6,471,1,0.568,37.79,CRITICAL
5,3,22,2,0.822,82.64,CRITICAL
7,6,652,0,1.0,30.08,CRITICAL
3,2,460,2,1.0,61.13,CRITICAL
9,7,613,1,0.842,27.64,CRITICAL
3,1,218,2,0.554,77.82,HIGH
5,1,692,0,0.319,71.78,MEDIUM
1,0,110,1,0.0,92.96,LOW
2,1,17,0,0.975,100.0,MEDIUM
15,6,341,0,0.539,34.74,CRITICAL
6,1,651,3,0.318,81.36,HIGH
15,5,193,1,0.342,46.0,CRITICAL
11,3,433,1,0.441,48.8,HIGH
1,0,337,0,0.0,72.78,LOW
11,5,350,1,0.451,37.31,CRITICAL
15,6,394,2,0.428,32.54,CRITICAL
2,1,517,1,1.0,72.67,HIGH
8,6,343,3,0.751,33.09,CRITICAL
9,8,356,3,1.0,31.95,CRITICAL
8,3,304,0,0.533,59.3,HIGH
10,3,702,2,0.206,53.6,CRITICAL
14,4,633,3,0.283,41.35,CRITICAL
13,0,453,1,0.029,91.68,LOW
1,0,208,2,0.038,89.37,MEDIUM
2,1,245,2,1.0,79.85,MEDIUM
14,7,719,0,0.587,36.48,CRITICAL
15,6,166,1,0.378,38.95,CRITICAL
10,2,237,1,0.278,65.4,MEDIUM
13,5,290,0,0.352,45.3,CRITICAL
1,0,431,1,0.0,88.17,LOW
6,0,12,2,0.0,97.4,LOW
3,2,655,2,0.962,65.56,CRITICAL
7,0,93,2,0.117,87.36,LOW
14,5,512,2,0.464,39.99,CRITICAL
8,3,213,3,0.385,68.99,HIGH
7,1,726,0,0.21,68.76,MEDIUM
11,8,519,0,0.871,39.03,CRITICAL
9,8,320,2,0.803,25.12,CRITICAL
7,0,146,2,0.059,98.6,LOW
6,3,313,2,0.589,58.41,HIGH
12,2,371,0,0.349,66.42,MEDIUM
8,1,306,0,0.141,68.0,LOW
4,3,163,2,1.0,58.61,CRITICAL
6,5,557,1,1.0,39.89,CRITICAL
6,1,402,2,0.138,64.47,MEDIUM
8,2,264,1,0.274,56.61,MEDIUM
14,8,702,2,0.492,23.15,CRITICAL
2,1,176,2,1.0,70.03,HIGH
1,0,154,3,0.089,99.5,MEDIUM
7,0,302,2,0.0,87.98,LOW
6,0,676,1,0.016,79.69,LOW
7,0,404,1,0.0,81.25,LOW
5,4,638,0,0.966,51.8,CRITICAL
5,4,539,2,0.992,40.91,CRITICAL
13,0,585,2,0.081,83.21,MEDIUM
12,0,645,1,0.027,74.0,LOW
7,0,285,1,0.182,80.07,LOW
6,3,56,0,0.594,66.02,MEDIUM
8,0,528,0,0.0,93.95,LOW
7,6,83,1,1.0,37.55,CRITICAL
12,8,516,2,0.727,40.28,CRITICAL
11,2,406,0,0.136,66.69,MEDIUM
11,3,217,3,0.22,62.39,HIGH
6,5,323,0,1.0,38.61,CRITICAL
8,3,286,2,0.513,64.92,CRITICAL
13,7,559,1,0.637,31.78,CRITICAL
10,6,632,2,0.7,34.73,CRITICAL
11,6,527,0,0.584,20.99,CRITICAL
12,0,137,3,0.003,90.14,LOW
15,5,58,0,0.279,52.23,HIGH
15,3,388,0,0.269,45.89,MEDIUM
1,0,305,3,0.0,81.39,MEDIUM
6,4,366,1,0.779,45.76,CRITICAL
10,8,426,2,0.905,32.41,CRITICAL
4,3,713,3,0.903,57.94,CRITICAL
12,7,717,2,0.667,28.57,CRITICAL
12,2,579,3,0.063,68.45,HIGH
9,1,411,2,0.117,67.88,MEDIUM
10,4,601,3,0.52,43.94,CRITICAL
13,8,345,3,0.73,29.49,CRITICAL
3,2,333,2,0.947,66.59,HIGH
2,1,463,3,0.81,74.86,HIGH
1,0,476,0,0.0,91.56,LOW
5,4,499,2,0.974,55.98,CRITICAL
14,3,162,0,0.351,73.0,MEDIUM
13,4,269,0,0.346,61.95,HIGH
9,2,578,1,0.215,59.39,HIGH
8,1,174,0,0.1,84.37,LOW
8,2,587,1,0.111,65.32,MEDIUM
4,2,649,0,0.704,64.46,HIGH
7,0,211,2,0.007,85.5,LOW
12,2,390,0,0.272,64.75,MEDIUM
8,4,616,2,0.507,55.11,CRITICAL
11,5,617,3,0.52,43.9,CRITICAL
2,1,693,1,0.892,63.44,HIGH
14,6,129,2,0.322,32.71,CRITICAL
7,1,325,1,0.214,82.16,MEDIUM
12,4,635,1,0.299,48.2,CRITICAL
7,0,239,0,0.003,95.3,LOW
12,8,171,2,0.799,31.89,CRITICAL
6,5,313,1,1.0,42.1,CRITICAL
9,7,345,1,0.95,36.41,CRITICAL
13,1,474,2,0.002,72.73,MEDIUM
14,6,631,0,0.462,23.91,CRITICAL
5,1,631,1,0.195,73.88,MEDIUM
2,1,702,2,1.0,70.73,HIGH
7,1,284,1,0.144,82.41,MEDIUM
14,2,373,2,0.108,76.64,HIGH
1,0,138,0,0.053,90.62,LOW
14,3,585,0,0.253,45.4,HIGH
6,5,151,0,0.938,60.41,CRITICAL
5,2,545,2,0.605,66.71,HIGH
3,2,238,3,1.0,67.85,HIGH
2,1,22,0,1.0,95.64,MEDIUM
3,1,243,3,0.479,78.16,HIGH
12,1,31,0,0.076,85.48,LOW
1,0,566,0,0.0,82.63,LOW
11,8,379,3,0.842,41.24,CRITICAL
3,0,699,3,0.021,86.49,MEDIUM
8,5,178,0,0.655,53.03,CRITICAL
13,5,627,3,0.294,38.81,CRITICAL
1,0,527,3,0.0,83.17,MEDIUM
2,1,408,1,0.817,62.64,HIGH
9,5,609,2,0.756,46.49,CRITICAL
1,0,200,3,0.0,78.61,MEDIUM
5,4,258,2,0.962,49.78,CRITICAL
12,4,420,2,0.456,48.16,CRITICAL
15,5,719,3,0.355,35.06,CRITICAL
14,3,295,1,0.28,59.75,HIGH
12,7,414,0,0.638,27.67,CRITICAL
15,5,146,1,0.344,45.4,CRITICAL
8,3,278,0,0.54,63.97,HIGH
4,3,265,1,0.999,56.35,CRITICAL
12,6,263,3,0.601,26.19,CRITICAL
13,5,107,0,0.37,52.93,CRITICAL
2,1,258,1,0.946,80.08,MEDIUM
6,4,463,1,0.637,42.73,CRITICAL
11,0,120,2,0.123,90.87,LOW
13,6,498,3,0.376,28.21,CRITICAL
1,0,131,1,0.07,91.64,LOW
10,0,78,0,0.0,89.14,LOW
13,8,1,3,0.691,50.59,CRITICAL
15,5,76,0,0.314,50.62,HIGH
13,6,13,0,0.494,35.83,CRITICAL
7,3,380,2,0.403,47.55,CRITICAL
13,7,359,1,0.639,37.21,CRITICAL
12,3,45,2,0.344,69.53,HIGH
3,2,411,1,0.883,56.23,HIGH
6,1,363,1,0.285,74.06,MEDIUM
6,0,57,2,0.0,85.52,LOW
6,5,368,2,0.939,40.69,CRITICAL
7,6,105,3,0.988,47.47,CRITICAL
4,1,391,2,0.352,75.16,HIGH
2,1,141,0,1.0,76.58,MEDIUM
6,2,102,2,0.436,81.48,MEDIUM
10,5,413,0,0.477,39.51,CRITICAL
4,2,94,3,0.557,74.0,HIGH
9,0,520,1,0.0,79.6,LOW
13,6,565,2,0.441,35.35,CRITICAL
2,1,518,0,0.949,77.35,MEDIUM
1,0,272,2,0.0,81.05,LOW
9,6,696,0,0.84,32.53,CRITICAL
4,3,461,3,0.886,53.42,CRITICAL
9,6,477,1,0.755,20.87,CRITICAL
5,2,28,3,0.612,80.07,HIGH
4,3,497,1,1.0,54.63,CRITICAL
15,0,710,0,0.0,81.76,LOW
13,8,114,2,0.567,47.88,CRITICAL
2,1,513,1,1.0,84.12,HIGH
8,6,447,0,0.921,38.1,CRITICAL
2,1,473,1,1.0,68.4,HIGH
3,1,604,0,0.472,68.7,MEDIUM
4,0,43,2,0.0,100.0,LOW
7,4,637,1,0.652,39.72,CRITICAL
15,5,303,2,0.397,55.2,CRITICAL
13,3,618,1,0.298,62.35,HIGH
9,8,335,3,0.989,23.8,CRITICAL
15,8,248,1,0.492,35.53,CRITICAL
15,2,486,1,0.121,63.85,MEDIUM
9,3,668,2,0.474,60.89,HIGH
3,2,485,3,1.0,62.02,CRITICAL
12,7,642,1,0.538,25.61,CRITICAL
1,0,303,2,0.0,97.37,LOW
11,8,371,3,0.865,22.21,CRITICAL
15,3,549,0,0.08,60.03,MEDIUM
11,5,623,0,0.416,41.36,CRITICAL
7,6,335,2,0.927,35.39,CRITICAL
2,1,352,3,1.0,70.23,CRITICAL
9,0,447,0,0.02,88.01,LOW
12,0,556,0,0.012,86.28,LOW
13,6,556,1,0.5,40.21,CRITICAL
12,8,171,2,0.781,48.81,CRITICAL
2,1,583,2,0.867,67.06,HIGH
6,1,225,2,0.126,90.09,MEDIUM
6,5,221,0,0.959,51.47,CRITICAL
8,2,257,3,0.267,56.69,HIGH
13,8,589,3,0.725,42.14,CRITICAL
1,0,81,3,0.215,91.48,MEDIUM
12,0,218,2,0.0,84.43,LOW
1,0,296,0,0.0,85.85,LOW
9,8,345,3,1.0,33.64,CRITICAL
13,0,600,2,0.114,63.21,MEDIUM
1,0,356,3,0.0,80.37,MEDIUM
2,1,117,1,1.0,74.25,HIGH
2,1,229,0,0.954,85.21,MEDIUM
11,7,384,3,0.678,20.01,CRITICAL
15,7,325,2,0.704,37.34,CRITICAL
5,4,712,1,1.0,41.74,CRITICAL
8,5,427,1,0.738,40.45,CRITICAL
14,5,422,1,0.488,36.23,CRITICAL
12,3,370,0,0.139,58.79,MEDIUM
2,0,557,0,0.12,77.98,LOW
14,1,427,2,0.127,64.77,MEDIUM
4,3,372,0,0.942,50.89,HIGH
1,0,126,3,0.068,86.45,MEDIUM
9,8,668,0,1.0,43.41,CRITICAL
7,3,619,2,0.375,61.56,HIGH
10,8,445,3,0.914,34.42,CRITICAL
15,2,511,0,0.077,63.47,MEDIUM
9,3,38,3,0.412,66.56,CRITICAL
12,7,391,0,0.548,31.86,CRITICAL
6,5,408,0,1.0,43.47,CRITICAL
9,7,259,2,1.0,42.18,CRITICAL
6,0,224,2,0.0,84.45,LOW
3,2,77,1,0.988,82.45,HIGH
8,7,40,0,1.0,49.21,CRITICAL
7,6,68,0,0.966,50.32,CRITICAL
12,0,278,3,0.0,89.59,MEDIUM
4,3,518,3,0.899,57.33,CRITICAL
7,2,499,0,0.337,59.52,MEDIUM
9,7,371,0,0.767,36.99,CRITICAL
5,4,202,2,1.0,46.07,CRITICAL
11,1,241,0,0.093,70.44,LOW
5,3,197,0,0.814,71.73,HIGH
12,1,402,3,0.034,76.85,MEDIUM
11,0,416,2,0.099,75.7,LOW
3,2,147,3,0.934,73.21,CRITICAL
9,0,150,0,0.054,96.3,LOW
13,0,185,0,0.0,97.35,LOW
8,0,254,0,0.0,85.77,LOW
15,4,651,1,0.21,45.45,CRITICAL
14,2,44,0,0.329,82.42,MEDIUM
3,2,285,2,1.0,70.87,HIGH
9,4,441,0,0.575,47.43,CRITICAL
6,5,88,1,0.977,48.8,CRITICAL
3,2,445,0,1.0,57.63,HIGH
14,7,323,1,0.592,39.53,CRITICAL
2,1,706,1,0.96,60.41,HIGH
15,3,185,0,0.083,61.98,MEDIUM
3,2,479,0,0.901,61.52,HIGH
2,1,610,0,0.855,78.39,MEDIUM
13,5,579,2,0.388,35.77,CRITICAL
3,2,280,2,1.0,66.89,HIGH
12,0,185,3,0.203,91.32,MEDIUM
11,3,307,0,0.396,44.4,MEDIUM
9,1,197,1,0.011,90.11,MEDIUM
4,3,372,0,1.0,56.21,HIGH
13,5,695,3,0.399,54.7,CRITICAL
12,4,506,1,0.336,50.18,CRITICAL
11,6,676,1,0.744,39.92,CRITICAL
14,3,386,3,0.198,60.96,HIGH
2,1,665,1,0.94,72.1,HIGH
14,3,97,3,0.216,80.77,HIGH
1,0,247,2,0.023,84.77,LOW
1,0,657,2,0.119,79.99,MEDIUM
5,4,146,2,1.0,61.97,CRITICAL
5,4,194,1,1.0,59.41,CRITICAL
9,4,526,1,0.562,50.72,CRITICAL
9,8,170,1,0.873,46.94,CRITICAL
15,2,295,3,0.291,63.39,HIGH
5,3,287,0,0.801,60.86,HIGH
7,6,21,0,0.98,49.81,CRITICAL
14,7,618,2,0.573,32.15,CRITICAL
8,1,553,1,0.143,73.57,MEDIUM
15,5,315,2,0.35,47.72,CRITICAL
12,4,297,2,0.317,47.82,CRITICAL
15,8,89,2,0.552,53.33,CRITICAL
3,2,307,1,0.887,67.8,HIGH
15,6,564,1,0.501,37.77,CRITICAL
7,6,415,2,1.0,31.69,CRITICAL
14,5,574,3,0.444,39.65,CRITICAL
13,7,46,1,0.53,48.96,CRITICAL
7,1,321,2,0.21,71.55,MEDIUM
15,1,564,2,0.0,78.89,MEDIUM
11,2,172,2,0.274,61.03,MEDIUM
7,2,150,2,0.338,79.38,MEDIUM
8,0,391,2,0.063,82.51,LOW
15,7,233,0,0.57,40.82,CRITICAL
9,5,453,0,0.529,45.69,CRITICAL
3,2,563,3,0.89,65.86,CRITICAL
8,1,250,1,0.193,77.68,MEDIUM
7,2,254,0,0.403,78.45,MEDIUM
13,6,590,2,0.432,23.98,CRITICAL
5,3,132,0,0.773,68.68,HIGH
15,3,658,1,0.382,50.99,HIGH
12,8,151,2,0.735,41.25,CRITICAL
7,5,708,1,0.832,38.51,CRITICAL
11,8,224,0,0.794,32.85,CRITICAL
5,4,516,2,1.0,53.7,CRITICAL
6,5,722,0,0.967,40.75,CRITICAL
8,1,79,2,0.126,74.17,MEDIUM
10,4,544,3,0.465,49.37,CRITICAL
3,2,40,1,0.941,82.43,HIGH
3,2,460,0,0.973,62.82,HIGH
9,1,333,2,0.306,72.02,MEDIUM
8,1,595,0,0.216,71.09,LOW
11,1,646,1,0.203,69.26,MEDIUM
3,2,71,1,0.992,86.47,HIGH
3,2,92,2,0.961,78.38,HIGH
10,2,92,1,0.181,89.97,MEDIUM
15,1,725,2,0.04,65.86,MEDIUM
10,6,438,1,0.858,33.71,CRITICAL
14,6,341,0,0.438,36.72,CRITICAL
1,0,264,0,0.04,82.91,LOW
7,6,317,0,1.0,27.31,CRITICAL
1,0,316,0,0.032,76.85,LOW
12,4,535,1,0.416,56.12,CRITICAL
2,1,56,1,0.966,91.02,HIGH
1,0,300,2,0.037,77.86,LOW
3,2,285,1,1.0,67.96,HIGH
13,5,7,2,0.477,58.74,HIGH
1,0,650,3,0.0,83.03,MEDIUM
9,6,33,1,0.897,44.16,CRITICAL
13,2,719,1,0.326,68.65,HIGH
11,2,185,2,0.222,69.33,HIGH
5,4,275,3,1.0,56.8,CRITICAL
14,6,489,3,0.433,38.56,CRITICAL
3,2,213,0,0.987,71.18,MEDIUM
5,4,523,3,1.0,49.67,CRITICAL
15,3,329,3,0.089,54.58,HIGH
14,6,510,2,0.412,27.56,CRITICAL
4,1,60,1,0.27,83.05,LOW
5,2,467,0,0.571,51.9,HIGH
12,1,381,2,0.234,59.85,MEDIUM
9,8,167,2,0.862,33.91,CRITICAL
7,1,480,2,0.178,70.94,MEDIUM
15,7,356,2,0.44,29.87,CRITICAL
7,1,560,1,0.198,59.57,MEDIUM
15,6,421,1,0.347,30.43,CRITICAL
12,2,369,3,0.206,65.43,HIGH
9,8,56,2,1.0,45.96,CRITICAL
3,2,60,2,0.991,78.15,HIGH
7,1,636,2,0.114,72.45,MEDIUM
15,4,217,3,0.189,55.54,CRITICAL
1,0,410,0,0.02,72.09,LOW
5,1,505,1,0.223,71.56,MEDIUM
5,4,193,3,0.813,49.36,CRITICAL
11,3,673,3,0.194,55.37,CRITICAL
10,5,638,1,0.49,37.18,CRITICAL
3,2,95,2,0.949,80.4,HIGH
2,1,578,3,0.945,66.64,HIGH
3,2,619,1,0.914,56.07,HIGH
9,3,178,3,0.286,68.06,HIGH
14,6,571,0,0.403,33.02,CRITICAL
1,0,77,0,0.0,95.44,LOW
2,1,340,1,0.871,77.23,MEDIUM
9,4,554,3,0.418,40.93,CRITICAL
11,2,687,3,0.204,66.65,HIGH
1,0,662,2,0.0,83.99,MEDIUM
5,3,57,0,0.778,81.09,HIGH
8,2,597,1,0.287,64.9,HIGH
9,8,571,1,1.0,31.58,CRITICAL
11,5,207,3,0.586,46.37,CRITICAL
12,1,590,0,0.106,70.56,LOW
8,7,438,3,1.0,44.11,CRITICAL
14,4,590,3,0.307,45.04,CRITICAL
15,0,222,1,0.0,87.39,LOW
15,4,4,2,0.291,66.96,HIGH
9,2,351,2,0.21,60.13,HIGH
11,0,729,2,0.097,87.35,MEDIUM
3,2,260,1,1.0,72.17,HIGH
3,2,3,2,1.0,87.79,HIGH
4,1,85,2,0.179,89.7,MEDIUM
1,0,151,3,0.006,84.82,MEDIUM
15,2,278,0,0.173,66.01,MEDIUM
9,0,320,2,0.11,78.87,LOW
1,0,570,1,0.043,84.24,LOW
12,1,370,0,0.051,75.36,LOW
2,1,125,1,0.967,74.6,MEDIUM
13,3,662,0,0.261,60.64,HIGH
1,0,389,0,0.0,86.2,LOW
8,5,59,3,0.675,53.3,CRITICAL
8,5,51,3,0.799,58.46,CRITICAL
13,5,408,2,0.436,37.83,CRITICAL
13,5,183,3,0.558,51.16,CRITICAL
12,2,360,1,0.212,69.73,MEDIUM
4,3,266,2,0.944,68.16,CRITICAL
5,2,659,0,0.406,71.37,MEDIUM
5,4,678,1,0.945,51.68,CRITICAL
1,0,598,2,0.044,72.89,MEDIUM
3,2,313,0,0.963,49.75,HIGH
9,8,629,3,0.873,30.61,CRITICAL
4,3,312,3,1.0,48.35,CRITICAL
9,8,495,2,0.945,36.57,CRITICAL
14,6,393,0,0.598,32.25,CRITICAL
12,4,323,2,0.345,53.6,CRITICAL
4,3,663,1,1.0,56.58,CRITICAL
2,1,201,1,0.898,80.97,MEDIUM
10,5,647,0,0.433,36.33,CRITICAL
2,1,412,1,0.948,70.44,HIGH
3,2,172,2,1.0,81.48,HIGH
12,3,244,0,0.159,58.43,MEDIUM
6,1,527,3,0.277,77.55,HIGH
7,6,651,3,1.0,34.2,CRITICAL
13,2,35,0,0.185,84.0,MEDIUM
10,7,250,1,0.749,40.35,CRITICAL
9,1,723,3,0.089,77.25,HIGH
6,3,89,0,0.441,76.6,MEDIUM
3,2,565,1,1.0,59.68,HIGH
3,2,561,0,0.981,52.56,HIGH
11,1,264,2,0.186,82.84,MEDIUM
7,3,317,0,0.533,46.42,HIGH
2,1,470,1,1.0,67.18,HIGH
6,4,401,0,0.983,46.37,CRITICAL
4,3,375,2,1.0,56.64,CRITICAL
3,2,375,2,1.0,70.76,CRITICAL
2,0,7,3,0.046,90.98,MEDIUM
7,3,652,2,0.517,60.32,HIGH
1,0,573,2,0.0,79.56,LOW
12,6,4,2,0.559,56.79,CRITICAL
15,5,620,1,0.417,41.23,CRITICAL
2,1,380,1,1.0,68.26,MEDIUM
5,1,382,3,0.196,74.41,MEDIUM
14,6,362,3,0.55,35.21,CRITICAL
15,1,244,3,0.0,69.09,MEDIUM
6,2,505,1,0.324,63.67,HIGH
9,0,449,1,0.032,76.99,LOW
10,0,27,3,0.004,100.0,LOW
12,4,352,2,0.265,51.57,CRITICAL
14,5,48,1,0.39,54.97,CRITICAL
13,0,290,3,0.04,83.24,MEDIUM
6,5,398,1,0.959,41.35,CRITICAL
4,3,697,0,1.0,51.91,CRITICAL
4,3,359,0,0.996,60.73,HIGH
14,7,14,1,0.473,61.26,CRITICAL
1,0,163,2,0.0,99.56,LOW
1,0,513,3,0.0,86.67,MEDIUM
12,5,201,2,0.573,49.13,CRITICAL
15,7,627,0,0.5,32.3,CRITICAL
10,7,675,0,0.774,37.46,CRITICAL
3,2,589,3,1.0,65.45,CRITICAL
15,4,316,0,0.239,42.0,HIGH
2,1,370,1,1.0,66.77,HIGH
9,3,103,1,0.438,76.06,HIGH
12,4,93,3,0.273,62.41,CRITICAL
10,3,657,1,0.422,57.94,CRITICAL
8,1,174,2,0.0,85.84,LOW
1,0,193,0,0.0,85.12,LOW
9,5,91,2,0.597,59.0,CRITICAL
7,6,503,0,0.904,29.55,CRITICAL
7,0,668,0,0.084,84.15,LOW
3,2,154,3,0.993,76.61,CRITICAL
14,1,504,3,0.024,84.04,MEDIUM
4,3,393,2,0.836,59.13,CRITICAL
12,5,26,0,0.53,55.18,CRITICAL
11,0,251,1,0.0,86.7,LOW
14,4,503,2,0.323,47.2,CRITICAL
12,1,691,0,0.003,71.97,MEDIUM
1,0,173,2,0.028,92.43,LOW
7,6,651,0,1.0,33.78,CRITICAL
9,2,197,1,0.135,73.93,MEDIUM
13,8,709,0,0.787,28.77,CRITICAL
7,6,244,0,1.0,37.96,CRITICAL
14,3,643,3,0.248,55.85,CRITICAL
9,7,139,1,0.882,37.6,CRITICAL
8,7,654,3,1.0,31.68,CRITICAL
7,2,203,2,0.393,82.1,HIGH
11,0,121,3,0.031,91.07,MEDIUM
2,1,570,2,0.898,80.66,HIGH
10,3,79,0,0.456,73.9,MEDIUM
9,3,276,3,0.333,58.69,CRITICAL
11,3,138,2,0.311,75.93,HIGH
11,0,10,1,0.089,92.91,LOW
3,2,295,2,1.0,64.41,CRITICAL
11,2,244,1,0.163,75.76,MEDIUM
8,0,178,3,0.084,89.74,MEDIUM
2,0,46,1,0.0,98.3,LOW
15,0,4,1,0.157,99.79,LOW
10,4,632,3,0.464,50.78,CRITICAL
14,2,369,1,0.119,55.54,MEDIUM
14,5,32,2,0.38,56.09,CRITICAL
15,0,68,2,0.0,93.87,LOW
13,2,444,1,0.161,74.62,MEDIUM
13,7,384,1,0.494,31.07,CRITICAL
8,4,93,1,0.417,64.47,HIGH
8,7,435,0,1.0,30.62,CRITICAL
13,0,161,3,0.0,97.91,MEDIUM
2,1,62,0,0.982,78.54,MEDIUM
2,1,541,3,1.0,78.31,CRITICAL
14,8,526,1,0.75,28.58,CRITICAL
6,0,343,3,0.0,74.09,MEDIUM
2,1,211,3,0.968,83.96,HIGH
10,1,204,2,0.126,83.26,MEDIUM
13,5,331,0,0.564,35.92,CRITICAL
1,0,502,3,0.014,67.29,MEDIUM
4,3,341,1,0.972,64.76,CRITICAL
8,5,461,2,0.68,52.44,CRITICAL
7,0,581,2,0.079,74.59,LOW
7,1,295,1,0.221,72.16,LOW
7,2,256,1,0.356,76.16,HIGH
10,8,193,0,0.904,41.04,CRITICAL
5,1,562,1,0.335,74.66,MEDIUM
9,7,10,1,0.897,50.37,CRITICAL
3,2,9,3,0.946,79.09,CRITICAL
1,0,491,3,0.08,91.53,MEDIUM
13,2,229,3,0.088,81.76,HIGH
3,2,188,1,1.0,84.57,HIGH
13,1,419,2,0.0,71.91,MEDIUM
11,2,608,1,0.163,66.75,MEDIUM
10,0,394,1,0.053,77.8,LOW
2,1,396,0,0.964,70.48,HIGH
10,1,464,2,0.048,60.91,MEDIUM
5,4,215,0,0.99,60.62,CRITICAL
8,4,671,3,0.585,49.73,CRITICAL
11,3,136,1,0.493,70.39,HIGH
12,5,457,2,0.438,38.04,CRITICAL
10,6,351,0,0.688,17.82,CRITICAL
3,2,553,1,0.862,53.0,HIGH
2,1,709,2,1.0,71.04,HIGH
12,2,636,0,0.188,64.56,MEDIUM
1,0,309,1,0.202,81.92,LOW
9,8,582,0,1.0,28.93,CRITICAL
6,0,672,0,0.0,75.45,LOW
3,2,148,3,0.973,66.81,CRITICAL
9,6,639,2,0.651,31.54,CRITICAL
3,2,616,2,1.0,64.77,CRITICAL
7,4,488,3,0.677,51.05,CRITICAL
11,2,255,0,0.111,80.49,MEDIUM
1,0,189,3,0.187,97.87,MEDIUM
6,5,162,1,0.927,47.62,CRITICAL
8,0,434,2,0.0,78.24,MEDIUM
6,3,9,0,0.598,68.28,HIGH
5,2,679,2,0.402,61.45,HIGH
7,6,596,3,0.925,25.68,CRITICAL
4,3,424,1,0.894,65.4,CRITICAL
8,3,408,0,0.44,63.11,HIGH
5,0,94,3,0.0,91.18,LOW
12,5,605,2,0.493,37.63,CRITICAL
10,5,341,1,0.578,39.78,CRITICAL
2,1,562,2,0.997,75.87,HIGH
10,2,117,2,0.103,83.14,HIGH
8,6,131,2,0.773,42.01,CRITICAL
2,1,35,1,1.0,94.47,MEDIUM
13,0,522,2,0.048,76.63,LOW
2,1,305,0,1.0,70.47,MEDIUM
5,3,97,3,0.724,84.28,CRITICAL
14,8,483,1,0.706,33.5,CRITICAL
8,3,287,2,0.407,67.05,CRITICAL
13,0,646,3,0.0,76.77,MEDIUM
8,5,308,3,0.758,41.22,CRITICAL
7,6,611,0,0.907,30.46,CRITICAL
12,3,176,3,0.169,67.09,HIGH
3,2,328,2,0.962,69.73,CRITICAL
7,6,557,3,1.0,34.38,CRITICAL
10,3,560,3,0.398,54.01,CRITICAL
8,4,638,2,0.728,49.6,CRITICAL
8,4,309,3,0.713,50.42,CRITICAL
3,2,260,2,0.84,70.95,HIGH
2,1,623,3,0.941,70.07,HIGH
14,0,532,1,0.0,78.47,LOW
6,1,469,1,0.236,70.45,MEDIUM
6,2,393,3,0.427,57.05,CRITICAL
13,8,661,1,0.638,26.33,CRITICAL
11,4,163,2,0.459,56.49,CRITICAL
15,8,23,3,0.61,47.82,CRITICAL
10,6,142,1,0.77,51.58,CRITICAL
12,4,647,2,0.346,48.84,CRITICAL
7,0,241,1,0.022,92.02,LOW
1,0,178,3,0.132,81.99,MEDIUM
15,8,553,1,0.544,31.83,CRITICAL
1,0,138,0,0.0,93.95,LOW
15,5,182,1,0.316,49.14,CRITICAL
11,6,466,0,0.515,22.89,CRITICAL
10,7,49,0,0.812,59.76,CRITICAL
15,1,86,3,0.093,93.35,MEDIUM
6,5,420,0,1.0,36.15,CRITICAL
9,3,333,0,0.44,65.14,HIGH
6,0,555,0,0.005,69.87,LOW
3,2,447,3,1.0,67.87,CRITICAL
5,3,30,0,0.8,61.82,HIGH
4,3,320,3,0.948,65.83,CRITICAL
1,0,324,3,0.0,75.99,MEDIUM
7,3,676,0,0.424,56.52,HIGH
1,0,384,2,0.084,85.92,LOW
3,2,5,3,0.954,88.64,HIGH
11,6,443,0,0.635,46.33,CRITICAL
7,0,363,3,0.047,83.49,MEDIUM
1,0,586,2,0.0,64.42,MEDIUM
15,1,343,2,0.231,72.28,MEDIUM
2,1,671,1,1.0,75.46,HIGH
9,2,136,3,0.282,68.13,HIGH
10,4,1,1,0.502,65.63,CRITICAL
5,4,455,3,1.0,41.81,CRITICAL
5,2,167,0,0.558,73.86,MEDIUM
13,2,730,3,0.19,60.0,HIGH
11,7,493,0,0.741,28.82,CRITICAL
3,0,313,0,0.0,79.14,LOW
4,3,517,1,0.976,62.92,CRITICAL
2,1,385,2,1.0,77.36,HIGH
3,2,557,1,0.991,62.13,HIGH
14,6,617,2,0.341,28.46,CRITICAL
11,6,366,0,0.739,19.97,CRITICAL
2,1,80,2,0.947,88.41,HIGH
5,4,606,1,0.878,50.93,CRITICAL
15,5,361,2,0.363,49.3,CRITICAL
1,0,211,2,0.049,88.0,LOW
6,5,466,3,1.0,46.53,CRITICAL
3,2,517,0,1.0,65.36,HIGH
3,2,640,3,0.915,60.99,CRITICAL
11,7,709,1,0.672,38.47,CRITICAL
9,6,358,2,0.797,39.88,CRITICAL
12,3,115,0,0.281,59.57,MEDIUM
8,1,341,1,0.074,67.55,MEDIUM
11,1,469,2,0.089,65.52,MEDIUM
8,3,506,1,0.429,59.57,HIGH
1,0,1,0,0.0,95.82,LOW
15,8,614,1,0.55,37.8,CRITICAL
7,0,194,1,0.0,85.04,LOW
8,3,545,2,0.498,51.64,HIGH
8,2,616,0,0.216,61.65,MEDIUM
5,1,363,3,0.076,78.5,MEDIUM
9,6,242,0,0.891,18.3,CRITICAL
6,5,659,3,1.0,32.2,CRITICAL
13,8,319,2,0.748,40.4,CRITICAL
3,0,352,3,0.122,81.76,MEDIUM
5,4,327,2,1.0,39.05,CRITICAL
6,5,319,3,1.0,34.35,CRITICAL
4,3,98,3,1.0,81.28,CRITICAL
2,1,636,1,0.912,70.41,HIGH
10,3,159,3,0.567,63.59,CRITICAL
13,1,559,0,0.006,69.44,MEDIUM
9,5,155,2,0.566,50.77,CRITICAL
15,4,656,3,0.263,45.56,CRITICAL
6,3,218,1,0.509,62.03,HIGH
3,2,716,0,0.943,60.82,HIGH
7,0,135,3,0.006,74.43,MEDIUM
2,1,8,0,1.0,99.82,MEDIUM
8,1,77,0,0.19,91.41,LOW
13,4,316,2,0.332,51.82,CRITICAL
14,4,355,0,0.34,50.52,HIGH
2,1,357,3,1.0,75.46,HIGH
13,4,168,3,0.331,57.18,CRITICAL
12,4,155,1,0.536,54.76,CRITICAL
7,2,36,1,0.3,82.67,MEDIUM
8,5,207,3,0.707,56.82,CRITICAL
9,6,84,2,0.733,39.14,CRITICAL
5,2,439,0,0.599,67.29,HIGH
10,1,30,0,0.064,93.02,LOW
6,0,613,2,0.0,86.68,LOW
15,7,619,2,0.538,34.4,CRITICAL
5,4,721,2,1.0,41.88,CRITICAL
15,2,380,0,0.194,66.96,MEDIUM
2,1,452,1,1.0,57.28,HIGH
15,5,287,1,0.413,46.29,CRITICAL
5,1,581,3,0.282,63.41,HIGH
15,4,259,0,0.285,55.48,HIGH
2,1,682,2,1.0,69.17,HIGH
4,3,397,1,1.0,57.79,CRITICAL
7,2,316,2,0.432,64.82,HIGH
6,0,458,2,0.0,78.51,LOW
9,5,674,2,0.633,33.02,CRITICAL
8,7,83,1,0.938,61.88,CRITICAL
7,4,349,0,0.563,50.32,HIGH
12,0,202,0,0.138,86.08,LOW
12,1,355,3,0.093,82.94,MEDIUM
5,2,126,2,0.537,73.39,MEDIUM
10,8,460,2,0.901,36.8,CRITICAL
3,2,595,2,1.0,56.22,CRITICAL
13,0,491,3,0.016,83.3,MEDIUM
8,6,660,1,0.774,38.02,CRITICAL
3,0,315,0,0.15,72.2,LOW
11,4,64,2,0.38,50.6,HIGH
9,6,197,3,0.789,41.83,CRITICAL
11,5,258,1,0.662,41.48,CRITICAL
4,3,595,2,1.0,66.36,CRITICAL
4,3,688,2,0.891,61.15,CRITICAL
14,1,523,2,0.082,64.82,MEDIUM
12,5,420,3,0.586,35.95,CRITICAL
6,5,491,2,0.996,41.45,CRITICAL
5,0,513,3,0.01,75.48,MEDIUM
1,0,309,2,0.0,84.82,LOW
4,3,266,2,1.0,53.28,CRITICAL
11,1,235,1,0.169,85.31,MEDIUM
14,7,124,0,0.591,47.11,CRITICAL
5,4,151,0,0.932,51.54,CRITICAL
15,3,19,3,0.181,64.27,CRITICAL
1,0,95,2,0.0,93.41,LOW
15,0,637,2,0.0,76.61,MEDIUM
10,0,527,0,0.06,76.01,LOW
15,5,704,0,0.404,41.13,CRITICAL
7,4,332,1,0.62,51.4,CRITICAL
4,2,644,2,0.674,70.94,HIGH
14,4,692,2,0.227,54.12,CRITICAL
8,5,70,1,0.624,75.86,CRITICAL
11,3,204,3,0.329,72.92,HIGH
6,5,287,0,0.963,51.36,CRITICAL
14,5,448,2,0.306,33.7,CRITICAL
13,6,169,2,0.527,35.08,CRITICAL
1,0,336,0,0.0,83.66,LOW
12,6,407,2,0.513,39.22,CRITICAL
8,3,321,3,0.348,53.37,CRITICAL
3,2,235,3,0.969,71.22,CRITICAL
12,3,295,0,0.231,51.48,MEDIUM
8,6,567,0,0.818,30.04,CRITICAL
5,2,346,3,0.494,50.28,HIGH
2,1,617,1,0.884,71.99,HIGH
5,4,629,3,1.0,50.51,CRITICAL
14,1,626,1,0.105,68.45,MEDIUM
6,2,349,1,0.401,68.57,HIGH
4,3,155,0,1.0,53.04,CRITICAL
7,6,663,1,1.0,34.81,CRITICAL
1,0,291,0,0.057,81.31,LOW
9,0,41,1,0.0,100.0,LOW
2,1,272,1,0.872,68.19,MEDIUM
10,5,422,2,0.506,43.17,CRITICAL
13,2,155,1,0.271,86.3,MEDIUM
5,1,93,3,0.361,84.6,MEDIUM
14,7,660,3,0.575,25.43,CRITICAL
11,4,646,3,0.44,53.95,CRITICAL
4,3,155,2,1.0,58.74,CRITICAL
11,2,105,2,0.214,72.37,MEDIUM
7,5,437,2,0.786,41.68,CRITICAL
14,2,285,1,0.23,71.43,MEDIUM
3,2,604,2,0.968,61.76,CRITICAL
3,2,342,0,1.0,57.6,HIGH
7,6,654,1,1.0,42.33,CRITICAL
11,7,257,3,0.604,34.67,CRITICAL
4,0,637,3,0.0,81.06,MEDIUM
15,1,282,1,0.104,76.59,LOW
3,2,318,3,0.961,53.77,CRITICAL
1,0,567,2,0.048,76.25,MEDIUM
5,4,406,1,1.0,46.32,CRITICAL
11,4,415,2,0.288,55.18,CRITICAL
4,3,591,1,1.0,53.55,CRITICAL
13,7,328,3,0.431,35.29,CRITICAL
13,0,214,1,0.0,93.47,LOW
11,1,40,0,0.044,85.52,LOW
14,1,689,3,0.05,74.93,HIGH
2,1,422,2,1.0,76.44,HIGH
4,3,64,3,0.936,71.55,CRITICAL
2,1,276,3,1.0,87.34,HIGH
7,6,725,1,0.988,40.68,CRITICAL
1,0,628,2,0.0,80.98,MEDIUM
9,4,164,3,0.417,60.4,CRITICAL
13,6,478,3,0.545,25.88,CRITICAL
15,4,251,2,0.188,62.81,CRITICAL
11,6,131,3,0.64,56.16,CRITICAL
5,4,123,1,1.0,67.99,CRITICAL
7,1,680,0,0.176,76.83,MEDIUM
15,2,314,0,0.14,62.02,MEDIUM
10,5,519,0,0.551,31.92,CRITICAL
8,5,87,2,0.805,51.37,CRITICAL
10,7,516,3,0.779,31.35,CRITICAL
11,0,541,3,0.043,86.08,MEDIUM
12,0,628,2,0.0,87.82,LOW
12,8,600,3,0.806,42.41,CRITICAL
8,2,376,3,0.427,67.12,HIGH
15,7,545,1,0.445,29.91,CRITICAL
3,2,521,1,0.956,63.58,HIGH
6,1,358,1,0.081,68.43,LOW
5,1,45,2,0.194,93.57,MEDIUM
15,2,451,0,0.106,57.38,MEDIUM
1,0,35,2,0.067,90.13,LOW
15,3,214,3,0.133,58.17,HIGH
9,3,17,3,0.41,68.55,HIGH
14,3,523,0,0.452,51.14,HIGH
9,2,343,0,0.28,64.06,MEDIUM
12,7,644,3,0.687,37.87,CRITICAL
12,3,153,1,0.161,71.43,MEDIUM
11,8,358,3,0.621,22.39,CRITICAL
2,1,109,0,0.884,85.11,MEDIUM
4,1,451,0,0.376,62.7,MEDIUM
2,1,375,1,0.944,76.41,HIGH
10,6,361,2,0.597,25.43,CRITICAL
7,3,145,2,0.527,69.06,CRITICAL
13,8,364,1,0.82,33.56,CRITICAL
12,0,119,3,0.074,87.88,MEDIUM
6,5,4,1,1.0,51.28,CRITICAL
14,3,443,2,0.109,51.91,HIGH
4,3,91,0,1.0,63.36,HIGH
12,8,425,3,0.706,44.46,CRITICAL
5,2,728,2,0.48,62.53,HIGH
8,7,99,1,0.942,48.39,CRITICAL
9,2,252,1,0.352,63.15,MEDIUM
3,2,301,2,0.828,68.25,HIGH
3,2,615,2,0.998,58.3,CRITICAL
1,0,323,2,0.0,79.95,LOW
3,2,178,1,0.979,74.75,CRITICAL
7,3,238,3,0.527,61.43,CRITICAL
13,0,389,3,0.143,86.9,MEDIUM
13,7,371,2,0.51,31.26,CRITICAL
15,6,225,0,0.458,46.1,CRITICAL
2,1,251,3,0.96,76.85,HIGH
7,6,190,3,0.947,33.02,CRITICAL
3,2,690,0,1.0,69.05,HIGH
14,6,608,2,0.579,34.83,CRITICAL
11,8,662,0,0.911,29.95,CRITICAL
7,3,197,1,0.381,75.68,HIGH
1,0,163,2,0.0,89.24,LOW
5,4,591,2,1.0,49.0,CRITICAL
7,6,687,2,1.0,39.15,CRITICAL
11,5,307,2,0.488,47.86,CRITICAL
9,0,462,3,0.0,77.34,MEDIUM
14,1,627,1,0.137,64.69,MEDIUM
3,2,390,2,0.951,69.05,HIGH
13,2,431,0,0.198,65.13,MEDIUM
3,2,50,3,1.0,86.12,CRITICAL
3,2,446,2,1.0,65.13,HIGH
13,4,31,1,0.389,67.0,HIGH
1,0,168,3,0.0,87.74,MEDIUM
15,7,719,3,0.472,28.12,CRITICAL
12,6,523,3,0.582,40.2,CRITICAL
7,6,253,1,1.0,32.09,CRITICAL
7,6,75,0,0.986,55.24,CRITICAL
14,4,563,0,0.322,61.39,HIGH
4,3,28,2,0.963,77.61,HIGH
11,6,305,0,0.7,34.87,CRITICAL
13,0,15,1,0.0,95.2,LOW
2,1,711,3,0.962,67.99,HIGH
1,0,338,0,0.0,78.04,LOW
4,3,235,1,1.0,63.2,HIGH
7,4,90,3,0.743,64.42,CRITICAL
4,3,316,2,0.992,55.4,CRITICAL
13,2,249,0,0.08,72.08,MEDIUM
1,0,348,1,0.0,91.69,LOW
5,4,697,3,0.935,42.1,CRITICAL
3,2,39,0,1.0,65.26,HIGH
3,2,170,2,1.0,71.95,CRITICAL
5,3,393,1,0.693,67.88,CRITICAL
9,0,291,1,0.153,85.3,LOW
13,5,304,1,0.456,35.1,CRITICAL
3,2,624,0,1.0,58.17,HIGH
3,2,642,2,1.0,58.58,CRITICAL
4,1,447,2,0.442,69.23,HIGH
11,4,63,1,0.425,67.17,HIGH
11,2,567,2,0.113,56.48,HIGH
13,6,119,3,0.439,52.23,CRITICAL
3,2,663,0,0.848,63.58,HIGH
10,6,570,1,0.788,36.1,CRITICAL
15,4,374,0,0.404,45.05,HIGH
13,8,645,2,0.645,30.72,CRITICAL
9,5,474,3,0.688,44.9,CRITICAL
15,5,407,0,0.39,32.74,CRITICAL
15,2,270,2,0.233,60.28,MEDIUM
3,2,20,1,1.0,75.02,HIGH
13,6,115,0,0.409,44.31,CRITICAL
3,2,271,2,0.927,72.68,CRITICAL
10,5,31,3,0.557,60.13,CRITICAL
8,4,41,3,0.464,65.97,CRITICAL
14,7,362,3,0.528,29.35,CRITICAL
6,4,215,2,0.939,58.69,CRITICAL
1,0,281,2,0.092,82.5,LOW
12,5,543,2,0.332,38.15,CRITICAL
4,3,251,0,1.0,65.35,HIGH
13,4,39,2,0.317,70.87,HIGH
15,3,256,3,0.313,60.91,HIGH
14,7,411,2,0.508,33.65,CRITICAL
8,0,591,2,0.116,78.02,MEDIUM
4,0,219,0,0.09,85.97,LOW
8,7,82,0,0.899,53.44,CRITICAL
3,2,595,2,1.0,60.11,CRITICAL
9,0,706,2,0.061,71.86,MEDIUM
10,2,445,0,0.269,63.43,MEDIUM
3,2,564,0,0.958,62.91,HIGH
7,5,379,1,0.675,44.43,CRITICAL
7,6,60,2,0.931,47.45,CRITICAL
8,6,532,2,0.847,40.51,CRITICAL
3,2,8,0,0.952,88.14,MEDIUM
14,8,406,0,0.536,35.91,CRITICAL
8,6,565,0,0.771,39.93,CRITICAL
12,1,125,2,0.097,80.58,MEDIUM
11,4,70,2,0.362,70.39,HIGH
3,2,195,3,1.0,70.99,CRITICAL
5,2,595,0,0.464,63.67,MEDIUM
15,8,203,0,0.622,43.47,CRITICAL
5,4,258,0,1.0,51.08,CRITICAL
3,2,15,2,0.889,83.34,HIGH
4,3,249,3,1.0,64.01,CRITICAL
2,1,8,3,1.0,95.97,HIGH
7,4,335,0,0.524,55.69,HIGH
10,4,268,3,0.447,51.09,CRITICAL
13,2,571,1,0.206,67.95,MEDIUM
11,7,18,2,0.893,39.16,CRITICAL
14,3,47,2,0.241,75.09,HIGH
15,1,638,1,0.119,71.53,MEDIUM
2,1,463,0,0.948,88.68,MEDIUM
1,0,36,1,0.059,94.62,LOW
12,5,570,2,0.567,32.52,CRITICAL
3,2,552,2,0.953,65.54,HIGH
15,7,549,1,0.611,14.7,CRITICAL
6,2,392,1,0.36,54.52,MEDIUM
15,4,582,3,0.397,39.9,CRITICAL
11,4,241,0,0.37,54.93,MEDIUM
14,8,116,1,0.735,46.33,CRITICAL
5,4,358,1,1.0,56.74,CRITICAL
9,1,559,1,0.188,75.44,MEDIUM
5,4,232,3,1.0,56.72,CRITICAL
10,8,652,0,0.925,28.79,CRITICAL
9,1,647,0,0.0,73.15,LOW
10,1,248,0,0.155,77.69,LOW
13,6,493,1,0.472,32.16,CRITICAL
1,0,417,1,0.016,60.55,LOW
12,1,214,1,0.161,87.79,MEDIUM
1,0,37,3,0.068,89.29,LOW
4,3,436,0,1.0,45.89,CRITICAL
3,2,560,3,0.839,65.63,CRITICAL
12,5,670,2,0.386,47.21,CRITICAL
5,4,42,2,1.0,69.33,CRITICAL
2,1,603,1,0.967,74.46,HIGH
6,2,219,1,0.47,74.54,MEDIUM
14,2,338,2,0.293,61.54,HIGH
4,3,673,1,0.912,43.47,CRITICAL
14,0,550,3,0.0,85.7,LOW
5,4,647,0,1.0,50.6,CRITICAL
12,6,218,1,0.496,52.55,CRITICAL
2,1,143,1,1.0,91.56,HIGH
5,4,7,3,0.795,61.22,CRITICAL
13,5,181,1,0.407,39.52,CRITICAL
12,6,34,1,0.515,64.77,CRITICAL
14,2,403,0,0.008,62.23,MEDIUM
12,2,65,3,0.145,70.92,HIGH
5,1,117,1,0.43,92.14,MEDIUM
7,3,12,1,0.571,73.07,HIGH
15,4,493,0,0.257,42.44,HIGH
13,0,323,2,0.029,82.33,LOW
8,4,458,1,0.476,50.19,CRITICAL
9,3,510,2,0.465,63.58,CRITICAL
5,4,475,2,0.962,50.78,CRITICAL
11,8,34,3,0.716,51.16,CRITICAL
14,7,228,3,0.549,39.65,CRITICAL
14,8,455,2,0.721,46.53,CRITICAL
4,0,132,2,0.0,85.61,LOW
4,3,706,0,0.898,56.31,CRITICAL
14,3,141,1,0.239,71.74,HIGH
12,4,655,1,0.451,44.91,CRITICAL
13,5,679,2,0.399,34.28,CRITICAL
1,0,309,0,0.0,87.57,LOW
2,0,33,2,0.0,91.82,LOW
12,8,390,0,0.671,37.54,CRITICAL
7,6,283,1,1.0,37.68,CRITICAL
13,3,83,2,0.296,69.94,HIGH
5,4,462,1,1.0,47.06,CRITICAL
5,4,467,2,1.0,39.32,CRITICAL
6,1,159,3,0.349,90.35,HIGH
5,4,474,3,1.0,48.81,CRITICAL
1,0,424,0,0.0,83.11,LOW
12,5,713,3,0.655,37.33,CRITICAL
12,8,2,3,0.801,50.14,CRITICAL
2,1,190,3,1.0,80.24,HIGH
12,6,563,3,0.463,35.77,CRITICAL
12,3,135,1,0.271,67.94,MEDIUM
13,4,32,1,0.307,60.32,HIGH
8,1,51,2,0.335,100.0,MEDIUM
6,0,424,0,0.013,85.25,LOW
14,2,390,1,0.039,73.45,MEDIUM
5,4,239,3,0.904,68.81,CRITICAL
9,8,120,1,0.984,42.74,CRITICAL
7,6,391,1,0.805,36.45,CRITICAL
3,2,346,3,0.93,77.76,CRITICAL
13,6,420,1,0.587,32.02,CRITICAL
10,5,386,2,0.54,42.16,CRITICAL
2,0,622,3,0.028,68.77,MEDIUM
11,5,255,2,0.439,39.7,CRITICAL
11,2,542,3,0.265,63.9,HIGH
12,6,173,2,0.483,44.75,CRITICAL
5,3,614,3,0.814,48.48,CRITICAL
3,2,109,2,1.0,78.8,HIGH
3,2,440,1,1.0,63.59,HIGH
6,3,614,1,0.607,56.21,CRITICAL
10,8,203,2,0.968,43.72,CRITICAL
6,5,147,0,0.993,55.51,CRITICAL
10,6,504,0,0.642,31.78,CRITICAL
8,2,206,3,0.319,65.89,HIGH
10,8,451,2,0.788,23.28,CRITICAL
3,2,466,0,0.978,54.07,HIGH
4,2,313,1,0.673,70.71,HIGH
10,5,27,3,0.575,57.31,CRITICAL
6,5,506,2,0.966,35.25,CRITICAL
4,2,84,2,0.663,78.01,HIGH
4,3,25,3,0.935,81.25,CRITICAL
11,7,237,1,0.84,41.36,CRITICAL
2,1,94,1,1.0,82.17,HIGH
10,4,2,3,0.31,67.85,CRITICAL
3,0,417,0,0.109,75.33,LOW
5,3,571,0,0.809,53.95,HIGH
4,2,684,1,0.657,66.89,HIGH
7,6,427,1,1.0,30.96,CRITICAL
13,0,699,3,0.0,89.28,MEDIUM
14,1,548,1,0.191,66.47,MEDIUM
10,2,58,0,0.211,87.69,LOW
5,4,587,3,1.0,40.47,CRITICAL
5,4,30,1,0.955,59.45,HIGH
9,3,99,2,0.37,76.82,HIGH
13,2,220,1,0.193,69.09,MEDIUM
8,5,298,1,0.864,40.42,CRITICAL
8,6,495,0,0.826,41.32,CRITICAL
5,0,643,2,0.0,75.36,MEDIUM
5,4,484,1,1.0,47.36,CRITICAL
4,3,209,3,1.0,61.28,CRITICAL
2,1,607,1,0.965,69.57,HIGH
4,3,388,3,0.997,55.71,CRITICAL
8,7,78,2,0.915,43.72,CRITICAL
9,8,225,3,0.821,44.2,CRITICAL
8,4,331,0,0.629,50.96,HIGH
11,8,352,2,0.749,44.06,CRITICAL
10,4,278,0,0.44,60.85,HIGH
12,3,149,1,0.411,61.18,HIGH
13,5,411,0,0.556,34.23,CRITICAL
9,3,586,2,0.42,53.36,CRITICAL
10,5,288,1,0.43,38.89,CRITICAL
13,1,101,3,0.119,88.4,MEDIUM
12,2,277,3,0.361,66.73,HIGH
4,3,526,2,0.955,57.29,CRITICAL
1,0,662,1,0.046,72.11,MEDIUM
1,0,729,0,0.063,79.09,LOW
10,5,321,3,0.563,42.52,CRITICAL
7,1,2,2,0.101,86.91,LOW
8,6,454,3,0.714,36.85,CRITICAL
2,1,541,0,0.891,75.3,HIGH
1,0,250,0,0.088,100.0,LOW
4,1,235,0,0.337,89.78,LOW
11,0,632,1,0.0,73.07,LOW
4,3,410,3,1.0,45.3,CRITICAL
3,2,720,0,1.0,67.41,HIGH
3,0,511,0,0.0,74.64,LOW
10,6,613,0,0.634,36.51,CRITICAL
3,2,619,3,1.0,59.77,CRITICAL
9,2,504,1,0.235,70.7,MEDIUM
10,5,79,0,0.488,48.98,CRITICAL
15,2,108,2,0.342,84.45,MEDIUM
15,4,455,2,0.367,52.77,CRITICAL
3,1,235,0,0.651,79.09,MEDIUM
10,7,659,2,0.942,29.44,CRITICAL
3,2,277,3,0.981,70.32,CRITICAL
8,7,511,0,1.0,35.14,CRITICAL
13,8,597,0,0.809,26.6,CRITICAL
12,5,634,1,0.434,35.86,CRITICAL
12,7,415,3,0.804,33.74,CRITICAL
14,5,489,2,0.358,49.21,CRITICAL
14,7,405,1,0.417,30.1,CRITICAL
9,6,256,3,0.721,32.02,CRITICAL
7,6,503,0,1.0,38.1,CRITICAL
6,0,90,1,0.015,100.0,LOW
1,0,645,3,0.0,83.2,MEDIUM
2,1,539,2,1.0,63.71,HIGH
1,0,409,2,0.078,75.13,LOW
5,4,398,3,0.986,50.58,CRITICAL
2,1,218,0,1.0,85.54,MEDIUM
12,6,18,2,0.571,53.53,CRITICAL
4,0,671,2,0.0,82.25,MEDIUM
4,2,221,0,0.764,63.9,HIGH
11,5,522,1,0.422,27.49,CRITICAL
9,8,358,0,0.898,30.03,CRITICAL
13,8,715,3,0.517,34.73,CRITICAL
14,4,257,1,0.295,59.02,HIGH
14,3,159,0,0.175,66.54,MEDIUM
14,1,80,2,0.01,96.68,LOW
3,2,228,3,1.0,68.26,CRITICAL
6,0,706,2,0.0,84.32,MEDIUM
4,3,218,1,1.0,53.67,CRITICAL
4,2,591,3,0.689,71.63,HIGH
5,4,486,0,1.0,45.26,CRITICAL
12,0,271,3,0.0,89.77,MEDIUM
14,7,493,3,0.503,23.39,CRITICAL
3,2,114,0,0.971,73.37,MEDIUM
3,2,629,0,1.0,69.94,HIGH
5,2,367,0,0.572,63.91,MEDIUM
4,0,404,1,0.049,86.64,LOW
13,1,341,1,0.157,81.86,MEDIUM
10,6,167,2,0.594,44.31,CRITICAL
10,0,603,1,0.0,69.33,MEDIUM
9,7,53,2,0.801,57.81,CRITICAL
15,4,316,2,0.19,57.66,HIGH
11,4,7,3,0.397,79.02,CRITICAL
1,0,628,1,0.121,88.2,LOW
15,8,181,2,0.623,39.03,CRITICAL
6,5,540,1,0.954,26.4,CRITICAL
5,4,541,2,1.0,43.76,CRITICAL
15,0,537,0,0.0,71.34,LOW
2,1,591,3,1.0,69.42,HIGH
8,6,578,0,0.941,32.01,CRITICAL
14,1,162,2,0.087,85.74,LOW
1,0,460,1,0.03,78.1,LOW
10,2,267,1,0.323,63.97,MEDIUM
6,1,512,0,0.214,76.52,MEDIUM
12,1,605,1,0.058,67.98,MEDIUM
9,1,437,0,0.0,63.08,MEDIUM
1,0,17,3,0.0,86.4,MEDIUM
1,0,138,0,0.075,84.9,LOW
1,0,394,3,0.018,70.37,LOW
6,2,366,0,0.424,59.73,MEDIUM
7,4,237,0,0.761,57.38,CRITICAL
6,5,220,0,1.0,51.18,CRITICAL
7,6,309,2,0.976,38.29,CRITICAL
5,1,653,1,0.138,72.93,MEDIUM
13,4,428,0,0.388,47.86,HIGH
13,3,349,0,0.144,45.56,MEDIUM
13,8,414,3,0.667,41.27,CRITICAL
6,5,626,2,1.0,33.29,CRITICAL
10,8,274,1,0.945,35.81,CRITICAL
11,7,459,3,0.694,26.72,CRITICAL
10,8,717,3,0.89,35.83,CRITICAL
2,1,176,1,1.0,79.19,HIGH
8,2,436,0,0.288,53.18,MEDIUM
2,1,238,0,1.0,76.29,MEDIUM
9,2,370,3,0.399,60.69,HIGH
10,2,527,0,0.092,63.72,MEDIUM
2,1,205,1,0.926,78.01,MEDIUM
5,4,708,0,0.949,28.36,CRITICAL
15,1,570,0,0.047,69.23,LOW
5,1,303,3,0.245,67.42,MEDIUM
11,7,509,0,0.691,24.25,CRITICAL
8,3,380,1,0.363,62.64,HIGH
9,1,248,1,0.0,79.42,MEDIUM
5,2,399,3,0.595,66.48,CRITICAL
8,5,252,2,0.767,49.45,CRITICAL
3,2,636,1,0.841,65.48,HIGH
1,0,26,1,0.016,94.8,LOW
12,5,607,2,0.502,48.41,CRITICAL
2,1,102,3,1.0,83.64,HIGH
10,1,19,0,0.0,95.37,LOW
7,1,3,0,0.137,97.48,LOW
4,3,231,0,1.0,57.64,HIGH
12,2,284,1,0.169,67.98,MEDIUM
7,6,187,0,1.0,40.79,CRITICAL
10,5,186,2,0.637,45.42,CRITICAL
5,1,391,2,0.275,59.09,MEDIUM
8,2,595,1,0.274,77.93,HIGH
3,0,612,2,0.153,84.21,MEDIUM
9,0,352,3,0.0,81.49,MEDIUM
10,6,14,1,0.685,49.43,CRITICAL
2,1,693,0,1.0,72.37,HIGH
10,4,577,3,0.381,60.58,CRITICAL
15,3,91,2,0.245,82.22,HIGH
4,3,683,2,0.91,54.57,CRITICAL
10,6,582,2,0.79,32.57,CRITICAL
1,0,483,2,0.121,77.56,MEDIUM
12,5,87,1,0.455,44.42,CRITICAL
15,1,509,2,0.062,62.94,MEDIUM
10,2,388,0,0.21,54.72,MEDIUM
9,5,436,2,0.494,29.47,CRITICAL
12,7,308,0,0.618,38.65,CRITICAL
13,1,227,0,0.115,82.96,LOW
3,2,625,3,1.0,55.37,CRITICAL
15,8,381,1,0.563,31.58,CRITICAL
10,0,715,0,0.0,75.72,LOW
2,1,712,3,1.0,68.61,CRITICAL
13,3,298,1,0.213,56.34,HIGH
7,2,665,3,0.316,61.96,HIGH
7,3,667,3,0.542,59.81,CRITICAL
8,0,656,3,0.118,76.33,MEDIUM
2,1,120,0,1.0,85.59,MEDIUM
13,3,540,2,0.254,58.55,CRITICAL
14,4,290,0,0.183,43.56,HIGH
4,3,195,3,1.0,54.4,CRITICAL
6,2,381,3,0.407,69.95,HIGH
14,5,106,2,0.19,58.27,CRITICAL
5,0,306,2,0.0,94.86,LOW
7,6,658,3,0.997,33.24,CRITICAL
8,4,326,1,0.585,49.32,CRITICAL
5,4,6,3,0.946,63.04,CRITICAL
2,1,692,2,1.0,74.05,HIGH
3,2,184,0,1.0,72.36,HIGH
3,2,682,3,1.0,67.64,CRITICAL
2,1,212,0,0.87,76.77,MEDIUM
8,5,40,2,0.797,58.35,CRITICAL
4,3,467,2,1.0,57.79,CRITICAL
2,1,433,1,0.956,61.68,HIGH
8,0,533,0,0.0,71.41,LOW
7,2,578,1,0.321,62.06,HIGH
13,1,560,2,0.114,79.68,MEDIUM
5,4,442,0,0.949,48.96,CRITICAL
4,0,661,0,0.0,72.68,LOW
14,0,502,2,0.064,76.79,LOW
2,1,415,0,0.994,66.24,MEDIUM
4,0,310,1,0.111,77.37,LOW
1,0,83,0,0.015,91.94,LOW
1,0,32,2,0.0,92.86,LOW
7,6,661,3,1.0,30.17,CRITICAL
1,0,69,1,0.0,100.0,LOW
10,0,721,3,0.0,88.62,MEDIUM
7,6,276,2,1.0,33.88,CRITICAL
13,5,515,3,0.364,46.93,CRITICAL
1,0,451,2,0.058,80.77,LOW
8,0,705,1,0.103,85.13,LOW
11,0,702,0,0.021,85.2,LOW
6,5,565,0,0.97,35.53,CRITICAL
12,1,388,0,0.086,80.15,LOW
9,3,523,2,0.356,56.89,HIGH
13,2,571,1,0.104,58.36,HIGH
2,1,255,3,1.0,59.41,HIGH
6,5,526,1,1.0,40.51,CRITICAL
12,7,183,3,0.62,57.25,CRITICAL
8,4,105,1,0.797,50.36,CRITICAL
12,7,20,1,0.629,41.59,CRITICAL
6,5,556,3,1.0,41.97,CRITICAL
7,5,32,0,0.994,57.28,CRITICAL
4,3,359,2,0.851,50.99,CRITICAL
11,8,339,3,0.816,41.28,CRITICAL
10,4,299,1,0.369,49.57,HIGH
9,3,453,1,0.308,46.19,HIGH
2,1,610,1,1.0,67.48,HIGH
1,0,636,3,0.131,77.14,MEDIUM
11,6,600,2,0.578,28.95,CRITICAL
8,5,537,2,0.745,44.19,CRITICAL
10,5,304,1,0.511,43.3,CRITICAL
4,3,419,1,0.987,56.27,HIGH
12,7,327,1,0.679,34.43,CRITICAL
7,2,398,0,0.364,71.8,MEDIUM
11,3,35,1,0.251,76.39,MEDIUM
7,4,7,0,0.622,74.12,HIGH
12,1,276,3,0.098,80.04,MEDIUM
2,1,655,2,0.964,61.17,HIGH
7,1,96,3,0.122,77.65,MEDIUM
6,3,507,0,0.533,55.77,HIGH
4,0,37,0,0.06,96.45,LOW
13,7,295,2,0.689,36.56,CRITICAL
6,4,160,1,0.941,52.3,CRITICAL
5,4,221,3,1.0,64.75,CRITICAL
7,2,345,1,0.416,61.07,MEDIUM
11,5,243,3,0.555,55.51,CRITICAL
3,2,172,1,1.0,77.62,HIGH
4,3,186,3,1.0,65.71,CRITICAL
13,8,117,1,0.732,53.57,CRITICAL
2,1,618,2,1.0,80.9,HIGH
4,3,522,3,1.0,54.95,CRITICAL
2,0,376,1,0.034,77.56,LOW
10,0,674,0,0.019,70.21,LOW
2,1,382,0,0.944,73.58,MEDIUM
5,4,194,0,1.0,56.08,CRITICAL
4,3,95,0,0.875,68.99,HIGH
14,2,99,1,0.215,88.78,MEDIUM
1,0,193,3,0.0,84.83,MEDIUM
11,5,588,2,0.376,43.5,CRITICAL
7,6,121,2,1.0,48.87,CRITICAL
1,0,103,1,0.0,100.0,LOW
10,7,5,0,0.769,50.99,CRITICAL
14,2,514,0,0.262,73.43,MEDIUM
10,3,571,1,0.441,54.55,HIGH
8,3,349,1,0.422,68.81,HIGH
13,2,460,3,0.069,66.92,HIGH
11,0,669,3,0.104,71.68,MEDIUM
14,2,375,1,0.145,67.23,MEDIUM
5,4,165,1,1.0,57.16,CRITICAL
4,3,653,0,1.0,65.12,CRITICAL
3,0,246,1,0.0,88.0,LOW
8,7,327,0,0.99,33.42,CRITICAL
5,4,389,3,1.0,53.16,CRITICAL
4,1,708,3,0.428,64.27,HIGH
11,4,658,3,0.479,38.82,CRITICAL
6,3,322,2,0.52,54.57,CRITICAL
6,3,330,2,0.598,57.17,CRITICAL
14,7,699,1,0.556,36.85,CRITICAL
10,2,576,3,0.171,70.19,HIGH
12,2,50,3,0.22,92.93,HIGH
13,7,375,1,0.616,23.75,CRITICAL
4,1,274,2,0.445,71.45,MEDIUM
1,0,307,3,0.024,81.44,MEDIUM
7,6,590,1,0.903,37.41,CRITICAL
1,0,239,0,0.0,94.01,LOW
1,0,160,0,0.004,84.49,LOW
5,4,324,3,0.979,46.41,CRITICAL
3,2,221,3,1.0,73.3,CRITICAL
3,0,313,1,0.082,85.71,LOW
5,4,113,2,1.0,74.68,CRITICAL
13,7,458,3,0.629,32.38,CRITICAL
3,1,123,2,0.417,91.41,MEDIUM
9,8,364,1,0.948,41.25,CRITICAL
13,0,474,2,0.064,78.14,MEDIUM
10,7,65,1,0.888,51.05,CRITICAL
3,1,512,0,0.32,73.42,MEDIUM
6,3,39,1,0.59,75.46,HIGH
8,0,643,3,0.0,82.26,MEDIUM
14,8,616,3,0.68,20.02,CRITICAL
1,0,527,0,0.018,86.88,LOW
4,3,303,2,1.0,58.83,CRITICAL
12,3,354,1,0.322,60.16,HIGH
15,7,467,3,0.421,27.08,CRITICAL
3,2,570,3,0.962,71.38,CRITICAL
13,4,585,1,0.324,43.14,CRITICAL
4,3,285,1,0.934,59.56,CRITICAL
1,0,168,2,0.0,85.1,LOW
5,4,325,0,1.0,36.56,CRITICAL
6,5,103,1,1.0,60.35,CRITICAL
14,2,459,1,0.236,61.43,MEDIUM
11,4,318,1,0.45,38.17,HIGH
14,4,273,0,0.304,49.42,HIGH
2,1,293,1,0.952,71.43,HIGH
1,0,43,1,0.0,93.69,LOW
15,7,689,2,0.466,36.07,CRITICAL
14,3,30,1,0.268,70.12,MEDIUM
6,3,618,2,0.34,59.59,CRITICAL
14,2,293,1,0.0,65.82,MEDIUM
8,1,616,3,0.193,75.09,HIGH
8,7,496,0,1.0,40.07,CRITICAL
11,3,182,3,0.388,63.72,HIGH
11,6,59,3,0.642,37.72,CRITICAL
10,7,482,1,0.705,33.15,CRITICAL
4,3,420,3,1.0,50.86,CRITICAL
8,5,632,3,0.793,46.74,CRITICAL
13,0,112,3,0.0,99.92,LOW
2,1,673,1,1.0,80.84,HIGH
1,0,87,0,0.0,95.28,LOW
14,6,576,1,0.331,37.36,CRITICAL
15,6,78,2,0.351,44.32,CRITICAL
15,0,685,2,0.0,66.84,MEDIUM
4,3,538,3,0.856,57.45,CRITICAL
2,1,34,1,1.0,93.83,MEDIUM
11,8,612,0,0.723,27.24,CRITICAL
13,8,143,0,0.691,49.8,CRITICAL
8,2,317,1,0.463,54.89,HIGH
3,2,284,0,1.0,65.46,HIGH
11,5,453,1,0.435,33.28,CRITICAL
12,2,521,3,0.316,49.13,HIGH
8,7,354,1,0.992,46.58,CRITICAL
9,4,185,3,0.558,66.33,CRITICAL
9,2,601,3,0.336,59.91,CRITICAL
8,7,479,3,1.0,48.53,CRITICAL
10,5,272,2,0.508,56.23,CRITICAL
8,2,414,2,0.216,61.42,HIGH
7,3,654,1,0.62,55.69,HIGH
11,6,730,1,0.629,34.22,CRITICAL
12,1,708,3,0.176,87.11,HIGH
3,2,634,2,1.0,63.59,CRITICAL
5,1,84,0,0.273,92.45,LOW
4,3,666,1,0.9,57.44,CRITICAL
8,7,127,3,1.0,39.1,CRITICAL
10,8,471,0,0.842,25.51,CRITICAL
12,2,353,1,0.22,60.12,MEDIUM
9,2,246,3,0.258,79.87,HIGH
5,4,544,0,0.961,53.81,CRITICAL
10,7,642,2,0.69,24.67,CRITICAL
6,2,26,2,0.465,81.65,HIGH
14,4,320,1,0.301,42.83,HIGH
11,2,307,3,0.146,73.17,HIGH
7,6,305,1,1.0,44.49,CRITICAL
8,5,524,2,0.729,46.1,CRITICAL
2,1,32,0,0.943,95.76,MEDIUM
7,1,404,2,0.271,76.22,MEDIUM
14,7,329,0,0.372,26.75,CRITICAL
15,3,476,0,0.179,52.6,HIGH
12,5,679,2,0.396,36.53,CRITICAL
8,0,37,3,0.0,100.0,LOW
7,5,363,3,0.86,40.48,CRITICAL
12,3,536,1,0.259,58.38,HIGH
13,7,488,3,0.488,39.09,CRITICAL
5,4,703,2,1.0,44.67,CRITICAL
9,6,612,0,0.877,28.95,CRITICAL
15,3,95,1,0.202,67.6,HIGH
11,2,315,3,0.331,66.33,HIGH
9,4,450,3,0.583,48.1,CRITICAL
5,4,100,3,1.0,66.84,CRITICAL
6,0,388,1,0.019,82.96,LOW
12,4,255,2,0.381,59.08,CRITICAL
5,0,729,0,0.042,76.4,LOW
12,0,460,2,0.037,75.71,MEDIUM
3,1,145,0,0.524,82.19,MEDIUM
7,3,517,1,0.469,54.95,HIGH
6,5,729,2,0.968,41.25,CRITICAL
13,2,404,1,0.175,60.11,MEDIUM
11,3,605,3,0.252,51.76,CRITICAL
9,1,572,2,0.167,70.39,HIGH
2,1,643,2,1.0,78.38,HIGH
3,2,331,1,0.93,70.52,HIGH
1,0,136,3,0.133,88.49,MEDIUM
9,6,399,0,0.716,30.41,CRITICAL
15,4,107,3,0.366,69.15,HIGH
12,5,715,3,0.355,33.07,CRITICAL
7,3,663,3,0.464,53.51,CRITICAL
2,1,13,2,1.0,86.56,MEDIUM
10,8,418,2,0.74,33.5,CRITICAL
8,6,567,0,0.797,28.81,CRITICAL
8,1,270,1,0.187,81.17,MEDIUM
6,5,256,2,0.954,45.39,CRITICAL
13,3,505,0,0.307,56.49,HIGH
2,1,345,2,0.994,67.93,HIGH
3,1,553,3,0.57,72.35,HIGH
4,3,684,3,1.0,57.96,CRITICAL
8,1,668,1,0.115,60.84,MEDIUM
4,3,513,2,0.99,47.06,CRITICAL
15,5,631,0,0.256,41.05,CRITICAL
11,5,138,2,0.498,55.65,CRITICAL
3,2,604,2,0.851,66.42,HIGH
3,2,56,2,1.0,88.67,HIGH
10,4,186,0,0.435,71.18,HIGH
10,0,643,3,0.0,75.09,MEDIUM
4,3,615,3,1.0,54.01,CRITICAL
14,4,561,0,0.34,57.84,HIGH
12,0,263,0,0.0,84.93,LOW
1,0,43,1,0.0,90.47,LOW
5,3,403,3,0.855,48.07,CRITICAL
15,0,450,1,0.046,76.27,LOW
6,1,143,2,0.101,80.98,MEDIUM
14,6,74,3,0.473,55.93,CRITICAL
10,2,575,2,0.24,62.44,MEDIUM
4,3,486,1,1.0,60.68,CRITICAL
15,4,620,3,0.501,32.33,CRITICAL
13,6,345,1,0.546,32.82,CRITICAL
8,6,648,3,1.0,30.12,CRITICAL
11,5,511,1,0.469,32.41,CRITICAL
4,2,698,2,0.656,57.74,CRITICAL
9,3,177,1,0.375,68.26,HIGH
11,7,630,0,0.675,22.76,CRITICAL
11,4,334,1,0.414,41.13,CRITICAL
12,0,612,3,0.096,77.34,MEDIUM
3,2,730,3,0.98,65.25,CRITICAL
9,6,584,0,0.678,27.75,CRITICAL
1,0,227,0,0.0,84.49,LOW
2,1,455,1,0.964,63.41,HIGH
2,1,705,3,1.0,71.22,CRITICAL
7,0,404,3,0.014,81.28,MEDIUM
2,1,599,3,1.0,67.68,CRITICAL
8,5,243,2,0.911,68.81,CRITICAL
5,0,206,3,0.154,98.53,MEDIUM
15,7,537,3,0.559,26.42,CRITICAL
1,0,716,2,0.0,71.03,LOW
9,7,91,2,0.892,33.42,CRITICAL
10,2,131,2,0.107,71.51,MEDIUM
9,0,313,1,0.0,82.62,LOW
7,5,500,2,0.837,39.16,CRITICAL
13,2,108,2,0.088,84.64,MEDIUM
1,0,287,0,0.0,77.3,LOW
11,8,583,1,0.845,33.19,CRITICAL
3,2,320,3,0.859,73.98,CRITICAL
9,1,404,2,0.139,75.46,MEDIUM
4,3,459,2,1.0,57.67,CRITICAL
8,1,424,1,0.16,76.44,MEDIUM
11,2,53,3,0.079,80.06,MEDIUM
3,2,11,2,0.934,81.41,HIGH
14,8,575,2,0.764,36.93,CRITICAL
3,2,348,0,0.938,61.47,HIGH
14,2,180,0,0.163,70.83,MEDIUM
1,0,191,0,0.0,86.92,LOW
5,4,543,0,0.956,51.73,CRITICAL
15,0,12,3,0.0,100.0,LOW
6,3,311,0,0.611,54.87,HIGH
13,1,259,3,0.156,84.48,MEDIUM
3,2,142,3,1.0,77.88,HIGH
6,0,506,0,0.0,89.72,LOW
13,0,11,2,0.0,91.46,LOW
6,5,18,2,1.0,63.24,CRITICAL
13,3,264,2,0.268,54.13,HIGH
8,6,68,1,1.0,50.31,CRITICAL
14,7,660,0,0.507,46.04,CRITICAL
6,3,293,1,0.445,59.08,HIGH
12,7,136,3,0.562,37.77,CRITICAL
15,4,576,1,0.32,40.26,CRITICAL
12,0,79,0,0.0,100.0,LOW
12,0,499,3,0.0,78.03,MEDIUM
1,0,268,2,0.231,90.11,MEDIUM
7,1,684,1,0.109,68.72,LOW
8,7,173,3,1.0,31.32,CRITICAL
11,2,722,0,0.283,63.34,MEDIUM
11,6,519,1,0.513,33.67,CRITICAL
1,0,412,1,0.0,72.24,LOW
8,1,455,0,0.186,82.19,LOW
4,3,588,1,0.987,58.79,CRITICAL
9,5,124,2,0.768,54.88,CRITICAL
2,1,204,1,1.0,83.24,MEDIUM
4,3,656,0,0.939,52.21,HIGH
11,3,35,2,0.262,76.32,HIGH
9,7,566,2,0.865,29.88,CRITICAL
1,0,521,3,0.042,82.14,MEDIUM
4,0,590,2,0.07,93.52,MEDIUM
10,6,647,0,0.716,31.46,CRITICAL
3,2,14,1,1.0,88.96,HIGH
2,1,682,1,0.923,81.24,HIGH
13,6,582,1,0.518,28.63,CRITICAL
9,3,726,1,0.346,67.74,HIGH
15,3,292,1,0.172,67.78,HIGH
4,3,107,3,0.984,75.35,CRITICAL
14,1,167,0,0.081,91.01,LOW
4,3,483,3,1.0,50.07,CRITICAL
3,0,304,0,0.0,89.0,LOW
8,7,119,0,0.983,52.56,CRITICAL
12,0,328,1,0.005,85.61,LOW
14,0,609,2,0.095,74.47,LOW
4,0,562,3,0.0,78.12,MEDIUM
3,2,71,2,1.0,70.85,HIGH
6,5,505,3,0.934,36.1,CRITICAL
7,6,500,0,1.0,37.31,CRITICAL
8,2,116,1,0.344,64.67,MEDIUM
2,1,554,0,0.963,74.56,MEDIUM
1,0,533,2,0.0,72.73,LOW
13,4,36,0,0.416,63.82,HIGH
8,3,383,3,0.238,62.01,CRITICAL
2,1,402,2,0.854,72.86,HIGH
3,0,292,3,0.0,80.65,MEDIUM
13,7,504,0,0.605,25.19,CRITICAL
8,2,472,1,0.279,66.15,MEDIUM
11,7,248,2,0.73,47.11,CRITICAL
12,1,448,2,0.128,78.59,MEDIUM
8,2,512,3,0.285,58.19,HIGH
10,3,717,1,0.416,51.63,HIGH
12,0,687,1,0.0,81.97,LOW
13,8,695,2,0.543,24.64,CRITICAL
12,6,361,0,0.442,33.25,CRITICAL
2,1,84,0,1.0,92.41,MEDIUM
14,4,308,0,0.293,52.98,HIGH
8,1,76,0,0.083,82.33,LOW
5,3,323,3,0.757,60.52,CRITICAL
10,7,634,0,0.67,39.67,CRITICAL
10,3,422,0,0.329,46.11,HIGH
14,5,640,3,0.37,33.51,CRITICAL
10,1,526,1,0.007,80.35,MEDIUM
8,1,192,2,0.127,77.29,MEDIUM
9,7,310,2,0.852,35.18,CRITICAL
13,5,115,1,0.472,52.06,CRITICAL
6,4,448,0,0.757,47.99,CRITICAL
13,8,96,0,0.674,31.43,CRITICAL
1,0,692,0,0.004,80.29,LOW
8,4,251,0,0.586,53.26,CRITICAL
2,1,142,2,0.962,88.5,HIGH
6,0,195,2,0.0,93.43,LOW
6,5,176,0,0.951,45.23,CRITICAL
6,1,12,1,0.269,89.61,MEDIUM
4,3,495,2,0.927,48.65,CRITICAL
5,4,286,3,1.0,57.03,CRITICAL
5,4,148,2,1.0,64.51,CRITICAL
10,2,466,2,0.233,66.41,HIGH
2,1,677,3,0.925,74.68,HIGH
10,0,154,0,0.0,90.0,LOW
3,1,586,2,0.506,61.85,HIGH
10,3,505,3,0.277,56.66,CRITICAL
6,5,495,0,1.0,51.55,CRITICAL
15,2,643,2,0.0,68.34,HIGH
12,6,408,3,0.571,29.76,CRITICAL
15,7,317,3,0.608,31.46,CRITICAL
2,1,90,0,0.949,95.08,MEDIUM
5,3,116,1,0.745,74.36,HIGH
11,3,211,1,0.41,68.98,HIGH
7,0,68,0,0.0,97.58,LOW
9,8,101,1,1.0,40.85,CRITICAL
7,4,151,0,0.51,58.59,HIGH
4,3,680,3,0.866,62.1,CRITICAL
2,1,719,1,1.0,72.01,HIGH
9,8,514,3,1.0,34.08,CRITICAL
14,2,124,2,0.185,85.92,MEDIUM
14,4,447,2,0.257,46.76,CRITICAL
1,0,730,2,0.112,75.99,MEDIUM
5,4,121,0,0.878,64.13,HIGH
8,7,615,2,1.0,37.96,CRITICAL
4,1,418,3,0.24,68.14,MEDIUM
2,1,478,1,0.967,79.61,HIGH
1,0,667,1,0.06,78.05,LOW
12,7,360,0,0.515,23.2,CRITICAL
5,0,226,3,0.0,85.15,MEDIUM
10,3,271,2,0.36,47.55,HIGH
4,3,309,1,1.0,66.73,CRITICAL
9,6,345,1,0.718,37.66,CRITICAL
7,6,476,2,1.0,30.72,CRITICAL
4,3,612,3,0.875,53.99,CRITICAL
5,4,124,0,1.0,68.25,CRITICAL
12,1,268,2,0.0,68.33,MEDIUM
15,7,338,2,0.57,26.68,CRITICAL
5,1,710,1,0.236,66.36,MEDIUM
7,6,467,2,1.0,33.97,CRITICAL
7,6,160,2,1.0,50.09,CRITICAL
6,4,549,2,0.887,54.3,CRITICAL
7,0,712,0,0.137,79.59,LOW
5,4,5,0,0.915,68.44,HIGH
13,3,647,2,0.357,47.48,CRITICAL
3,2,653,0,1.0,56.93,HIGH
1,0,344,0,0.019,76.02,LOW
10,6,617,1,0.642,33.08,CRITICAL
14,8,224,3,0.528,49.25,CRITICAL
6,1,381,1,0.178,69.27,MEDIUM
11,7,258,3,0.668,35.55,CRITICAL
5,4,330,3,1.0,45.95,CRITICAL
10,8,634,3,0.846,31.47,CRITICAL
2,1,235,0,1.0,75.23,HIGH
2,1,427,2,1.0,70.91,HIGH
7,6,707,3,1.0,25.61,CRITICAL
2,1,630,3,0.907,74.92,HIGH
8,7,324,1,0.99,31.9,CRITICAL
14,5,56,2,0.431,55.26,CRITICAL
2,1,236,2,1.0,91.38,HIGH
5,3,79,0,0.792,68.94,HIGH
1,0,125,1,0.0,92.73,LOW
12,3,159,2,0.325,77.32,HIGH
8,2,504,2,0.397,62.7,HIGH
5,4,227,0,1.0,67.95,CRITICAL
6,5,449,2,1.0,36.45,CRITICAL
13,7,663,0,0.646,34.67,CRITICAL
5,3,588,2,0.858,61.97,CRITICAL
2,0,148,2,0.0,93.17,LOW
4,3,136,1,0.92,58.85,CRITICAL
2,1,286,1,1.0,79.75,MEDIUM
5,1,7,2,0.349,84.1,MEDIUM
3,2,612,1,1.0,66.69,HIGH
3,2,330,2,0.941,67.64,CRITICAL
11,1,663,1,0.073,77.28,MEDIUM
14,4,39,3,0.272,58.53,CRITICAL
5,1,16,0,0.456,98.2,LOW
8,0,18,1,0.046,100.0,LOW
9,6,162,3,0.651,47.68,CRITICAL
15,3,132,2,0.153,71.74,HIGH
6,5,146,2,1.0,52.99,CRITICAL
13,7,21,3,0.508,55.19,CRITICAL
3,1,407,1,0.364,80.85,MEDIUM
9,3,410,0,0.35,49.61,HIGH
13,7,80,1,0.606,57.72,CRITICAL
7,6,345,0,1.0,44.4,CRITICAL
14,8,651,1,0.727,43.79,CRITICAL
15,2,61,0,0.076,91.49,MEDIUM
1,0,479,0,0.0,90.81,LOW
2,0,475,3,0.0,81.66,MEDIUM
1,0,498,2,0.037,73.31,MEDIUM
15,8,369,2,0.459,29.48,CRITICAL
4,3,234,1,0.964,56.83,CRITICAL
2,1,714,3,0.964,83.83,CRITICAL
14,3,465,1,0.083,58.43,HIGH
15,7,31,2,0.522,58.92,CRITICAL
8,7,229,3,0.862,44.65,CRITICAL
3,1,287,0,0.541,80.84,MEDIUM
10,3,235,2,0.334,50.6,HIGH
14,3,331,1,0.305,58.83,HIGH
9,4,225,2,0.487,52.2,CRITICAL
11,8,111,1,0.661,44.61,CRITICAL
2,0,204,2,0.015,77.44,LOW
15,6,479,2,0.482,33.57,CRITICAL
13,0,114,0,0.0,94.48,LOW
15,5,697,0,0.379,39.35,CRITICAL
13,6,45,3,0.41,50.02,CRITICAL
11,8,365,3,0.822,22.25,CRITICAL
6,4,570,3,0.762,46.6,CRITICAL
15,1,191,0,0.138,80.9,LOW
13,4,265,0,0.165,60.25,HIGH
10,5,707,2,0.423,50.52,CRITICAL
4,2,145,1,0.533,76.86,MEDIUM
8,5,561,3,0.667,39.82,CRITICAL
8,4,520,0,0.592,47.32,HIGH
11,6,286,1,0.637,38.31,CRITICAL
2,1,227,3,1.0,73.57,HIGH
2,0,502,1,0.175,81.27,LOW
15,1,165,3,0.041,83.66,MEDIUM
1,0,37,0,0.0,93.41,LOW
9,5,575,1,0.747,38.28,CRITICAL
1,0,114,2,0.066,91.37,LOW
13,8,298,1,0.657,40.93,CRITICAL
3,2,266,3,1.0,60.46,CRITICAL
5,3,26,1,0.689,81.85,HIGH
5,4,403,3,1.0,44.04,CRITICAL
9,5,724,3,0.717,49.1,CRITICAL
7,6,265,2,0.926,32.94,CRITICAL
8,6,167,1,0.852,40.12,CRITICAL
3,2,427,3,0.975,62.26,CRITICAL
4,2,276,2,0.653,65.32,HIGH
8,0,169,3,0.03,87.1,MEDIUM
9,0,571,0,0.0,85.38,LOW
2,1,219,2,0.974,72.56,HIGH
8,4,436,3,0.572,42.49,CRITICAL
6,5,542,2,0.92,38.88,CRITICAL
1,0,639,1,0.0,71.75,LOW
13,8,378,3,0.828,31.29,CRITICAL
3,2,252,3,1.0,76.82,CRITICAL
2,1,507,3,0.943,58.91,HIGH
8,0,160,0,0.0,95.34,LOW
3,1,574,0,0.273,78.67,MEDIUM
2,1,562,1,1.0,73.95,HIGH
3,0,146,3,0.023,91.56,MEDIUM
2,0,624,3,0.0,75.38,MEDIUM
7,3,422,0,0.365,56.62,MEDIUM
6,5,714,2,0.887,30.91,CRITICAL
7,4,399,2,0.65,43.57,CRITICAL
3,2,23,3,1.0,88.08,HIGH
11,2,691,1,0.345,70.09,MEDIUM
4,2,454,2,0.719,63.36,HIGH
15,6,301,0,0.647,31.04,CRITICAL
10,3,67,3,0.368,67.65,HIGH
14,3,125,3,0.286,69.72,HIGH
6,3,68,0,0.633,69.49,MEDIUM
11,0,5,1,0.158,96.64,LOW
13,6,44,0,0.632,53.68,CRITICAL
12,5,75,2,0.482,60.01,CRITICAL
1,0,148,2,0.014,87.52,LOW
12,2,112,1,0.083,76.91,MEDIUM
12,3,619,3,0.154,49.98,CRITICAL
9,0,530,3,0.006,78.69,MEDIUM
5,4,496,0,0.975,46.48,CRITICAL
7,2,341,3,0.474,60.38,HIGH
12,0,419,1,0.09,74.49,LOW
9,1,559,1,0.078,70.03,MEDIUM
2,1,433,3,0.95,71.67,CRITICAL
10,6,629,0,0.558,31.48,CRITICAL
4,3,432,3,0.988,61.37,CRITICAL
9,3,221,2,0.351,69.87,HIGH
3,2,88,2,1.0,75.56,HIGH
7,1,506,0,0.128,73.58,MEDIUM
15,5,570,3,0.377,39.76,CRITICAL
15,2,518,0,0.095,64.61,MEDIUM
9,1,137,2,0.209,84.14,MEDIUM
6,0,669,1,0.036,76.14,MEDIUM
9,7,684,3,0.889,23.7,CRITICAL
11,8,596,1,0.846,29.73,CRITICAL
8,0,584,1,0.158,88.31,LOW
10,5,329,0,0.463,37.59,CRITICAL
4,2,716,3,0.644,71.08,CRITICAL
11,3,133,2,0.209,67.54,HIGH
3,2,477,0,0.978,69.42,HIGH
12,5,5,1,0.236,69.0,HIGH
9,0,50,2,0.042,100.0,LOW
11,8,157,3,0.887,45.61,CRITICAL
5,4,727,3,0.897,42.37,CRITICAL
13,0,707,2,0.0,96.13,MEDIUM
7,6,377,0,0.926,28.77,CRITICAL
6,5,730,2,1.0,40.19,CRITICAL
5,4,170,0,1.0,47.98,CRITICAL
12,1,545,3,0.24,67.42,HIGH
3,2,567,3,1.0,48.51,CRITICAL
10,2,504,3,0.166,54.19,HIGH
7,1,338,0,0.21,65.26,LOW
1,0,465,3,0.0,91.15,MEDIUM
9,1,207,2,0.116,83.56,MEDIUM
7,0,585,1,0.0,77.43,LOW
8,7,200,3,0.995,39.52,CRITICAL
12,7,685,0,0.612,22.54,CRITICAL
1,0,526,0,0.0,77.69,LOW
8,5,571,3,0.916,38.61,CRITICAL
4,3,179,2,0.998,67.75,CRITICAL
8,2,640,0,0.24,59.12,MEDIUM
10,8,179,2,0.857,38.98,CRITICAL
7,4,597,1,0.583,50.86,CRITICAL
3,2,721,1,1.0,48.56,CRITICAL
9,4,428,3,0.409,52.89,CRITICAL
4,3,45,2,0.967,74.5,CRITICAL
9,1,164,0,0.021,84.53,LOW
6,5,190,0,1.0,43.33,CRITICAL
15,5,131,1,0.289,55.91,CRITICAL
3,2,692,3,1.0,64.28,CRITICAL
11,5,701,0,0.465,42.2,CRITICAL
7,5,128,1,0.943,36.96,CRITICAL
11,5,597,3,0.544,38.46,CRITICAL
3,2,485,3,0.911,70.85,CRITICAL
11,3,656,1,0.3,61.61,HIGH
8,7,276,3,1.0,35.95,CRITICAL
11,2,708,2,0.261,61.49,HIGH
10,7,533,0,0.86,44.55,CRITICAL
14,0,326,3,0.0,77.28,MEDIUM
1,0,85,0,0.0,99.61,LOW
3,0,605,3,0.0,74.79,MEDIUM
11,6,76,2,0.493,52.96,CRITICAL
4,3,497,2,0.982,68.44,CRITICAL
1,0,582,0,0.024,82.73,LOW
1,0,542,1,0.0,90.06,LOW
6,5,429,2,1.0,42.3,CRITICAL
9,4,143,3,0.61,58.01,CRITICAL
10,7,293,3,0.72,40.97,CRITICAL
11,1,202,0,0.14,87.2,LOW
4,3,613,2,0.778,51.72,CRITICAL
1,0,293,0,0.067,77.26,LOW
9,4,295,3,0.374,43.28,CRITICAL
14,8,130,2,0.622,39.91,CRITICAL
15,4,247,0,0.257,57.57,MEDIUM
1,0,715,0,0.125,76.15,LOW
3,1,80,3,0.485,85.46,HIGH
10,7,629,3,0.841,36.2,CRITICAL
7,5,499,2,0.798,36.21,CRITICAL
10,7,719,0,0.595,27.17,CRITICAL
6,1,146,0,0.272,82.61,LOW
15,8,515,2,0.625,34.48,CRITICAL
13,3,501,1,0.119,42.36,HIGH
3,2,571,2,1.0,69.43,CRITICAL
3,2,431,2,0.949,63.35,CRITICAL
3,1,604,0,0.48,63.1,MEDIUM
14,5,275,3,0.319,43.01,CRITICAL
3,2,17,2,1.0,71.14,CRITICAL
1,0,153,3,0.065,86.53,MEDIUM
6,3,610,2,0.44,61.36,CRITICAL
6,5,317,2,0.997,39.1,CRITICAL
2,1,233,1,0.931,82.68,HIGH
5,4,696,0,1.0,51.0,CRITICAL
10,4,644,0,0.488,40.62,CRITICAL
3,2,229,2,0.943,84.15,HIGH
12,4,300,3,0.272,55.2,CRITICAL
4,3,309,1,1.0,48.72,CRITICAL
13,8,346,0,0.594,32.97,CRITICAL
8,0,109,1,0.0,92.14,LOW
14,5,678,1,0.427,48.7,CRITICAL
13,3,678,1,0.193,42.93,HIGH
2,1,239,3,1.0,84.2,CRITICAL
5,3,260,1,0.858,53.02,HIGH
5,1,311,1,0.152,68.02,MEDIUM
14,3,153,1,0.21,70.23,HIGH
7,3,13,0,0.507,65.29,HIGH
8,7,685,1,1.0,26.63,CRITICAL
2,1,655,2,0.967,75.95,HIGH
15,1,443,2,0.074,72.16,MEDIUM
9,4,449,0,0.651,44.06,CRITICAL
7,6,443,0,0.985,27.76,CRITICAL
14,0,605,1,0.118,82.46,MEDIUM
7,4,157,2,0.755,66.69,CRITICAL
15,7,112,1,0.533,38.48,CRITICAL
1,0,288,2,0.049,85.76,LOW
4,3,386,0,1.0,58.83,HIGH
7,3,142,3,0.393,69.88,HIGH
11,8,102,1,0.761,58.85,CRITICAL
10,7,18,2,0.75,57.11,CRITICAL
13,0,454,3,0.033,68.83,MEDIUM
14,2,654,2,0.139,65.36,HIGH
3,1,99,0,0.335,82.15,LOW
8,3,680,0,0.475,58.19,HIGH
5,1,237,0,0.283,81.59,LOW
3,0,677,3,0.0,87.76,MEDIUM
14,2,105,2,0.073,78.93,MEDIUM
3,1,400,1,0.447,62.72,MEDIUM
14,7,149,0,0.454,42.47,CRITICAL
5,4,385,3,0.984,49.45,CRITICAL
3,2,642,3,1.0,51.99,CRITICAL
12,0,444,0,0.048,78.75,LOW
7,0,581,1,0.042,81.69,LOW
8,0,102,1,0.0,95.59,LOW
1,0,565,3,0.0,85.97,MEDIUM
9,2,729,0,0.269,53.24,MEDIUM
1,0,269,0,0.0,81.04,LOW
2,1,144,3,0.828,79.24,HIGH
5,0,88,2,0.062,88.47,MEDIUM
3,1,120,3,0.423,82.22,HIGH
5,4,656,2,1.0,45.23,CRITICAL
4,0,571,1,0.0,72.38,LOW
8,7,669,3,1.0,33.7,CRITICAL
8,5,539,3,0.827,39.08,CRITICAL
15,4,624,2,0.483,54.68,CRITICAL
8,2,564,2,0.278,74.31,HIGH
2,1,560,0,0.848,78.82,MEDIUM
8,1,67,2,0.318,93.14,MEDIUM
13,5,478,1,0.331,37.64,CRITICAL
14,6,92,1,0.575,48.01,CRITICAL
7,6,141,2,0.956,47.29,CRITICAL
5,3,408,3,0.683,59.91,CRITICAL
15,7,693,2,0.462,29.12,CRITICAL
5,4,620,2,0.898,45.91,CRITICAL
13,8,576,2,0.732,32.77,CRITICAL
8,4,87,1,0.636,61.09,CRITICAL
9,6,588,0,0.763,35.04,CRITICAL
6,0,146,3,0.0,100.0,LOW
6,0,28,2,0.011,86.58,LOW
9,7,304,1,0.912,37.8,CRITICAL
7,2,385,0,0.451,69.8,MEDIUM
14,0,371,3,0.031,74.19,MEDIUM
6,1,620,2,0.401,72.12,HIGH
14,5,602,3,0.491,43.7,CRITICAL
15,0,121,3,0.0,100.0,LOW
2,0,520,3,0.044,82.37,MEDIUM
1,0,222,1,0.0,84.81,LOW
15,7,577,0,0.56,41.24,CRITICAL
8,0,142,1,0.015,89.83,LOW
7,4,579,3,0.634,47.94,CRITICAL
13,6,443,1,0.499,27.2,CRITICAL
11,5,250,2,0.534,51.95,CRITICAL
4,2,199,3,0.637,85.48,HIGH
14,6,197,0,0.497,49.94,CRITICAL
15,1,173,2,0.184,76.7,MEDIUM
4,3,58,3,1.0,71.62,CRITICAL
8,0,77,1,0.138,90.47,LOW
1,0,394,1,0.0,79.09,LOW
11,5,519,3,0.483,54.98,CRITICAL
5,4,650,0,0.931,47.84,CRITICAL
12,3,112,3,0.301,62.65,HIGH
11,1,350,3,0.138,80.53,MEDIUM
4,3,334,1,0.896,62.22,HIGH
9,8,316,1,0.897,47.21,CRITICAL
7,0,87,3,0.04,82.71,LOW
9,1,728,3,0.043,70.16,MEDIUM
6,0,87,2,0.015,100.0,LOW
15,2,645,1,0.168,57.61,HIGH
4,3,339,3,0.971,55.22,CRITICAL
10,0,707,3,0.075,79.98,HIGH
8,0,498,0,0.0,80.84,LOW
10,7,21,2,0.554,57.53,CRITICAL
14,3,464,1,0.227,61.31,HIGH
1,0,693,3,0.027,67.18,MEDIUM
8,7,264,3,1.0,46.87,CRITICAL
2,0,231,2,0.094,84.14,LOW
3,2,20,3,1.0,76.48,CRITICAL
3,1,449,1,0.458,71.92,MEDIUM
12,3,23,0,0.387,70.34,MEDIUM
13,7,190,0,0.59,42.69,CRITICAL
9,6,196,0,0.705,47.4,CRITICAL
10,5,256,1,0.605,44.61,CRITICAL
9,1,249,0,0.105,83.82,LOW
3,2,190,1,0.964,74.84,HIGH
3,2,177,3,0.919,72.95,CRITICAL
11,5,498,1,0.542,42.55,CRITICAL
3,2,140,0,0.895,74.5,MEDIUM
13,0,405,0,0.007,77.73,LOW
1,0,696,3,0.003,83.37,MEDIUM
4,3,196,0,0.986,54.41,HIGH
14,0,319,2,0.068,86.73,LOW
13,2,654,3,0.103,63.42,HIGH
15,1,15,3,0.04,83.97,MEDIUM
3,1,688,0,0.346,85.06,MEDIUM
2,1,109,1,0.928,87.1,HIGH
9,1,589,1,0.08,64.36,MEDIUM
6,5,121,0,0.908,57.62,CRITICAL
7,1,289,0,0.182,76.75,MEDIUM
12,3,140,3,0.018,67.22,HIGH
8,5,620,3,0.827,33.49,CRITICAL
2,0,203,1,0.0,86.86,LOW
12,6,373,3,0.379,23.85,CRITICAL
1,0,26,3,0.009,100.0,LOW
12,3,513,2,0.312,60.53,CRITICAL
15,4,127,2,0.291,61.54,CRITICAL
11,1,40,0,0.119,82.52,LOW
6,2,306,3,0.324,67.06,HIGH
3,2,51,1,0.933,85.32,HIGH
3,1,94,0,0.419,87.46,LOW
14,0,459,2,0.058,88.49,MEDIUM
9,5,458,1,0.691,34.96,CRITICAL
4,3,228,0,1.0,63.02,HIGH
4,3,482,1,0.937,56.75,HIGH
6,3,255,3,0.59,72.55,CRITICAL
2,1,403,1,1.0,61.96,HIGH
13,8,711,1,0.607,30.6,CRITICAL
3,2,98,0,0.839,77.24,MEDIUM
2,1,384,0,1.0,81.24,MEDIUM
11,5,725,0,0.406,40.81,CRITICAL
15,7,552,1,0.498,40.19,CRITICAL
3,2,395,2,0.842,73.06,HIGH
7,5,9,3,0.853,60.68,CRITICAL
6,5,87,0,0.836,51.11,CRITICAL
13,6,619,1,0.37,33.1,CRITICAL
4,1,446,2,0.327,78.32,MEDIUM
9,3,535,0,0.234,52.45,HIGH
10,0,133,3,0.068,85.68,MEDIUM
2,1,595,2,0.87,65.97,HIGH
2,1,94,1,0.984,81.95,MEDIUM
5,3,605,3,0.773,63.73,CRITICAL
1,0,37,2,0.0,95.96,LOW
3,2,256,1,1.0,76.19,HIGH
11,0,337,3,0.0,75.5,MEDIUM
6,3,383,3,0.629,61.35,CRITICAL
7,2,628,2,0.351,65.97,HIGH
2,1,437,2,1.0,72.53,HIGH
14,4,669,3,0.225,42.7,CRITICAL
14,5,726,1,0.327,39.38,CRITICAL
15,7,374,1,0.511,25.7,CRITICAL
8,2,485,3,0.231,56.86,HIGH
6,4,467,3,0.747,37.47,CRITICAL
1,0,345,0,0.022,87.41,LOW
7,0,22,0,0.012,87.43,LOW
14,7,711,2,0.521,27.95,CRITICAL
13,2,5,3,0.283,81.2,HIGH
10,8,106,3,0.818,54.15,CRITICAL
7,3,520,2,0.397,61.8,CRITICAL
10,3,569,2,0.375,53.22,HIGH
9,5,61,0,0.742,55.38,CRITICAL
15,4,68,3,0.225,69.83,CRITICAL
10,3,488,0,0.247,53.96,HIGH
4,3,3,0,0.905,67.8,HIGH
11,8,110,3,0.917,57.86,CRITICAL
12,7,84,3,0.766,39.77,CRITICAL
2,1,409,1,0.954,62.69,HIGH
1,0,173,2,0.109,93.25,LOW
13,5,22,1,0.405,67.6,CRITICAL
4,3,66,2,1.0,69.97,HIGH
15,1,288,1,0.0,70.41,LOW
10,5,465,3,0.582,36.04,CRITICAL
15,3,507,2,0.329,53.16,HIGH
4,3,103,2,0.979,64.37,CRITICAL
10,5,147,3,0.577,41.72,CRITICAL
5,4,395,2,0.948,45.87,CRITICAL
9,6,19,1,0.563,54.48,CRITICAL
2,1,145,0,1.0,96.47,MEDIUM
1,0,274,3,0.0,88.18,MEDIUM
15,1,410,2,0.101,65.02,MEDIUM
12,3,34,2,0.168,76.02,HIGH
2,1,671,0,0.988,74.93,MEDIUM
15,3,209,3,0.18,72.54,HIGH
7,4,476,0,0.485,46.51,CRITICAL
8,1,393,0,0.116,59.05,LOW
11,5,129,2,0.456,47.3,CRITICAL
9,3,721,3,0.501,65.65,CRITICAL
12,5,103,1,0.469,67.16,HIGH
8,2,173,3,0.246,71.19,HIGH
14,7,319,1,0.476,45.12,CRITICAL
14,3,186,1,0.108,57.97,HIGH
4,0,292,3,0.0,83.21,MEDIUM
6,0,359,1,0.0,84.62,LOW
15,4,487,1,0.343,42.6,CRITICAL
6,5,252,1,1.0,46.86,CRITICAL
9,4,346,2,0.57,45.68,CRITICAL
14,3,3,3,0.399,88.88,HIGH
14,5,654,2,0.252,36.27,CRITICAL
10,5,483,3,0.513,37.08,CRITICAL
11,7,613,3,0.718,33.53,CRITICAL
2,1,373,2,1.0,63.85,HIGH
14,3,185,0,0.167,62.69,MEDIUM
8,1,709,0,0.131,72.15,LOW
5,3,60,2,0.769,75.19,HIGH
15,0,668,0,0.0,93.01,LOW
5,4,422,2,0.989,61.74,CRITICAL
7,5,223,2,0.833,47.86,CRITICAL
14,5,444,1,0.448,39.93,CRITICAL
4,0,113,3,0.0,90.57,LOW
8,3,410,0,0.271,50.87,HIGH
3,1,697,3,0.421,77.98,HIGH
5,1,516,1,0.256,80.52,MEDIUM
5,2,267,0,0.557,84.7,MEDIUM
10,5,526,0,0.548,37.46,CRITICAL
15,7,362,0,0.389,40.16,CRITICAL
1,0,8,3,0.044,92.58,LOW
1,0,119,2,0.05,87.42,LOW
5,4,45,3,1.0,66.73,CRITICAL
4,3,261,0,0.93,70.81,HIGH
12,3,712,0,0.331,54.96,HIGH
13,8,689,2,0.69,25.1,CRITICAL
1,0,536,2,0.0,73.94,MEDIUM
8,2,350,0,0.247,58.29,MEDIUM
6,5,711,3,1.0,42.91,CRITICAL
13,6,334,2,0.575,25.82,CRITICAL
13,1,2,0,0.122,83.09,LOW
13,6,362,1,0.622,13.83,CRITICAL
12,1,110,2,0.0,89.46,MEDIUM
15,8,556,1,0.643,23.96,CRITICAL
3,2,528,2,1.0,56.98,CRITICAL
8,3,641,1,0.368,65.37,HIGH
4,0,265,0,0.0,78.91,LOW
3,2,685,0,1.0,60.03,HIGH
10,5,170,0,0.645,63.78,CRITICAL
11,8,202,0,0.708,44.52,CRITICAL
1,0,401,2,0.007,85.1,MEDIUM
12,6,280,0,0.604,40.4,CRITICAL
2,1,392,0,1.0,65.53,MEDIUM
7,6,702,2,1.0,41.07,CRITICAL
8,5,611,2,0.758,37.83,CRITICAL
4,1,51,2,0.174,85.18,MEDIUM
3,2,682,1,1.0,70.58,HIGH
2,0,92,3,0.025,93.47,MEDIUM
7,5,173,0,0.737,43.72,CRITICAL
1,0,388,0,0.0,74.54,LOW
15,4,433,3,0.277,48.31,CRITICAL
13,6,422,2,0.554,35.64,CRITICAL
7,5,4,3,0.878,47.14,CRITICAL
13,8,107,3,0.619,50.58,CRITICAL
6,0,524,3,0.036,83.48,MEDIUM
4,3,58,1,0.943,71.4,HIGH
9,8,470,0,1.0,27.45,CRITICAL
6,0,558,1,0.109,80.85,LOW
8,2,348,0,0.202,69.31,MEDIUM
11,2,546,1,0.264,62.73,HIGH
13,5,636,0,0.466,35.75,CRITICAL
2,1,9,2,0.973,92.82,HIGH
5,0,294,2,0.056,69.19,LOW
9,7,655,1,0.808,29.15,CRITICAL
14,1,577,3,0.021,57.86,HIGH
8,0,685,2,0.0,81.45,MEDIUM
1,0,2,1,0.057,100.0,LOW
3,2,715,2,0.89,60.72,CRITICAL
11,7,605,1,0.625,31.21,CRITICAL
8,7,44,1,0.958,50.49,CRITICAL
7,0,256,2,0.0,86.44,LOW
6,5,349,3,1.0,52.19,CRITICAL
5,1,660,3,0.303,76.58,HIGH
6,5,3,1,1.0,66.29,CRITICAL
5,4,179,0,0.945,61.81,CRITICAL
7,6,112,1,1.0,49.73,CRITICAL
1,0,191,0,0.067,98.27,LOW
10,3,87,2,0.203,79.34,HIGH
1,0,471,3,0.0,89.71,MEDIUM
4,3,591,3,0.994,60.08,CRITICAL
14,6,454,1,0.458,41.89,CRITICAL
6,4,133,1,0.782,59.72,CRITICAL
3,2,541,0,0.997,63.89,HIGH
4,0,606,0,0.151,80.19,LOW
1,0,128,1,0.079,91.6,LOW
5,1,45,2,0.102,100.0,MEDIUM
13,4,206,1,0.416,60.8,HIGH
5,4,253,1,0.906,54.02,CRITICAL
10,6,146,2,0.673,43.84,CRITICAL
12,1,87,3,0.248,88.65,HIGH
7,5,458,0,0.694,43.2,CRITICAL
8,2,506,2,0.195,59.09,HIGH
3,2,419,0,0.995,48.83,HIGH
10,2,295,2,0.286,57.84,HIGH
10,8,570,2,0.838,33.67,CRITICAL
15,7,242,2,0.543,36.74,CRITICAL
12,8,322,1,0.732,30.96,CRITICAL
12,4,189,3,0.428,50.67,CRITICAL
14,8,336,3,0.525,26.24,CRITICAL
15,4,344,3,0.266,50.86,CRITICAL
5,4,357,1,0.988,44.77,CRITICAL
4,3,8,3,0.92,89.0,CRITICAL
9,1,610,2,0.237,81.24,HIGH
8,3,296,0,0.39,66.69,MEDIUM
9,5,666,1,0.666,40.21,CRITICAL
9,2,100,2,0.361,91.01,HIGH
2,1,140,0,0.991,83.37,MEDIUM
13,3,163,0,0.27,72.4,MEDIUM
6,3,25,0,0.629,78.91,HIGH
15,8,406,3,0.704,27.82,CRITICAL
10,6,59,3,0.609,43.46,CRITICAL
12,4,714,1,0.379,40.53,CRITICAL
12,6,477,3,0.495,40.33,CRITICAL
12,5,23,0,0.478,75.78,HIGH
8,5,22,0,0.774,41.6,CRITICAL
4,0,598,0,0.0,75.2,LOW
8,4,381,3,0.638,51.12,CRITICAL
13,0,461,1,0.0,73.39,LOW
1,0,708,2,0.0,79.14,LOW
2,1,194,0,0.98,88.33,MEDIUM
5,0,314,3,0.0,94.96,MEDIUM
15,8,496,2,0.701,32.01,CRITICAL
12,0,567,2,0.0,79.1,MEDIUM
14,3,81,0,0.196,76.16,MEDIUM
10,4,199,0,0.415,52.24,HIGH
1,0,721,2,0.002,85.84,LOW
6,5,622,2,0.893,36.38,CRITICAL
8,1,216,2,0.0,87.36,MEDIUM
4,3,547,1,1.0,57.9,CRITICAL
14,1,447,2,0.0,77.08,MEDIUM
13,3,658,3,0.262,56.06,CRITICAL
3,2,97,1,1.0,77.49,HIGH
9,5,451,1,0.498,45.48,CRITICAL
13,5,384,3,0.52,44.43,CRITICAL
9,2,635,2,0.14,61.37,MEDIUM
1,0,530,1,0.01,78.15,LOW
7,4,11,3,0.593,66.77,CRITICAL
10,0,457,1,0.0,71.64,LOW
2,1,347,0,0.9,86.62,MEDIUM
12,1,374,2,0.036,62.62,MEDIUM
13,3,97,1,0.183,74.13,MEDIUM
8,6,532,3,0.95,35.35,CRITICAL
12,5,332,1,0.436,43.11,CRITICAL
5,4,291,2,1.0,54.3,CRITICAL
10,0,677,1,0.0,78.18,LOW
2,1,118,2,1.0,91.09,HIGH
7,6,648,3,1.0,24.42,CRITICAL
7,2,571,1,0.26,67.75,HIGH
15,1,370,1,0.089,63.43,MEDIUM
3,2,262,2,0.986,62.17,CRITICAL
14,8,725,1,0.645,21.15,CRITICAL
9,5,647,1,0.61,38.86,CRITICAL
9,2,21,1,0.236,78.7,MEDIUM
5,4,45,1,1.0,67.87,CRITICAL
2,1,108,1,0.968,89.73,MEDIUM
7,6,202,0,1.0,25.17,CRITICAL
2,1,176,1,1.0,78.68,MEDIUM
3,2,406,1,0.871,54.98,HIGH
3,2,684,2,0.92,76.99,CRITICAL
5,4,529,1,1.0,56.13,CRITICAL
15,4,520,3,0.311,51.42,CRITICAL
2,1,567,1,1.0,77.79,HIGH
3,1,585,2,0.428,74.85,MEDIUM
13,2,267,2,0.076,62.24,MEDIUM
14,0,568,1,0.082,71.54,LOW
8,5,330,2,0.641,34.55,CRITICAL
14,4,229,3,0.251,43.79,CRITICAL
6,5,126,1,0.969,51.83,CRITICAL
11,1,67,0,0.13,93.25,LOW
4,1,434,0,0.187,61.97,LOW
1,0,290,1,0.0,80.77,LOW
14,5,295,1,0.312,39.32,CRITICAL
14,3,727,0,0.214,54.78,HIGH
2,1,267,1,0.939,75.07,MEDIUM
15,5,559,2,0.468,47.35,CRITICAL
4,1,25,0,0.249,89.62,LOW
15,8,336,2,0.638,37.51,CRITICAL
5,4,587,0,1.0,45.65,CRITICAL
6,0,136,0,0.0,92.0,LOW
4,1,715,0,0.281,77.67,MEDIUM
9,4,110,3,0.514,60.38,CRITICAL
8,3,401,0,0.331,52.36,HIGH
14,6,147,3,0.386,43.35,CRITICAL
6,5,429,2,1.0,42.28,CRITICAL
11,8,259,1,0.843,41.28,CRITICAL
5,4,297,2,0.985,53.79,CRITICAL
14,8,155,2,0.45,47.17,CRITICAL
4,3,601,2,1.0,47.19,CRITICAL
15,7,276,3,0.519,40.01,CRITICAL
11,2,563,1,0.27,60.82,HIGH
8,4,423,2,0.568,59.58,CRITICAL
5,4,195,1,0.962,57.39,CRITICAL
13,1,211,0,0.128,77.64,LOW
13,7,560,3,0.478,38.41,CRITICAL
14,3,42,2,0.199,73.74,HIGH
9,6,275,1,0.843,39.83,CRITICAL
13,7,34,1,0.497,52.8,CRITICAL
1,0,606,3,0.0,84.68,MEDIUM
11,8,465,3,0.725,35.69,CRITICAL
15,3,63,1,0.109,75.77,MEDIUM
4,3,163,3,0.96,56.34,CRITICAL
9,5,589,1,0.715,40.16,CRITICAL
10,5,190,0,0.455,47.91,CRITICAL
6,5,598,3,0.859,34.37,CRITICAL
15,4,569,3,0.259,51.87,CRITICAL
5,0,426,2,0.05,85.54,MEDIUM
7,4,34,3,0.589,52.23,CRITICAL
3,2,724,2,1.0,72.23,CRITICAL
2,1,424,3,1.0,65.93,HIGH
14,5,596,3,0.495,42.49,CRITICAL
9,7,535,3,0.949,38.15,CRITICAL
4,0,263,3,0.088,68.87,MEDIUM
1,0,480,1,0.0,84.95,LOW
14,0,57,3,0.136,93.7,MEDIUM
11,6,584,3,0.599,35.02,CRITICAL
1,0,311,0,0.0,81.0,LOW
9,1,627,2,0.03,68.62,MEDIUM
3,2,320,3,0.812,57.33,CRITICAL
6,5,67,3,1.0,61.93,CRITICAL
9,3,74,0,0.486,81.81,HIGH
4,3,471,2,1.0,53.11,CRITICAL
5,2,413,3,0.383,58.65,HIGH
3,2,260,3,0.956,68.77,HIGH
12,3,699,0,0.291,53.68,MEDIUM
13,1,160,3,0.291,81.19,HIGH
15,1,246,3,0.126,73.44,MEDIUM
1,0,321,0,0.0,68.2,LOW
8,6,585,0,0.761,35.97,CRITICAL
8,5,250,3,0.932,47.58,CRITICAL
6,5,684,2,1.0,42.69,CRITICAL
10,2,90,3,0.19,83.58,MEDIUM
13,3,28,1,0.269,74.6,HIGH
5,4,681,2,1.0,36.15,CRITICAL
8,3,676,1,0.538,55.91,HIGH
9,0,348,0,0.107,77.37,LOW
9,4,304,2,0.404,46.32,CRITICAL
13,0,443,3,0.017,74.98,MEDIUM
11,3,82,1,0.21,80.44,MEDIUM
1,0,635,2,0.044,78.53,MEDIUM
5,1,363,2,0.405,61.93,MEDIUM
4,0,528,2,0.029,75.97,MEDIUM
8,0,652,0,0.106,81.12,LOW
14,1,112,1,0.089,86.77,LOW
3,2,478,2,1.0,66.34,CRITICAL
10,3,153,1,0.317,65.71,HIGH
5,2,42,2,0.511,79.65,HIGH
6,3,571,3,0.652,65.73,CRITICAL
9,1,510,2,0.157,69.57,MEDIUM
11,0,67,1,0.088,94.04,LOW
2,1,660,0,0.836,75.05,HIGH
3,2,701,1,1.0,57.67,CRITICAL
2,0,536,0,0.001,80.71,LOW
11,4,417,2,0.266,38.53,CRITICAL
14,7,263,3,0.517,37.08,CRITICAL
11,6,288,3,0.53,30.05,CRITICAL
2,1,406,1,1.0,71.14,HIGH
5,4,558,3,0.974,52.42,CRITICAL
10,6,75,3,0.569,40.61,CRITICAL
10,0,134,0,0.03,100.0,LOW
10,6,518,1,0.661,23.28,CRITICAL
6,5,208,3,1.0,56.2,CRITICAL
6,0,535,0,0.0,78.51,LOW
10,4,184,1,0.386,59.6,CRITICAL
4,3,264,1,0.948,62.84,HIGH
13,4,6,2,0.34,63.62,CRITICAL
7,3,479,0,0.434,54.16,HIGH
5,3,194,3,0.622,64.04,CRITICAL
2,1,202,0,1.0,78.58,MEDIUM
1,0,684,0,0.018,84.13,LOW
13,4,718,1,0.262,51.42,CRITICAL
14,1,475,2,0.116,69.81,MEDIUM
14,6,346,3,0.516,37.28,CRITICAL
6,5,200,3,1.0,46.87,CRITICAL
7,3,161,3,0.733,68.74,CRITICAL
3,2,549,1,0.983,55.72,HIGH
12,6,705,2,0.52,26.81,CRITICAL
9,0,93,0,0.036,91.46,LOW
4,3,498,1,0.98,56.88,CRITICAL
15,2,476,3,0.135,64.84,HIGH
10,6,418,0,0.729,26.07,CRITICAL
3,2,78,1,1.0,73.5,HIGH
1,0,35,3,0.084,99.21,LOW
12,2,213,3,0.288,69.36,HIGH
4,3,706,3,0.848,60.05,CRITICAL
3,2,278,1,0.912,69.97,HIGH
3,0,361,1,0.008,84.48,LOW
15,0,724,2,0.019,86.18,MEDIUM
6,1,295,2,0.152,66.52,MEDIUM
2,1,700,3,1.0,68.01,CRITICAL
4,3,117,1,1.0,72.26,HIGH
10,4,157,3,0.305,55.49,CRITICAL
1,0,234,1,0.0,95.09,LOW
2,1,165,0,0.936,76.76,MEDIUM
3,2,654,2,1.0,66.91,CRITICAL
7,6,407,2,0.978,19.97,CRITICAL
12,6,721,1,0.479,29.27,CRITICAL
3,0,310,0,0.0,79.91,LOW
14,0,147,0,0.0,93.41,LOW
4,3,336,3,0.905,62.04,CRITICAL
6,1,622,0,0.248,79.06,MEDIUM
14,3,631,1,0.262,56.96,HIGH
10,1,218,0,0.058,91.05,LOW
12,2,8,3,0.15,83.77,HIGH
7,6,160,3,0.884,42.09,CRITICAL
6,0,703,3,0.005,84.35,MEDIUM
2,1,576,3,1.0,67.98,CRITICAL
10,8,444,3,0.841,34.61,CRITICAL
7,6,424,1,0.957,30.05,CRITICAL
7,3,367,1,0.503,64.26,CRITICAL
1,0,609,3,0.081,75.1,MEDIUM
3,2,279,0,0.942,63.71,HIGH
9,6,156,0,0.8,51.32,CRITICAL
12,8,312,2,0.645,35.34,CRITICAL
8,2,606,1,0.238,75.14,MEDIUM
1,0,341,2,0.0,80.44,LOW
2,1,596,2,1.0,62.04,HIGH
2,1,47,2,0.984,97.33,HIGH
14,0,168,2,0.019,92.99,LOW
5,2,229,1,0.444,72.14,MEDIUM
10,0,411,0,0.061,70.73,LOW
6,5,729,1,0.914,35.73,CRITICAL
13,0,103,0,0.059,98.23,LOW
10,6,277,1,0.537,43.41,CRITICAL
13,6,366,1,0.446,40.41,CRITICAL
13,0,392,0,0.057,71.69,LOW
13,3,479,1,0.226,52.77,HIGH
2,1,139,2,1.0,78.97,HIGH
9,8,363,0,1.0,23.52,CRITICAL
7,2,603,1,0.35,65.45,HIGH
7,5,262,2,0.796,37.15,CRITICAL
12,3,289,0,0.263,64.71,MEDIUM
7,6,21,3,0.935,59.24,CRITICAL
7,6,449,3,0.95,41.63,CRITICAL
15,2,666,0,0.371,64.8,MEDIUM
8,4,449,0,0.543,50.89,HIGH
8,2,582,0,0.22,80.27,MEDIUM
1,0,284,2,0.0,83.58,LOW
4,3,440,0,1.0,51.62,HIGH
2,1,481,1,0.969,65.15,HIGH
7,2,609,2,0.439,62.13,HIGH
9,2,22,1,0.225,72.77,MEDIUM
13,6,110,3,0.448,46.72,CRITICAL
8,0,534,0,0.0,76.7,LOW
4,3,451,1,0.896,46.52,CRITICAL
9,4,726,3,0.495,50.22,CRITICAL
8,0,416,2,0.138,77.94,MEDIUM
8,4,147,0,0.63,63.01,HIGH
3,2,169,2,1.0,85.55,HIGH
9,1,395,2,0.123,75.68,MEDIUM
1,0,392,0,0.0,84.21,LOW
5,4,266,0,0.946,45.26,CRITICAL
10,0,549,3,0.0,81.11,MEDIUM
1,0,551,0,0.0,77.28,LOW
15,0,9,0,0.022,100.0,LOW
15,2,169,0,0.084,78.84,MEDIUM
14,5,602,1,0.538,41.22,CRITICAL
7,2,57,2,0.285,95.97,MEDIUM
6,0,410,0,0.075,82.82,LOW
9,6,161,2,0.764,29.37,CRITICAL
8,3,506,3,0.269,57.73,CRITICAL
7,6,4,2,0.997,58.12,CRITICAL
1,0,503,2,0.094,77.66,MEDIUM
9,4,143,0,0.404,67.08,HIGH
3,2,207,1,1.0,68.5,HIGH
8,7,376,0,1.0,28.28,CRITICAL
12,5,347,0,0.366,34.61,CRITICAL
9,8,58,0,1.0,56.32,CRITICAL
10,6,220,2,0.606,44.88,CRITICAL
4,1,620,1,0.32,73.32,MEDIUM
10,6,459,3,0.623,39.89,CRITICAL
5,3,324,1,0.682,66.18,HIGH
3,0,663,1,0.0,80.11,LOW
3,2,592,2,0.996,68.91,CRITICAL
14,0,171,2,0.0,87.12,LOW
7,2,178,0,0.18,69.37,MEDIUM
5,1,390,3,0.347,69.78,HIGH
3,2,230,0,1.0,67.85,HIGH
2,1,561,2,1.0,66.08,HIGH
3,2,687,3,0.976,58.31,CRITICAL
11,1,83,2,0.0,86.43,MEDIUM
5,1,60,2,0.293,86.16,MEDIUM
8,5,264,0,0.782,43.38,CRITICAL
14,5,530,1,0.355,46.39,CRITICAL
15,7,646,0,0.523,36.75,CRITICAL
5,4,629,2,0.923,48.39,CRITICAL
15,5,685,0,0.341,28.62,CRITICAL
15,7,468,0,0.389,34.76,CRITICAL
8,7,310,1,1.0,35.82,CRITICAL
9,5,19,0,0.736,54.98,CRITICAL
11,5,441,0,0.652,40.36,CRITICAL
11,0,498,3,0.044,89.15,MEDIUM
1,0,275,3,0.02,77.25,MEDIUM
9,4,161,1,0.554,49.68,CRITICAL
11,6,528,0,0.666,26.24,CRITICAL
8,2,259,3,0.321,62.34,HIGH
11,6,492,3,0.51,41.74,CRITICAL
8,2,69,3,0.229,78.7,HIGH
8,1,152,2,0.232,80.42,MEDIUM
15,5,285,0,0.314,41.75,HIGH
10,8,7,1,0.892,53.93,CRITICAL
8,6,653,1,0.893,32.45,CRITICAL
15,2,697,1,0.129,69.68,HIGH
15,8,480,2,0.475,37.41,CRITICAL
11,4,126,3,0.479,59.18,CRITICAL
14,6,458,2,0.746,33.36,CRITICAL
1,0,292,3,0.0,68.29,MEDIUM
3,2,317,3,1.0,71.77,CRITICAL
3,2,389,2,0.885,70.3,HIGH
3,0,414,3,0.012,88.52,MEDIUM
13,6,481,3,0.515,35.46,CRITICAL
8,2,266,3,0.245,67.01,HIGH
1,0,214,2,0.002,78.81,LOW
9,3,62,0,0.407,73.02,HIGH
11,0,683,3,0.048,71.09,MEDIUM
9,2,201,2,0.268,78.73,MEDIUM
11,2,528,1,0.343,66.89,HIGH
10,8,446,2,0.933,36.22,CRITICAL
5,3,269,2,0.789,59.89,CRITICAL
6,5,69,3,1.0,66.69,CRITICAL
10,1,314,2,0.173,75.65,MEDIUM
5,1,275,0,0.297,63.17,LOW
4,0,205,0,0.0,92.02,LOW
14,8,67,0,0.688,59.95,CRITICAL
10,4,177,1,0.339,59.36,HIGH
4,3,172,2,0.944,62.09,CRITICAL
5,0,15,3,0.094,100.0,LOW
1,0,182,1,0.0,90.02,LOW
4,1,219,3,0.271,68.94,MEDIUM
12,4,384,0,0.431,53.75,HIGH
12,0,501,3,0.079,72.88,MEDIUM
1,0,539,2,0.046,87.52,MEDIUM
2,1,264,0,1.0,73.81,MEDIUM
5,4,598,2,1.0,42.35,CRITICAL
14,1,371,2,0.0,67.67,MEDIUM
9,2,127,1,0.274,86.45,MEDIUM
15,0,115,3,0.118,90.94,MEDIUM
5,4,510,3,1.0,43.78,CRITICAL
2,0,161,0,0.0,95.46,LOW
6,0,671,0,0.0,91.68,LOW
10,3,122,1,0.325,76.54,HIGH
4,3,219,2,1.0,65.99,CRITICAL
7,0,395,3,0.0,68.66,MEDIUM
11,2,680,1,0.151,66.84,HIGH
5,4,380,0,0.99,45.62,CRITICAL
14,8,162,1,0.523,42.75,CRITICAL
15,2,673,2,0.051,62.5,HIGH
1,0,25,2,0.0,100.0,LOW
15,0,248,2,0.0,80.45,LOW
4,1,516,1,0.349,81.02,MEDIUM
6,5,721,3,0.987,49.78,CRITICAL
15,6,591,1,0.469,33.83,CRITICAL
3,2,180,3,0.864,70.24,CRITICAL
13,6,346,0,0.443,30.03,CRITICAL
9,5,182,1,0.579,50.46,CRITICAL
10,3,468,2,0.262,64.32,HIGH
1,0,139,1,0.0,100.0,LOW
12,1,317,1,0.033,74.17,MEDIUM
3,1,193,1,0.532,80.81,MEDIUM
13,5,712,3,0.345,34.08,CRITICAL
1,0,615,1,0.066,73.82,LOW
15,7,253,2,0.468,49.41,CRITICAL
4,3,274,0,1.0,47.83,HIGH
2,1,709,2,0.968,81.83,HIGH
10,3,652,0,0.205,51.57,HIGH
4,3,210,3,0.974,73.39,CRITICAL
10,1,120,1,0.0,84.27,MEDIUM
8,2,686,0,0.376,69.61,MEDIUM
6,2,723,0,0.356,63.43,MEDIUM
4,3,245,3,1.0,65.65,CRITICAL
5,4,96,0,1.0,65.1,CRITICAL
3,2,187,1,1.0,80.64,HIGH
7,0,610,1,0.0,80.59,MEDIUM
12,7,638,1,0.534,35.95,CRITICAL
5,4,632,3,1.0,59.53,CRITICAL
8,6,276,0,0.897,43.23,CRITICAL
14,7,234,1,0.559,37.77,CRITICAL
10,3,194,0,0.114,63.31,MEDIUM
7,5,582,1,0.966,38.15,CRITICAL
1,0,76,1,0.0,100.0,LOW
15,3,226,0,0.231,68.57,MEDIUM
9,8,262,2,1.0,45.76,CRITICAL
15,1,185,0,0.175,81.78,LOW
15,0,208,0,0.0,83.81,LOW
11,2,316,3,0.179,67.94,HIGH
14,6,239,1,0.564,47.68,CRITICAL
13,0,657,1,0.161,81.96,LOW
6,4,128,2,0.759,58.55,CRITICAL
12,0,199,3,0.163,91.28,MEDIUM
5,4,92,0,1.0,60.41,CRITICAL
14,8,478,2,0.608,40.52,CRITICAL
6,5,608,0,0.859,51.84,CRITICAL
4,3,678,3,1.0,61.68,CRITICAL
9,0,224,0,0.098,85.16,LOW
6,5,228,3,0.965,38.98,CRITICAL
2,1,365,3,1.0,67.45,HIGH
9,4,220,0,0.468,51.77,HIGH
11,2,603,1,0.175,68.11,HIGH
15,2,524,2,0.213,59.49,HIGH
11,8,446,3,0.847,35.56,CRITICAL
12,1,172,3,0.065,83.97,MEDIUM
12,0,486,3,0.0,87.34,MEDIUM
1,0,489,0,0.117,67.15,LOW
14,5,575,1,0.423,41.0,CRITICAL
8,7,450,2,0.95,32.19,CRITICAL
12,5,338,3,0.44,35.29,CRITICAL
9,3,271,1,0.376,66.47,HIGH
6,5,467,1,0.847,44.91,CRITICAL
15,2,574,3,0.081,63.36,HIGH
13,2,496,0,0.185,64.59,MEDIUM
8,6,716,0,0.898,34.4,CRITICAL
6,4,493,2,0.844,38.25,CRITICAL
8,6,603,0,0.849,27.24,CRITICAL
8,4,78,2,0.679,69.51,CRITICAL
7,6,45,2,0.92,42.73,CRITICAL
13,1,626,3,0.081,66.06,HIGH
13,7,246,3,0.644,41.43,CRITICAL
2,1,268,0,0.947,73.86,MEDIUM
9,1,243,2,0.056,69.77,MEDIUM
10,4,229,3,0.659,67.03,CRITICAL
10,4,35,3,0.346,64.46,HIGH
15,3,709,2,0.18,67.28,HIGH
1,0,653,1,0.0,86.44,LOW
12,0,150,2,0.002,88.62,LOW
14,5,709,3,0.311,44.0,CRITICAL
8,4,668,2,0.572,51.0,CRITICAL
2,1,680,3,1.0,74.38,HIGH
10,5,256,3,0.689,45.27,CRITICAL
9,0,671,1,0.0,84.24,LOW
9,6,36,1,0.696,45.73,CRITICAL
6,5,170,3,1.0,51.09,CRITICAL
12,8,377,3,0.734,33.04,CRITICAL
9,0,723,0,0.103,76.11,LOW
3,2,77,0,1.0,84.02,HIGH
9,2,485,2,0.222,60.56,HIGH
2,1,365,2,1.0,77.07,HIGH
15,0,673,2,0.0,93.54,MEDIUM
5,3,669,1,0.889,58.23,CRITICAL
2,1,568,2,1.0,81.18,HIGH
8,7,12,1,1.0,50.94,CRITICAL
5,4,444,1,1.0,47.77,CRITICAL
13,0,245,3,0.0,84.49,MEDIUM
15,4,368,1,0.31,47.63,HIGH
10,2,691,1,0.251,56.15,MEDIUM
5,4,132,0,1.0,66.77,CRITICAL
15,5,625,3,0.392,39.35,CRITICAL
6,1,166,3,0.239,81.25,HIGH
3,0,293,1,0.0,88.73,LOW
12,2,69,1,0.205,83.43,MEDIUM
8,2,360,3,0.286,71.13,HIGH
3,2,463,1,0.973,66.53,HIGH
4,0,148,3,0.0,95.81,LOW
5,4,652,1,1.0,48.58,CRITICAL
2,1,78,1,1.0,94.62,HIGH
3,2,151,0,1.0,71.67,HIGH
14,8,556,0,0.589,25.26,CRITICAL
1,0,187,2,0.0,91.42,LOW
6,0,549,0,0.026,81.64,LOW
8,7,12,1,0.92,44.84,CRITICAL
12,2,465,3,0.383,70.23,HIGH
5,3,581,2,0.578,54.57,CRITICAL
13,5,504,1,0.522,34.5,CRITICAL
3,0,554,3,0.01,79.56,MEDIUM
11,6,257,1,0.476,40.53,CRITICAL
11,7,54,0,0.74,43.69,CRITICAL
12,4,276,0,0.519,53.49,HIGH
10,4,216,0,0.347,63.55,HIGH
15,1,577,1,0.14,63.44,MEDIUM
3,0,558,2,0.0,85.31,MEDIUM
10,5,19,0,0.627,69.14,CRITICAL
10,7,650,0,0.758,25.44,CRITICAL
6,3,532,2,0.747,49.35,HIGH
13,0,453,2,0.036,72.89,MEDIUM
6,0,395,3,0.117,86.41,MEDIUM
13,5,446,3,0.393,37.0,CRITICAL
14,0,295,1,0.0,85.32,MEDIUM
10,5,465,3,0.455,43.67,CRITICAL
6,5,315,1,0.995,55.96,CRITICAL
4,2,685,0,0.603,53.41,MEDIUM
6,5,132,1,1.0,54.06,CRITICAL
8,7,172,1,0.987,55.42,CRITICAL
3,2,126,0,1.0,70.19,HIGH
9,0,512,1,0.058,85.22,LOW
1,0,646,2,0.0,72.65,MEDIUM
9,7,379,2,0.734,31.39,CRITICAL
11,0,45,0,0.0,94.44,LOW
13,8,9,0,0.486,55.38,CRITICAL
6,1,558,2,0.057,80.55,MEDIUM
1,0,383,3,0.0,78.87,LOW
3,2,690,1,1.0,72.78,HIGH
3,1,409,2,0.554,71.17,MEDIUM
9,7,181,3,0.922,51.6,CRITICAL
2,0,586,2,0.061,80.86,MEDIUM
9,2,237,2,0.38,67.76,HIGH
7,3,606,3,0.51,51.1,CRITICAL
4,0,397,3,0.077,82.02,MEDIUM
3,2,648,1,0.88,57.97,HIGH
4,3,390,3,0.858,56.25,CRITICAL
10,0,660,2,0.19,91.05,MEDIUM
6,5,248,0,1.0,45.0,CRITICAL
3,1,150,1,0.56,80.18,MEDIUM
1,0,730,0,0.008,80.0,LOW
8,7,699,2,1.0,32.47,CRITICAL
14,2,448,3,0.173,72.93,HIGH
5,2,413,3,0.626,66.91,CRITICAL
4,3,677,0,0.974,65.09,HIGH
5,2,725,2,0.448,62.8,HIGH
8,5,603,3,0.752,39.18,CRITICAL
11,3,42,3,0.392,70.57,HIGH
10,3,723,2,0.261,62.26,CRITICAL
13,0,635,0,0.033,94.68,LOW
7,6,39,3,0.927,48.83,CRITICAL
8,5,495,2,0.851,36.18,CRITICAL
2,1,53,3,0.872,82.86,HIGH
14,2,173,1,0.209,64.31,MEDIUM
8,2,87,0,0.335,76.69,MEDIUM
12,2,345,1,0.278,63.42,MEDIUM
5,4,677,3,0.928,42.78,CRITICAL
9,7,195,0,0.953,52.65,CRITICAL
5,4,179,2,1.0,57.57,CRITICAL
4,2,317,0,0.619,62.33,MEDIUM
8,3,387,1,0.536,64.26,HIGH
4,3,159,0,0.974,66.02,HIGH
2,1,169,1,1.0,81.26,HIGH
8,1,410,2,0.233,73.34,MEDIUM
2,1,369,1,0.992,71.24,HIGH
8,3,85,2,0.449,74.08,HIGH
12,1,286,1,0.116,74.99,MEDIUM
12,1,671,0,0.123,76.07,MEDIUM
3,2,106,2,0.968,74.35,HIGH
3,2,414,3,0.887,52.44,CRITICAL
8,7,627,1,1.0,30.04,CRITICAL
4,3,140,2,1.0,71.0,CRITICAL
14,0,175,2,0.0,96.28,LOW
4,1,394,2,0.26,75.81,MEDIUM
9,8,380,1,1.0,30.21,CRITICAL
13,2,411,1,0.169,62.36,MEDIUM
7,6,79,1,0.988,46.34,CRITICAL
6,0,715,1,0.0,91.24,MEDIUM
7,0,511,3,0.0,73.37,LOW
1,0,307,1,0.047,82.15,LOW
4,3,476,0,0.924,53.32,CRITICAL
13,4,491,0,0.356,50.42,HIGH
6,4,686,2,0.773,46.3,CRITICAL
13,7,173,2,0.649,42.06,CRITICAL
8,0,239,3,0.0,89.39,MEDIUM
7,5,26,3,1.0,62.15,CRITICAL
12,7,30,0,0.498,44.09,CRITICAL
10,0,631,2,0.0,76.56,LOW
4,3,87,0,1.0,61.15,HIGH
10,8,432,0,0.859,44.96,CRITICAL
9,4,255,2,0.574,48.32,CRITICAL
6,5,457,2,0.796,43.77,CRITICAL
5,4,696,2,1.0,56.9,CRITICAL
11,8,339,1,0.776,24.15,CRITICAL
6,5,539,1,1.0,42.51,CRITICAL
7,3,698,3,0.485,53.56,CRITICAL
11,2,184,0,0.276,69.07,MEDIUM
5,3,314,1,0.759,68.72,CRITICAL
1,0,151,2,0.067,100.0,LOW
15,6,501,2,0.421,25.49,CRITICAL
15,3,2,0,0.287,86.95,MEDIUM
10,4,250,3,0.399,51.96,CRITICAL
2,1,548,3,1.0,77.68,HIGH
13,3,625,0,0.176,56.51,MEDIUM
1,0,656,3,0.0,72.88,MEDIUM
15,0,94,1,0.0,94.87,LOW
4,2,507,3,0.684,77.17,CRITICAL
1,0,275,0,0.104,82.89,LOW
13,0,362,0,0.0,80.5,LOW
14,4,658,1,0.296,43.14,CRITICAL
6,5,698,1,0.984,42.29,CRITICAL
12,7,402,3,0.632,42.26,CRITICAL
5,3,258,2,0.744,55.18,CRITICAL
9,7,265,1,0.909,36.42,CRITICAL
7,6,474,3,0.977,18.6,CRITICAL
11,1,650,0,0.166,68.68,MEDIUM
12,1,52,0,0.199,95.72,LOW
5,4,82,1,1.0,61.67,CRITICAL
6,5,714,3,1.0,42.29,CRITICAL
8,1,466,0,0.234,71.73,LOW
13,4,601,2,0.208,48.77,CRITICAL
7,3,433,2,0.53,62.82,HIGH
7,3,220,0,0.464,66.04,MEDIUM
1,0,158,0,0.0,97.09,LOW
12,5,705,0,0.42,38.62,CRITICAL
10,4,535,2,0.483,50.42,CRITICAL
2,1,298,2,1.0,69.34,HIGH
4,3,264,1,0.934,64.06,CRITICAL
11,6,499,2,0.697,24.29,CRITICAL
14,8,582,1,0.61,31.49,CRITICAL
2,1,560,1,1.0,80.78,HIGH
4,0,176,0,0.04,93.98,LOW
12,5,157,3,0.409,54.09,CRITICAL
1,0,291,0,0.0,76.49,LOW
10,5,594,1,0.546,48.3,CRITICAL
3,2,452,1,0.85,69.74,HIGH
15,0,420,3,0.0,77.15,MEDIUM
14,7,331,1,0.521,36.93,CRITICAL
13,3,684,1,0.309,51.05,HIGH
8,1,40,2,0.015,95.37,MEDIUM
4,2,334,2,0.766,56.88,HIGH
7,4,78,1,0.611,52.27,CRITICAL
6,5,661,2,1.0,46.11,CRITICAL
15,7,415,1,0.523,27.24,CRITICAL
13,0,522,3,0.0,82.95,MEDIUM
6,5,143,1,0.976,58.33,CRITICAL
9,0,482,0,0.221,83.66,LOW
10,6,480,0,0.733,29.45,CRITICAL
1,0,30,1,0.016,95.85,LOW
6,5,182,2,1.0,55.13,CRITICAL
6,1,141,2,0.25,84.19,MEDIUM
1,0,391,3,0.117,73.99,MEDIUM
15,8,275,1,0.544,38.95,CRITICAL
7,0,258,2,0.038,82.97,LOW
9,8,113,3,1.0,39.98,CRITICAL
9,2,357,2,0.2,61.2,MEDIUM
4,3,666,0,1.0,60.36,HIGH
6,2,664,3,0.367,56.12,HIGH
12,6,318,1,0.614,43.37,CRITICAL
12,4,248,1,0.288,63.4,HIGH
4,3,198,1,0.894,63.62,HIGH
1,0,550,1,0.02,79.96,LOW
8,1,306,2,0.212,81.11,MEDIUM
10,1,104,0,0.129,85.19,LOW
12,3,206,0,0.351,59.0,MEDIUM
11,8,124,2,0.822,40.08,CRITICAL
14,3,529,1,0.39,45.59,HIGH
13,3,424,1,0.274,53.71,HIGH
9,4,329,2,0.483,51.62,CRITICAL
15,0,661,0,0.077,74.81,LOW
15,5,154,2,0.379,46.15,CRITICAL
1,0,141,1,0.0,94.86,LOW
2,1,138,3,0.972,83.98,CRITICAL
7,5,95,3,0.826,70.31,CRITICAL
12,8,80,1,0.827,43.31,CRITICAL
10,2,263,0,0.288,67.54,MEDIUM
8,2,563,0,0.311,60.76,MEDIUM
3,2,1,2,0.922,83.92,HIGH
10,1,368,2,0.015,62.9,MEDIUM
8,0,22,2,0.0,90.78,LOW
4,2,465,2,0.741,68.49,HIGH
15,4,227,0,0.24,52.21,HIGH
9,5,719,3,0.658,34.86,CRITICAL
3,2,236,0,0.796,71.53,HIGH
13,5,169,0,0.421,46.61,CRITICAL
8,3,292,2,0.516,61.33,CRITICAL
9,8,56,1,1.0,50.57,CRITICAL
12,7,439,0,0.611,37.24,CRITICAL
3,0,516,1,0.205,75.49,LOW
9,6,575,3,0.765,25.1,CRITICAL
1,0,413,0,0.0,63.98,LOW
1,0,364,2,0.058,78.11,MEDIUM
12,4,243,3,0.183,50.43,CRITICAL
4,3,246,1,1.0,64.05,CRITICAL
6,5,459,1,1.0,37.16,CRITICAL
15,7,500,0,0.572,30.35,CRITICAL
15,4,22,0,0.242,74.57,MEDIUM
3,0,553,0,0.027,78.43,LOW
11,3,685,0,0.437,45.45,HIGH
1,0,598,2,0.0,81.48,LOW
1,0,274,1,0.045,85.84,LOW
8,1,495,1,0.082,73.94,MEDIUM
4,3,427,0,1.0,54.95,HIGH
1,0,717,0,0.0,90.22,LOW
11,3,88,1,0.251,74.37,MEDIUM
8,7,181,0,1.0,48.85,CRITICAL
2,1,201,2,1.0,76.39,HIGH
7,6,362,0,0.963,27.54,CRITICAL
13,0,111,0,0.0,93.29,LOW
13,5,657,0,0.376,50.15,CRITICAL
15,7,206,3,0.502,35.57,CRITICAL
11,8,653,1,0.891,32.48,CRITICAL
4,3,685,0,0.942,49.01,CRITICAL
7,4,389,2,0.728,48.49,CRITICAL
5,1,259,0,0.181,87.67,LOW
10,3,31,3,0.358,67.95,HIGH
11,7,114,0,0.786,41.61,CRITICAL
4,3,376,3,0.887,63.47,CRITICAL
4,0,251,0,0.038,95.23,LOW
4,3,607,1,1.0,58.41,CRITICAL
4,1,417,1,0.346,67.07,MEDIUM
10,2,568,0,0.266,64.23,MEDIUM
15,4,518,3,0.289,54.77,CRITICAL
4,3,443,1,1.0,50.63,CRITICAL
5,2,544,2,0.42,60.74,HIGH
11,7,327,0,0.773,36.24,CRITICAL
2,0,243,0,0.043,97.18,LOW
13,0,722,3,0.126,78.59,MEDIUM
8,1,643,2,0.16,82.04,MEDIUM
10,6,556,3,0.703,29.54,CRITICAL
5,4,304,2,0.895,54.15,CRITICAL
5,3,48,1,0.712,71.9,HIGH
8,2,297,2,0.335,66.92,MEDIUM
7,1,587,0,0.203,63.18,MEDIUM
13,4,575,0,0.353,55.23,HIGH
10,8,218,2,0.991,39.77,CRITICAL
5,0,448,0,0.078,73.61,LOW
14,0,116,0,0.218,90.22,LOW
4,0,554,1,0.04,69.4,LOW
5,3,34,1,0.701,73.82,HIGH
1,0,282,2,0.06,90.16,LOW
10,6,88,1,0.699,40.47,CRITICAL
5,4,164,3,0.978,56.89,CRITICAL
5,2,158,1,0.453,78.76,MEDIUM
10,5,730,2,0.479,54.63,CRITICAL
5,0,380,0,0.061,87.67,LOW
10,4,38,1,0.359,61.37,HIGH
14,1,2,1,0.092,91.19,LOW
5,3,641,1,0.769,51.61,CRITICAL
10,7,46,0,0.823,45.84,CRITICAL
3,0,289,3,0.0,90.95,MEDIUM
3,0,150,2,0.0,84.23,LOW
14,3,183,0,0.221,70.78,MEDIUM
14,0,275,1,0.057,85.05,LOW
1,0,728,2,0.042,84.76,MEDIUM
15,5,725,3,0.291,52.32,CRITICAL
1,0,106,0,0.0,96.3,LOW
4,3,572,0,1.0,54.6,CRITICAL
11,2,103,0,0.254,79.29,MEDIUM
12,4,253,2,0.328,54.65,CRITICAL
8,3,19,3,0.55,73.64,CRITICAL
12,7,717,2,0.615,27.5,CRITICAL
10,1,386,3,0.161,69.6,MEDIUM
6,5,419,1,0.997,46.82,CRITICAL
4,3,276,2,0.871,60.49,CRITICAL
13,6,39,1,0.477,47.65,CRITICAL
3,2,251,2,0.992,74.09,HIGH
5,4,294,2,1.0,47.49,CRITICAL
5,4,232,2,0.997,55.49,CRITICAL
2,1,166,1,0.982,90.84,HIGH
14,8,652,1,0.566,30.1,CRITICAL
12,5,64,3,0.433,63.75,CRITICAL
6,4,262,1,0.774,59.7,CRITICAL
2,0,257,2,0.0,96.63,LOW
1,0,75,1,0.0,100.0,LOW
10,0,173,0,0.034,97.63,LOW
6,4,569,0,0.75,57.04,HIGH
10,1,212,1,0.214,75.56,MEDIUM
5,4,627,0,0.951,45.05,CRITICAL
7,6,522,0,1.0,32.24,CRITICAL
8,0,550,2,0.0,79.37,MEDIUM
1,0,558,3,0.093,81.61,MEDIUM
4,0,684,2,0.0,76.91,MEDIUM
15,4,621,2,0.068,39.66,CRITICAL
1,0,607,2,0.043,82.93,MEDIUM
7,3,560,0,0.534,61.08,HIGH
15,2,46,2,0.101,84.0,MEDIUM
2,1,446,2,0.985,70.61,HIGH
3,2,33,3,0.914,86.11,CRITICAL
3,2,216,2,1.0,71.71,HIGH
5,3,539,0,0.816,57.44,HIGH
4,3,303,2,1.0,60.3,CRITICAL
4,3,654,0,0.934,54.49,CRITICAL
11,4,272,1,0.458,54.82,CRITICAL
12,8,4,1,0.773,45.91,CRITICAL
8,4,396,3,0.55,50.25,CRITICAL
1,0,612,0,0.104,92.25,LOW
4,1,514,3,0.361,75.97,HIGH
6,5,156,0,1.0,57.31,CRITICAL
9,8,374,3,0.965,28.8,CRITICAL
4,3,132,2,0.938,65.32,CRITICAL
12,5,627,3,0.457,42.6,CRITICAL
6,4,548,0,1.0,42.99,CRITICAL
1,0,689,2,0.043,71.83,MEDIUM
4,3,87,1,1.0,57.45,HIGH
12,3,563,1,0.233,51.17,HIGH
12,5,383,1,0.458,36.9,CRITICAL
5,3,139,2,0.829,77.34,CRITICAL
12,3,25,0,0.302,72.42,MEDIUM
8,1,83,3,0.254,91.13,MEDIUM
1,0,224,1,0.0,77.22,LOW
2,1,135,3,1.0,92.79,HIGH
11,4,314,3,0.463,40.41,CRITICAL
3,1,317,1,0.448,72.26,MEDIUM
8,3,324,0,0.327,61.78,MEDIUM
5,2,284,2,0.468,66.94,HIGH
13,8,404,0,0.735,31.73,CRITICAL
1,0,418,2,0.066,73.53,LOW
6,4,537,0,0.895,43.19,CRITICAL
2,1,9,3,0.9,92.44,HIGH
5,3,9,3,0.67,65.5,CRITICAL
2,1,17,0,1.0,92.16,MEDIUM
4,1,484,0,0.454,73.31,MEDIUM
7,1,43,0,0.143,89.33,LOW
1,0,698,1,0.096,73.64,LOW
3,2,319,2,0.992,62.8,CRITICAL
10,8,84,0,0.855,37.62,CRITICAL
8,2,379,1,0.402,64.19,HIGH
7,6,640,1,1.0,32.4,CRITICAL
12,5,120,3,0.219,54.45,CRITICAL
11,8,151,3,0.795,51.61,CRITICAL
1,0,230,3,0.081,90.98,MEDIUM
14,8,1,1,0.425,50.25,CRITICAL
8,4,315,2,0.62,55.75,CRITICAL
1,0,540,0,0.004,83.41,LOW
1,0,177,3,0.025,90.23,LOW
2,1,459,0,0.993,70.33,MEDIUM
9,5,223,2,0.674,40.38,CRITICAL
3,0,702,0,0.036,83.77,LOW
5,4,193,0,0.961,63.56,HIGH
2,1,311,3,1.0,70.01,HIGH
11,1,106,2,0.05,86.18,LOW
6,1,322,1,0.14,88.53,LOW
5,1,294,1,0.241,86.49,MEDIUM
1,0,380,3,0.0,80.1,MEDIUM
2,0,43,0,0.005,94.16,LOW
2,0,709,0,0.166,85.78,LOW
15,0,439,3,0.0,77.47,MEDIUM
15,2,268,0,0.039,72.37,MEDIUM
8,2,82,3,0.196,82.03,HIGH
11,0,138,1,0.0,100.0,LOW
15,4,380,1,0.371,38.59,HIGH
10,5,664,2,0.648,35.55,CRITICAL
12,5,421,0,0.674,51.12,CRITICAL
11,6,73,1,0.66,50.9,CRITICAL
13,1,365,3,0.105,81.18,MEDIUM
2,1,169,1,0.999,84.42,MEDIUM
1,0,207,2,0.0,92.88,LOW
5,4,612,0,1.0,56.39,CRITICAL
13,5,388,1,0.36,47.72,CRITICAL
11,5,383,2,0.584,34.13,CRITICAL
2,1,265,0,0.99,72.79,MEDIUM
15,6,620,1,0.339,41.31,CRITICAL
2,1,725,0,1.0,73.59,MEDIUM
15,1,149,3,0.213,89.53,MEDIUM
13,5,247,3,0.414,49.72,CRITICAL
9,7,717,1,0.926,31.08,CRITICAL
3,2,605,0,0.993,65.0,HIGH
1,0,507,2,0.043,67.26,MEDIUM
13,6,18,0,0.506,51.85,CRITICAL
6,4,642,1,0.742,45.98,CRITICAL
6,5,417,1,0.95,33.13,CRITICAL
12,0,325,3,0.067,84.42,MEDIUM
12,2,527,0,0.212,51.25,MEDIUM
15,5,82,3,0.37,61.96,CRITICAL
9,1,673,3,0.007,61.91,MEDIUM
2,1,556,1,0.962,68.01,HIGH
10,5,449,1,0.463,35.26,CRITICAL
9,4,537,0,0.608,45.75,HIGH
7,6,324,1,0.874,27.24,CRITICAL
8,4,572,3,0.555,44.54,CRITICAL
14,7,647,0,0.505,23.36,CRITICAL
4,2,601,0,0.678,70.81,HIGH
15,7,255,2,0.544,34.03,CRITICAL
12,7,603,0,0.759,21.13,CRITICAL
3,2,398,2,0.983,66.77,CRITICAL
2,1,121,2,1.0,76.03,HIGH
13,5,708,2,0.524,47.36,CRITICAL
1,0,127,2,0.0,100.0,LOW
14,8,413,2,0.467,36.01,CRITICAL
13,1,301,1,0.0,81.49,LOW
9,3,627,1,0.395,62.45,HIGH
10,4,198,0,0.425,50.11,HIGH
4,1,480,0,0.269,75.34,MEDIUM
10,8,586,2,1.0,32.65,CRITICAL
3,2,678,2,1.0,69.55,CRITICAL
2,0,304,1,0.003,89.02,LOW
14,6,342,0,0.419,41.2,CRITICAL
13,0,652,2,0.014,84.89,LOW
3,2,553,3,1.0,60.82,CRITICAL
8,0,376,3,0.017,68.02,MEDIUM
10,0,256,3,0.008,71.31,MEDIUM
8,0,456,2,0.0,81.98,LOW
9,5,335,3,0.684,36.43,CRITICAL
12,0,185,2,0.031,91.96,LOW
1,0,76,3,0.0,95.37,MEDIUM
9,7,670,3,0.901,38.38,CRITICAL
7,6,274,0,1.0,34.53,CRITICAL
13,7,215,3,0.55,24.38,CRITICAL
8,6,183,1,0.716,46.77,CRITICAL
14,1,182,1,0.115,81.46,LOW
5,4,459,2,0.906,51.43,CRITICAL
12,2,108,3,0.144,74.19,MEDIUM
9,5,250,1,0.686,48.29,CRITICAL
5,4,228,0,0.92,69.57,CRITICAL
15,7,72,0,0.67,37.57,CRITICAL
11,0,594,0,0.0,78.37,LOW
7,5,445,2,0.788,40.42,CRITICAL
2,1,373,0,0.949,65.89,MEDIUM
14,7,37,0,0.502,48.45,CRITICAL
7,6,34,3,0.863,49.74,CRITICAL
4,2,289,1,0.707,67.65,HIGH
11,6,120,3,0.693,53.61,CRITICAL
1,0,313,3,0.0,85.11,MEDIUM
7,3,66,2,0.476,73.42,HIGH
6,5,259,1,1.0,47.85,CRITICAL
3,2,636,3,1.0,57.08,CRITICAL
6,5,235,0,0.997,40.7,CRITICAL
12,1,106,1,0.132,94.23,LOW
12,5,141,2,0.452,62.38,CRITICAL
10,5,357,2,0.679,52.19,CRITICAL
14,1,505,3,0.064,72.84,HIGH
11,7,655,2,0.67,23.63,CRITICAL
10,7,384,3,0.723,35.37,CRITICAL
2,1,570,2,0.972,70.63,HIGH
15,8,149,2,0.659,42.93,CRITICAL
3,1,49,0,0.476,89.73,LOW
6,5,592,2,0.926,35.89,CRITICAL
4,3,326,0,1.0,66.42,CRITICAL
15,3,313,3,0.208,52.82,HIGH
11,5,150,1,0.558,47.78,CRITICAL
5,4,46,2,0.891,66.81,CRITICAL
3,2,632,2,0.995,56.09,CRITICAL
11,1,295,3,0.187,87.25,MEDIUM
5,2,457,2,0.554,50.95,HIGH
1,0,100,2,0.1,86.04,LOW
2,1,616,1,0.95,65.24,HIGH
6,5,265,2,0.763,42.91,CRITICAL
4,3,647,1,1.0,50.21,CRITICAL
8,1,702,2,0.179,77.15,MEDIUM
11,2,456,0,0.302,61.53,MEDIUM
1,0,666,0,0.0,77.45,LOW
7,1,575,3,0.109,64.25,HIGH
2,1,629,1,1.0,74.11,HIGH
3,2,323,3,1.0,69.16,CRITICAL
15,8,54,3,0.562,44.42,CRITICAL
3,2,51,0,1.0,85.25,MEDIUM
5,1,177,0,0.358,88.61,LOW
11,5,301,0,0.462,45.41,CRITICAL
7,6,646,2,1.0,30.2,CRITICAL
5,2,459,0,0.579,67.81,MEDIUM
5,0,397,3,0.0,72.13,MEDIUM
1,0,29,0,0.0,96.83,LOW
6,5,145,1,1.0,40.03,CRITICAL
6,5,244,0,0.983,50.2,CRITICAL
9,1,668,0,0.191,76.52,MEDIUM
2,1,703,0,0.999,73.85,MEDIUM
3,1,254,0,0.403,78.82,MEDIUM
9,4,187,0,0.394,52.08,HIGH
10,0,239,0,0.109,95.13,LOW
14,1,480,3,0.145,64.07,MEDIUM
1,0,7,3,0.0,100.0,LOW
9,2,595,1,0.197,66.72,MEDIUM
15,2,70,1,0.193,78.7,MEDIUM
12,4,57,1,0.247,72.43,HIGH
13,7,443,1,0.678,32.2,CRITICAL
2,1,13,2,1.0,99.0,HIGH
9,4,630,1,0.584,55.97,CRITICAL
6,5,217,0,1.0,50.45,CRITICAL
14,3,678,1,0.325,60.36,HIGH
1,0,587,2,0.0,87.63,LOW
12,7,723,2,0.631,35.12,CRITICAL
1,0,218,0,0.133,94.48,LOW
5,4,467,0,0.935,50.25,CRITICAL
15,6,150,1,0.334,40.93,CRITICAL
3,0,347,0,0.0,66.52,LOW
15,4,236,3,0.231,57.45,CRITICAL
12,3,92,2,0.31,61.54,HIGH
9,4,580,1,0.441,53.43,CRITICAL
2,1,445,2,1.0,74.59,HIGH
15,2,441,0,0.194,69.2,MEDIUM
11,6,652,0,0.523,25.79,CRITICAL
3,2,210,0,1.0,75.35,MEDIUM
2,1,106,1,0.964,92.0,MEDIUM
3,2,194,3,0.947,73.8,CRITICAL
11,3,196,3,0.169,75.39,HIGH
12,3,387,3,0.292,50.51,CRITICAL
10,1,87,0,0.179,85.82,LOW
14,3,264,2,0.23,49.63,HIGH
11,8,635,3,0.919,29.02,CRITICAL
3,0,8,0,0.036,100.0,LOW
3,2,622,1,1.0,60.74,CRITICAL
11,2,662,1,0.174,70.84,HIGH
2,1,437,1,1.0,73.21,HIGH
5,4,158,2,0.971,50.47,CRITICAL
12,0,715,0,0.0,81.4,LOW
7,6,555,2,0.836,41.52,CRITICAL
11,8,306,0,0.728,34.22,CRITICAL
15,3,671,0,0.291,58.27,HIGH
7,6,215,1,1.0,43.36,CRITICAL
8,3,293,2,0.355,69.52,HIGH
9,3,690,0,0.3,62.34,HIGH
4,1,70,0,0.289,90.08,LOW
3,2,298,1,1.0,69.86,HIGH
5,1,538,1,0.274,74.9,MEDIUM
14,5,597,1,0.419,51.66,CRITICAL
9,5,590,0,0.699,33.01,CRITICAL
8,4,573,2,0.761,51.21,CRITICAL
11,1,420,3,0.155,74.39,HIGH
6,5,366,1,0.963,57.44,CRITICAL
14,2,528,0,0.311,72.24,MEDIUM
3,0,492,0,0.0,80.19,LOW
13,5,332,3,0.554,43.2,CRITICAL
12,5,672,3,0.458,37.36,CRITICAL
10,4,204,1,0.287,54.78,HIGH
7,6,128,1,0.877,54.46,CRITICAL
8,0,99,3,0.0,97.19,MEDIUM
11,0,410,3,0.148,84.17,MEDIUM
8,6,560,0,1.0,44.95,CRITICAL
7,0,679,3,0.0,77.26,MEDIUM
8,7,233,1,0.877,42.85,CRITICAL
3,0,270,0,0.0,88.71,LOW
6,5,382,1,1.0,49.82,CRITICAL
5,4,104,2,0.958,64.64,CRITICAL
10,4,216,3,0.345,56.69,CRITICAL
4,3,245,1,1.0,56.53,CRITICAL
9,2,261,2,0.318,71.99,HIGH
1,0,147,3,0.0,85.18,LOW
3,2,580,0,0.859,70.23,HIGH
6,5,574,1,1.0,35.66,CRITICAL
11,0,557,3,0.045,69.31,MEDIUM
5,2,692,0,0.487,68.23,MEDIUM
1,0,97,2,0.026,97.97,LOW
9,3,247,2,0.35,53.46,HIGH
14,7,411,0,0.575,36.97,CRITICAL
12,2,486,3,0.177,61.01,HIGH
4,3,310,2,1.0,59.39,CRITICAL
4,3,60,1,1.0,83.42,HIGH
2,1,268,2,1.0,88.16,HIGH
12,7,635,0,0.588,27.06,CRITICAL
1,0,433,0,0.0,82.79,LOW
4,3,9,0,0.974,70.5,HIGH
14,1,171,1,0.011,82.16,LOW
10,1,33,3,0.0,91.39,MEDIUM
2,1,271,2,0.876,72.91,HIGH
1,0,87,2,0.197,85.96,LOW
3,2,538,0,1.0,65.2,HIGH
1,0,149,0,0.115,88.99,LOW
11,2,567,0,0.2,73.31,MEDIUM
8,6,566,0,0.832,40.84,CRITICAL
5,4,382,2,1.0,48.49,CRITICAL
8,2,26,0,0.352,73.28,MEDIUM
2,1,470,2,0.971,64.22,HIGH
3,2,463,1,1.0,54.29,CRITICAL
9,5,527,2,0.6,39.55,CRITICAL
9,6,465,3,0.859,40.5,CRITICAL
9,5,33,2,0.634,60.11,CRITICAL
9,2,270,2,0.246,66.46,MEDIUM
1,0,94,1,0.083,88.45,LOW
11,5,657,3,0.425,50.88,CRITICAL
5,4,701,1,0.869,61.17,CRITICAL
13,5,335,0,0.382,38.82,HIGH
7,5,413,3,0.751,41.13,CRITICAL
2,1,300,0,0.933,85.05,MEDIUM
8,6,676,3,0.77,40.62,CRITICAL
7,3,474,1,0.461,59.22,HIGH
14,8,144,2,0.62,37.42,CRITICAL
2,1,148,1,1.0,81.19,MEDIUM
3,2,289,3,1.0,58.18,CRITICAL
12,7,139,1,0.557,33.21,CRITICAL
3,2,696,0,0.871,51.45,HIGH
9,1,397,3,0.163,76.56,HIGH
1,0,286,2,0.0,72.7,LOW
15,8,632,3,0.551,24.82,CRITICAL
12,3,313,3,0.454,57.94,CRITICAL
8,5,384,2,0.66,42.82,CRITICAL
6,5,48,0,1.0,49.23,CRITICAL
8,1,296,1,0.063,62.62,MEDIUM
10,5,202,3,0.557,40.1,CRITICAL
4,3,203,3,0.991,64.87,CRITICAL
11,6,236,0,0.53,35.39,CRITICAL
8,3,707,1,0.334,44.8,HIGH
10,8,23,2,0.891,43.07,CRITICAL
14,0,113,0,0.022,91.9,LOW
13,7,448,1,0.686,31.73,CRITICAL
2,0,249,2,0.0,83.95,LOW
11,0,703,0,0.052,81.79,LOW
11,1,584,3,0.135,61.37,MEDIUM
8,6,98,1,0.869,50.84,CRITICAL
5,1,248,2,0.359,81.14,MEDIUM
9,7,518,1,0.843,30.52,CRITICAL
12,6,459,0,0.59,27.06,CRITICAL
10,2,571,1,0.358,62.01,HIGH
1,0,533,2,0.0,82.24,LOW
8,7,427,0,0.936,35.81,CRITICAL
1,0,419,1,0.15,84.73,LOW
13,4,496,3,0.354,38.34,CRITICAL
3,0,653,3,0.083,64.58,MEDIUM
3,2,157,0,1.0,71.15,HIGH
2,1,724,3,1.0,68.44,HIGH
8,7,38,2,0.995,42.38,CRITICAL
12,5,438,2,0.489,51.21,CRITICAL
7,6,651,1,1.0,29.86,CRITICAL
8,2,457,0,0.457,63.82,MEDIUM
15,8,103,2,0.666,53.52,CRITICAL
5,3,407,3,0.721,55.08,CRITICAL
3,0,584,3,0.019,77.36,MEDIUM
11,4,664,1,0.392,44.11,CRITICAL
1,0,538,0,0.027,75.6,LOW
6,1,406,2,0.243,68.28,MEDIUM
2,1,562,1,1.0,68.44,HIGH
7,4,318,3,0.685,43.58,CRITICAL
8,2,347,0,0.386,70.67,MEDIUM
6,3,531,0,0.484,52.62,HIGH
12,1,398,2,0.0,78.09,MEDIUM
14,5,633,0,0.205,41.6,CRITICAL
6,5,278,1,0.904,52.62,CRITICAL
8,1,470,3,0.225,80.94,HIGH
2,1,518,0,0.998,72.86,MEDIUM
2,1,199,3,0.973,84.28,HIGH
6,1,568,2,0.09,75.61,MEDIUM
12,3,54,2,0.213,77.45,HIGH
7,1,130,2,0.146,88.92,MEDIUM
14,3,249,3,0.201,65.63,HIGH
1,0,350,0,0.0,70.03,LOW
13,8,32,2,0.756,51.05,CRITICAL
4,3,558,3,0.865,53.37,CRITICAL
14,2,721,1,0.19,60.56,HIGH
6,5,63,3,1.0,54.09,CRITICAL
12,0,219,3,0.048,88.06,MEDIUM
6,0,496,0,0.007,78.66,LOW
4,1,40,0,0.354,90.43,LOW
1,0,255,3,0.035,91.01,MEDIUM
10,8,62,0,0.762,45.17,CRITICAL
12,3,444,1,0.151,49.95,HIGH
7,6,367,0,0.91,27.74,CRITICAL
12,8,440,1,0.745,37.25,CRITICAL
10,6,488,2,0.746,37.12,CRITICAL
6,5,45,0,0.856,58.98,CRITICAL
10,7,474,0,0.856,31.88,CRITICAL
8,6,542,0,0.719,39.1,CRITICAL
2,1,18,0,1.0,88.25,MEDIUM
2,1,686,0,1.0,74.79,HIGH
2,1,465,3,1.0,82.74,CRITICAL
10,4,527,1,0.472,41.9,CRITICAL
4,3,430,3,1.0,57.12,CRITICAL
15,0,458,1,0.125,86.52,LOW
14,6,490,1,0.569,24.84,CRITICAL
4,1,417,1,0.18,70.14,MEDIUM
12,7,252,0,0.672,35.84,CRITICAL
11,3,98,2,0.243,70.88,HIGH
11,5,510,3,0.43,39.71,CRITICAL
5,4,121,0,0.948,66.35,CRITICAL
8,2,532,1,0.117,71.33,HIGH
12,1,730,1,0.0,62.58,MEDIUM
10,7,305,3,0.805,33.02,CRITICAL
1,0,570,2,0.089,82.62,MEDIUM
15,0,535,0,0.043,73.24,LOW
12,8,237,0,0.813,40.29,CRITICAL
5,2,380,1,0.593,55.85,MEDIUM
14,3,679,1,0.298,52.0,HIGH
11,6,531,2,0.693,33.06,CRITICAL
11,4,481,2,0.439,49.6,CRITICAL
8,0,187,0,0.144,93.45,LOW
13,3,183,3,0.329,66.44,HIGH
15,2,449,3,0.244,59.31,HIGH
3,1,251,0,0.576,77.95,MEDIUM
14,4,412,2,0.289,38.62,CRITICAL
14,0,119,2,0.0,100.0,LOW
7,1,127,3,0.051,90.44,MEDIUM
6,3,54,1,0.624,77.34,HIGH
11,1,55,0,0.134,84.7,LOW
11,8,121,1,0.796,39.28,CRITICAL
2,1,122,3,1.0,91.63,HIGH
15,2,710,0,0.23,59.51,MEDIUM
7,3,571,3,0.663,47.09,CRITICAL
2,1,642,0,0.999,74.47,MEDIUM
2,0,335,1,0.0,92.17,LOW
4,3,104,3,1.0,68.64,CRITICAL
4,3,639,3,0.851,65.81,CRITICAL
15,2,210,2,0.139,72.99,MEDIUM
5,4,46,2,0.997,63.67,CRITICAL
11,7,530,3,0.711,41.38,CRITICAL
4,3,295,0,1.0,54.02,HIGH
6,5,620,1,1.0,45.26,CRITICAL
1,0,728,1,0.0,84.74,LOW
1,0,599,0,0.0,89.32,LOW
5,4,272,0,0.975,59.21,CRITICAL
12,1,457,2,0.066,75.98,MEDIUM
13,1,345,0,0.179,78.1,LOW
11,8,627,2,0.863,33.93,CRITICAL
14,6,673,3,0.495,40.67,CRITICAL
8,0,643,3,0.0,72.02,MEDIUM
13,8,479,2,0.625,35.3,CRITICAL
6,5,60,0,1.0,64.75,CRITICAL
4,3,371,3,1.0,59.92,CRITICAL
12,8,677,2,0.774,32.81,CRITICAL
7,0,658,1,0.027,83.11,MEDIUM
6,1,566,3,0.306,75.11,HIGH
8,0,216,0,0.003,93.26,LOW
15,2,323,2,0.184,61.59,HIGH
13,4,572,2,0.435,57.35,CRITICAL
5,4,403,2,0.906,54.89,CRITICAL
10,2,629,2,0.322,65.58,HIGH
1,0,524,3,0.0,83.05,MEDIUM
11,6,192,2,0.486,35.22,CRITICAL
11,8,88,2,0.707,55.59,CRITICAL
12,4,55,0,0.385,62.87,HIGH
13,3,31,3,0.262,73.21,HIGH
4,3,620,1,1.0,64.45,CRITICAL
9,6,89,0,0.856,43.14,CRITICAL
1,0,698,2,0.0,66.36,LOW
13,6,2,3,0.655,53.53,CRITICAL
2,1,75,0,0.975,100.0,MEDIUM
6,5,88,3,0.92,59.51,CRITICAL
1,0,288,0,0.0,81.82,LOW
3,2,346,3,1.0,66.19,CRITICAL
3,2,399,3,1.0,78.37,CRITICAL
3,2,671,0,1.0,63.34,HIGH
11,3,541,2,0.355,63.94,HIGH
2,1,472,2,1.0,67.2,HIGH
5,3,395,1,0.77,50.66,CRITICAL
8,7,96,2,0.95,51.28,CRITICAL
15,6,199,0,0.35,46.28,CRITICAL
11,7,654,0,0.845,34.44,CRITICAL
4,2,356,2,0.692,69.59,HIGH
7,2,514,1,0.319,69.34,HIGH
1,0,538,1,0.0,77.08,MEDIUM
14,3,373,0,0.185,58.24,MEDIUM
6,5,40,1,1.0,67.73,CRITICAL
14,8,320,0,0.723,38.97,CRITICAL
14,2,352,1,0.183,72.21,MEDIUM
1,0,313,1,0.112,77.67,LOW
15,2,339,1,0.091,63.28,MEDIUM
12,5,499,0,0.377,35.53,CRITICAL
3,2,436,1,1.0,53.74,HIGH
6,3,724,3,0.67,49.57,CRITICAL
15,1,569,0,0.014,77.09,LOW
13,3,26,1,0.249,68.82,MEDIUM
11,0,445,3,0.0,84.35,MEDIUM
7,4,493,3,0.677,44.49,CRITICAL
4,3,68,3,0.781,77.81,CRITICAL
7,1,350,1,0.188,66.3,MEDIUM
10,4,350,1,0.471,47.37,CRITICAL
11,8,246,0,0.895,34.28,CRITICAL
15,7,343,1,0.725,33.41,CRITICAL
15,5,198,3,0.402,54.65,CRITICAL
8,4,670,2,0.638,50.42,CRITICAL
9,3,482,1,0.325,57.27,HIGH
12,3,661,2,0.111,65.78,HIGH
14,0,694,2,0.084,90.07,MEDIUM
15,8,721,3,0.447,43.01,CRITICAL
7,6,176,1,1.0,41.28,CRITICAL
2,0,349,0,0.0,71.25,LOW
11,6,221,0,0.657,40.81,CRITICAL
1,0,692,1,0.035,72.13,LOW
11,1,383,2,0.121,78.17,MEDIUM
1,0,147,2,0.0,99.3,LOW
1,0,269,0,0.076,94.62,LOW
2,1,473,1,0.899,77.4,MEDIUM
6,5,471,1,0.898,37.78,CRITICAL
9,3,438,3,0.25,59.2,CRITICAL
2,1,42,0,1.0,88.63,MEDIUM
6,5,53,3,1.0,66.36,CRITICAL
2,1,404,0,1.0,63.28,MEDIUM
5,1,280,3,0.271,67.27,HIGH
15,4,180,3,0.204,48.55,CRITICAL
7,3,213,1,0.523,56.54,HIGH
4,3,575,1,0.963,43.99,CRITICAL
13,2,367,2,0.208,78.56,MEDIUM
1,0,240,1,0.0,90.53,LOW
13,0,612,1,0.069,85.52,LOW
6,4,626,3,0.839,47.72,CRITICAL
14,5,49,2,0.309,48.65,CRITICAL
11,3,158,2,0.303,69.98,HIGH
1,0,236,0,0.004,80.57,LOW
9,1,10,0,0.221,92.93,LOW
4,3,239,2,1.0,53.72,CRITICAL
12,1,478,2,0.0,64.72,MEDIUM
8,2,116,1,0.274,88.89,MEDIUM
2,1,197,2,0.897,67.36,HIGH
3,2,374,3,1.0,63.78,CRITICAL
10,4,626,0,0.593,49.25,CRITICAL
13,7,357,2,0.665,36.44,CRITICAL
1,0,496,1,0.0,70.69,LOW
6,5,125,1,0.908,61.15,CRITICAL
8,4,207,2,0.614,61.16,CRITICAL
14,2,230,2,0.14,55.36,MEDIUM
12,6,522,0,0.547,43.28,CRITICAL
8,4,183,3,0.428,58.18,CRITICAL
2,1,708,0,1.0,71.48,HIGH
1,0,108,1,0.014,83.19,LOW
6,1,346,0,0.151,68.83,LOW
7,4,113,1,0.71,68.2,CRITICAL
2,1,144,0,1.0,86.8,MEDIUM
13,8,600,0,0.745,34.11,CRITICAL
7,1,48,1,0.267,100.0,LOW
2,1,106,3,0.827,72.96,HIGH
5,0,58,1,0.0,96.12,LOW
8,7,225,3,0.848,43.97,CRITICAL
11,4,619,1,0.333,46.17,HIGH
10,4,72,1,0.406,51.36,HIGH
9,3,195,2,0.397,61.44,HIGH
2,1,345,1,0.835,73.41,MEDIUM
8,7,624,0,1.0,43.02,CRITICAL
3,2,554,2,0.853,67.89,CRITICAL
13,8,106,3,0.608,31.57,CRITICAL
5,3,558,3,0.833,63.7,CRITICAL
8,3,559,1,0.449,52.12,HIGH
1,0,329,1,0.013,81.18,LOW
12,4,536,1,0.423,48.53,HIGH
13,2,330,0,0.163,78.62,MEDIUM
14,7,454,0,0.667,30.45,CRITICAL
8,7,94,0,1.0,51.99,CRITICAL
5,4,7,3,1.0,71.81,CRITICAL
8,0,18,3,0.115,97.25,MEDIUM
9,3,246,3,0.296,55.47,CRITICAL
1,0,123,2,0.017,87.7,LOW
14,2,437,2,0.019,60.33,MEDIUM
2,0,438,3,0.05,72.82,MEDIUM
13,0,496,2,0.062,66.88,MEDIUM
6,5,159,1,0.979,55.31,CRITICAL
8,6,9,3,0.914,55.07,CRITICAL
12,8,311,2,0.749,34.65,CRITICAL
12,0,204,1,0.0,97.41,LOW
8,7,492,3,0.89,33.4,CRITICAL
2,1,61,1,1.0,99.28,MEDIUM
2,1,600,3,1.0,77.98,HIGH
2,1,510,3,1.0,56.34,CRITICAL
10,7,572,0,0.84,32.09,CRITICAL
15,2,470,3,0.109,63.26,HIGH
14,4,196,2,0.241,67.32,CRITICAL
14,2,570,2,0.119,71.0,HIGH
3,2,608,3,1.0,71.96,CRITICAL
5,0,133,3,0.0,87.43,LOW
13,7,564,3,0.685,34.21,CRITICAL
11,3,279,3,0.274,60.92,CRITICAL
5,4,473,0,0.938,48.32,HIGH
9,2,113,2,0.274,75.25,MEDIUM
7,6,440,1,1.0,33.63,CRITICAL
6,3,463,3,0.653,56.7,CRITICAL
7,5,285,1,0.98,34.08,CRITICAL
8,7,133,0,0.961,41.63,CRITICAL
8,0,455,2,0.0,87.0,LOW
12,7,322,0,0.573,26.74,CRITICAL
5,4,639,0,0.965,57.04,CRITICAL
14,8,281,3,0.751,34.19,CRITICAL
2,0,374,2,0.0,81.78,LOW
9,3,76,1,0.454,66.66,HIGH
9,4,592,2,0.543,53.74,CRITICAL
8,0,237,0,0.2,93.21,LOW
5,4,673,3,1.0,56.06,CRITICAL
9,8,159,3,0.854,49.75,CRITICAL
10,0,658,1,0.001,71.07,LOW
13,4,316,2,0.153,58.71,CRITICAL
14,8,590,3,0.457,21.84,CRITICAL
11,7,488,3,0.757,24.01,CRITICAL
1,0,493,3,0.033,72.72,MEDIUM
6,2,330,0,0.301,68.2,MEDIUM
12,1,266,3,0.074,80.74,MEDIUM
5,4,140,1,1.0,52.3,CRITICAL
8,7,629,3,0.984,31.33,CRITICAL
15,7,523,2,0.469,28.89,CRITICAL
5,4,277,0,1.0,54.61,CRITICAL
9,8,445,1,1.0,31.93,CRITICAL
13,4,625,2,0.399,52.17,CRITICAL
12,7,523,1,0.684,36.99,CRITICAL
12,0,16,1,0.0,89.41,LOW
13,7,330,2,0.492,33.08,CRITICAL
10,0,495,3,0.0,85.72,MEDIUM
13,8,641,1,0.664,29.06,CRITICAL
15,3,111,1,0.098,90.69,MEDIUM
11,2,440,2,0.005,72.83,MEDIUM
1,0,221,0,0.0,86.64,LOW
8,6,693,0,0.886,37.45,CRITICAL
13,4,461,0,0.311,48.13,HIGH
11,3,527,3,0.216,53.12,CRITICAL
2,0,26,3,0.0,98.35,LOW
1,0,404,3,0.049,85.92,MEDIUM
9,1,238,2,0.082,82.11,MEDIUM
14,7,434,3,0.603,24.71,CRITICAL
13,2,246,0,0.232,64.99,MEDIUM
4,3,413,1,0.983,66.7,HIGH
5,4,303,3,0.92,38.65,CRITICAL
15,8,651,3,0.624,33.86,CRITICAL
2,1,341,3,0.898,63.54,HIGH
15,5,104,0,0.31,57.96,HIGH
5,4,664,1,0.914,41.88,CRITICAL
8,7,505,0,1.0,34.79,CRITICAL
3,0,253,1,0.019,83.32,LOW
12,4,723,2,0.239,51.92,CRITICAL
4,1,357,1,0.281,69.34,MEDIUM
7,6,112,3,0.908,39.11,CRITICAL
8,1,35,3,0.12,97.68,MEDIUM
11,7,324,2,0.699,29.25,CRITICAL
2,1,378,2,1.0,71.53,HIGH
3,2,131,3,1.0,76.61,CRITICAL
12,0,310,2,0.0,85.14,LOW
2,1,284,1,1.0,83.21,MEDIUM
14,0,94,3,0.0,90.98,LOW
6,1,238,1,0.168,82.87,MEDIUM
15,6,390,0,0.462,30.05,CRITICAL
9,6,26,2,0.719,50.24,CRITICAL
13,6,535,2,0.507,40.99,CRITICAL
14,5,269,2,0.321,45.69,CRITICAL
7,5,677,2,0.835,32.32,CRITICAL
6,4,112,3,0.902,75.68,CRITICAL
3,2,36,1,0.861,83.56,HIGH
7,5,482,1,0.791,50.96,CRITICAL
9,1,85,1,0.141,85.97,LOW
13,1,216,1,0.015,88.16,LOW
3,0,380,2,0.071,91.96,LOW
3,2,569,3,0.919,51.42,CRITICAL
9,4,284,3,0.603,43.19,CRITICAL
6,2,576,1,0.542,66.06,HIGH
4,3,649,1,1.0,51.23,CRITICAL
14,2,433,0,0.303,69.46,MEDIUM
10,3,468,2,0.326,60.34,HIGH
1,0,535,2,0.031,75.82,MEDIUM
4,0,503,2,0.0,82.0,LOW
11,1,138,1,0.192,79.72,LOW
9,2,129,2,0.154,76.83,MEDIUM
6,4,365,2,0.795,45.28,CRITICAL
3,2,148,0,1.0,76.93,HIGH
8,0,727,3,0.0,68.3,MEDIUM
1,0,171,0,0.062,100.0,LOW
11,3,232,0,0.301,66.13,MEDIUM
13,7,513,2,0.661,25.47,CRITICAL
3,2,477,1,1.0,68.93,HIGH
11,3,86,3,0.367,57.81,HIGH
1,0,489,3,0.0,71.84,MEDIUM
14,5,672,1,0.386,35.58,CRITICAL
14,1,681,3,0.0,71.89,HIGH
11,3,271,2,0.168,54.45,HIGH
4,3,641,0,1.0,57.78,HIGH
3,2,727,3,0.985,62.57,CRITICAL
13,2,365,2,0.164,67.92,HIGH
9,7,196,1,0.892,43.11,CRITICAL
2,1,509,1,1.0,74.55,MEDIUM
7,6,610,2,1.0,47.52,CRITICAL
12,3,385,3,0.197,57.95,CRITICAL
15,2,450,3,0.159,60.36,HIGH
6,3,690,2,0.555,68.19,CRITICAL
9,1,531,2,0.055,63.72,MEDIUM
15,8,346,2,0.578,18.74,CRITICAL
14,1,542,3,0.0,82.34,MEDIUM
5,3,309,3,0.734,55.96,CRITICAL
13,3,572,3,0.342,63.6,CRITICAL
10,0,509,2,0.012,70.49,LOW
6,2,520,3,0.42,56.53,HIGH
6,4,519,1,0.802,46.5,CRITICAL
1,0,61,3,0.0,100.0,LOW
14,1,34,3,0.115,91.1,MEDIUM
10,3,175,2,0.377,63.46,HIGH
15,8,339,2,0.457,36.99,CRITICAL
11,8,578,0,0.848,27.2,CRITICAL
10,8,249,2,0.827,33.53,CRITICAL
5,3,244,3,0.831,51.23,CRITICAL
6,2,376,3,0.457,64.25,HIGH
4,1,482,2,0.471,65.32,HIGH
3,2,720,3,1.0,63.92,CRITICAL
7,2,607,1,0.421,64.71,HIGH
8,6,710,0,0.841,29.18,CRITICAL
5,0,74,0,0.0,100.0,LOW
7,3,685,2,0.545,51.76,CRITICAL
4,3,378,2,1.0,63.94,CRITICAL
10,6,524,0,0.575,33.52,CRITICAL
7,2,466,2,0.254,66.66,HIGH
5,0,285,2,0.0,72.99,LOW
14,0,338,2,0.028,81.05,MEDIUM
3,2,704,1,1.0,71.86,CRITICAL
12,6,525,1,0.619,38.0,CRITICAL
7,5,586,0,0.775,48.17,CRITICAL
11,2,530,3,0.257,58.26,HIGH
15,3,674,1,0.293,58.84,HIGH
4,1,279,0,0.313,82.67,LOW
7,4,674,0,0.687,43.4,CRITICAL
12,6,340,1,0.54,31.07,CRITICAL
2,1,502,0,1.0,55.62,MEDIUM
4,3,105,1,1.0,65.08,CRITICAL
9,0,482,0,0.05,79.08,LOW
15,4,438,2,0.314,51.12,CRITICAL
6,3,87,1,0.608,68.72,HIGH
6,2,460,1,0.298,63.4,HIGH
3,2,95,2,1.0,81.78,HIGH
3,2,189,3,0.95,65.95,CRITICAL
2,1,701,0,0.938,70.94,MEDIUM
5,4,231,1,1.0,50.5,CRITICAL
6,5,115,1,1.0,50.6,CRITICAL
10,3,322,2,0.377,49.54,CRITICAL
1,0,582,0,0.0,80.09,LOW
9,3,326,3,0.305,59.41,CRITICAL
2,1,634,3,0.985,74.24,CRITICAL
6,2,554,0,0.489,59.35,MEDIUM
5,1,701,3,0.326,66.22,HIGH
10,7,528,3,0.835,23.91,CRITICAL
12,5,112,0,0.431,56.93,CRITICAL
3,2,100,3,0.865,77.63,HIGH
14,4,325,3,0.245,43.49,CRITICAL
11,6,209,3,0.517,41.92,CRITICAL
9,6,513,3,0.676,30.91,CRITICAL
4,3,469,1,1.0,66.15,CRITICAL
3,2,706,1,1.0,64.51,HIGH
15,0,552,1,0.0,80.83,LOW
2,1,433,0,0.966,70.88,MEDIUM
6,2,218,3,0.311,73.04,HIGH
1,0,494,3,0.0,74.55,MEDIUM
14,3,290,0,0.302,67.03,MEDIUM
5,0,286,0,0.099,86.06,LOW
15,1,496,1,0.106,72.57,MEDIUM
7,6,438,3,0.881,35.5,CRITICAL
6,1,186,1,0.223,80.52,MEDIUM
10,5,729,2,0.485,44.39,CRITICAL
4,3,574,3,1.0,59.03,CRITICAL
15,0,412,2,0.055,75.81,MEDIUM
9,0,549,3,0.0,70.78,MEDIUM
10,2,682,0,0.185,57.58,MEDIUM
15,7,489,2,0.471,32.93,CRITICAL
7,0,113,2,0.0,96.66,LOW
15,5,118,1,0.366,55.5,CRITICAL
4,1,546,1,0.307,69.52,MEDIUM
9,1,269,1,0.137,88.44,LOW
11,3,603,0,0.262,58.67,HIGH
13,0,377,1,0.0,73.88,LOW
12,1,439,1,0.134,73.53,MEDIUM
6,5,647,1,0.943,38.95,CRITICAL
8,2,162,2,0.261,83.21,MEDIUM
4,3,640,1,1.0,56.85,CRITICAL
9,4,160,1,0.322,48.41,HIGH
3,2,205,3,0.994,76.24,CRITICAL
10,5,575,1,0.767,42.64,CRITICAL
1,0,568,3,0.05,91.53,MEDIUM
10,5,318,2,0.494,38.68,CRITICAL
2,1,227,1,1.0,86.44,HIGH
4,3,200,3,1.0,59.64,CRITICAL
8,1,104,3,0.0,83.58,MEDIUM
15,3,444,3,0.296,50.01,CRITICAL
10,8,553,2,0.861,29.23,CRITICAL
14,5,692,1,0.39,34.6,CRITICAL
7,6,457,1,1.0,32.09,CRITICAL
9,8,421,3,1.0,23.03,CRITICAL
3,2,664,3,0.957,70.87,CRITICAL
11,0,403,1,0.079,77.23,MEDIUM
8,1,354,3,0.169,78.18,MEDIUM
10,5,694,0,0.638,41.4,CRITICAL
14,7,237,1,0.45,32.27,CRITICAL
15,4,127,1,0.327,59.26,HIGH
15,0,228,3,0.028,74.17,LOW
5,4,105,0,1.0,62.77,CRITICAL
2,1,128,2,1.0,78.87,HIGH
12,2,263,0,0.074,60.78,MEDIUM
1,0,127,2,0.045,93.13,LOW
12,5,410,3,0.429,27.78,CRITICAL
5,4,133,2,1.0,55.88,CRITICAL
1,0,417,2,0.077,80.28,LOW
9,3,147,1,0.369,67.1,HIGH
12,6,47,2,0.574,45.64,CRITICAL
15,5,157,1,0.413,46.69,CRITICAL
9,0,625,2,0.004,81.97,MEDIUM
15,3,188,3,0.242,63.08,HIGH
2,1,471,1,1.0,71.29,HIGH
7,1,571,0,0.216,73.3,LOW
4,3,700,2,0.954,58.52,CRITICAL
5,1,138,0,0.217,81.37,LOW
1,0,486,2,0.19,86.21,MEDIUM
2,1,519,1,0.963,85.68,HIGH
2,1,189,1,1.0,89.76,HIGH
7,4,59,1,0.654,59.08,HIGH
5,0,619,0,0.022,72.49,LOW
7,6,568,3,1.0,33.58,CRITICAL
7,6,689,1,1.0,37.11,CRITICAL
1,0,539,2,0.133,98.93,MEDIUM
2,1,657,0,0.947,71.89,MEDIUM
2,1,37,2,0.865,89.17,MEDIUM
14,6,519,3,0.382,36.36,CRITICAL
1,0,26,2,0.0,90.6,LOW
12,8,43,1,0.798,55.02,CRITICAL
9,0,453,2,0.009,86.74,MEDIUM
9,0,184,3,0.025,86.3,MEDIUM
12,8,583,3,0.753,26.11,CRITICAL
8,7,233,1,1.0,42.71,CRITICAL
4,3,605,0,0.958,48.87,CRITICAL
15,2,681,3,0.079,65.51,HIGH
3,0,498,2,0.015,82.07,MEDIUM
11,4,668,3,0.444,44.88,CRITICAL
5,4,721,1,0.921,44.13,CRITICAL
8,7,332,2,1.0,27.69,CRITICAL
7,6,642,2,0.977,26.14,CRITICAL
12,0,191,0,0.007,97.01,LOW
15,5,220,2,0.407,49.26,CRITICAL
9,7,292,0,0.934,36.37,CRITICAL
2,1,219,1,0.993,76.2,HIGH
6,4,88,3,0.605,64.17,CRITICAL
15,1,385,3,0.153,73.42,MEDIUM
7,1,236,3,0.131,87.55,MEDIUM
9,0,689,2,0.0,78.08,MEDIUM
7,0,3,3,0.0,100.0,MEDIUM
8,5,590,0,0.628,36.9,CRITICAL
8,5,154,1,0.537,54.69,CRITICAL
3,2,465,3,1.0,56.85,CRITICAL
2,1,170,2,0.95,77.88,HIGH
1,0,329,1,0.0,82.61,LOW
2,1,319,1,1.0,78.33,HIGH
2,1,343,2,1.0,83.77,HIGH
11,3,651,1,0.385,51.67,HIGH
11,8,383,1,0.757,25.67,CRITICAL
12,5,296,1,0.435,40.39,CRITICAL
5,4,184,1,1.0,52.4,CRITICAL
1,0,647,2,0.054,83.39,MEDIUM
13,7,637,2,0.632,35.58,CRITICAL
1,0,249,1,0.071,90.05,LOW
9,1,531,1,0.182,78.11,MEDIUM
6,1,416,1,0.196,71.7,MEDIUM
14,8,315,0,0.658,37.2,CRITICAL
2,1,650,3,1.0,75.89,CRITICAL
11,6,555,0,0.613,37.97,CRITICAL
3,2,188,2,0.916,73.62,HIGH
11,6,522,0,0.564,28.09,CRITICAL
6,1,720,0,0.148,75.55,MEDIUM
4,3,268,1,1.0,65.0,CRITICAL
4,3,575,0,1.0,58.64,HIGH
7,4,62,2,0.754,57.06,CRITICAL
15,8,634,3,0.547,29.98,CRITICAL
7,4,47,3,0.577,66.43,CRITICAL
7,0,685,0,0.0,75.68,LOW
10,7,525,1,0.773,30.41,CRITICAL
10,4,36,0,0.537,55.26,HIGH
2,0,653,2,0.104,81.35,MEDIUM
8,6,269,0,0.83,38.47,CRITICAL
10,6,413,1,0.768,32.62,CRITICAL
2,1,488,1,0.971,67.05,HIGH
15,7,729,2,0.672,39.83,CRITICAL
1,0,233,0,0.0,87.88,LOW
1,0,5,2,0.063,98.21,LOW
11,0,663,0,0.028,95.43,LOW
15,7,628,2,0.313,30.05,CRITICAL
2,1,86,2,1.0,88.17,HIGH
7,6,202,2,1.0,38.78,CRITICAL
4,1,343,0,0.339,70.54,MEDIUM
14,6,605,3,0.426,18.16,CRITICAL
5,1,679,1,0.364,77.99,MEDIUM
5,4,510,0,1.0,45.02,CRITICAL
12,6,221,1,0.651,45.52,CRITICAL
13,1,90,0,0.166,86.35,LOW
7,1,469,0,0.1,60.37,LOW
2,1,374,2,1.0,67.88,HIGH
7,3,64,0,0.583,67.78,MEDIUM
1,0,346,0,0.052,90.37,LOW
4,2,302,3,0.673,63.42,CRITICAL
9,3,302,2,0.254,64.75,CRITICAL
6,5,212,1,1.0,46.45,CRITICAL
5,4,75,1,1.0,56.81,CRITICAL
12,3,9,3,0.184,67.22,HIGH
5,4,400,0,0.986,54.8,CRITICAL
7,3,442,0,0.33,53.37,HIGH
1,0,574,3,0.0,87.36,MEDIUM
7,0,229,3,0.113,100.0,MEDIUM
12,0,605,3,0.0,81.33,MEDIUM
4,0,392,0,0.044,77.3,LOW
12,1,449,0,0.132,62.24,LOW
10,5,119,3,0.566,42.51,CRITICAL
2,1,132,3,1.0,83.53,HIGH
2,1,149,2,0.899,90.96,HIGH
6,4,483,3,0.73,44.54,CRITICAL
4,3,477,1,0.985,61.8,CRITICAL
10,5,271,0,0.522,31.07,CRITICAL
8,3,351,0,0.461,54.49,HIGH
13,3,706,1,0.14,48.7,HIGH
2,1,484,2,1.0,80.31,HIGH
11,3,472,1,0.162,57.73,HIGH
12,1,99,1,0.071,87.42,LOW
13,8,305,2,0.639,38.11,CRITICAL
4,3,589,2,1.0,61.57,CRITICAL
12,8,599,2,0.858,26.72,CRITICAL
2,1,272,0,0.941,87.26,MEDIUM
14,3,682,3,0.19,74.44,CRITICAL
9,0,1,1,0.045,97.09,LOW
2,1,75,3,0.984,84.55,HIGH
13,6,620,1,0.399,31.97,CRITICAL
14,5,183,1,0.403,49.45,CRITICAL
14,5,712,2,0.527,46.99,CRITICAL
15,2,658,3,0.086,62.24,HIGH
14,8,106,0,0.606,42.86,CRITICAL
1,0,323,3,0.014,84.55,MEDIUM
5,4,376,2,0.967,49.52,CRITICAL
4,1,202,0,0.332,83.28,LOW
4,0,554,3,0.087,80.1,MEDIUM
4,3,429,3,0.831,54.39,CRITICAL
8,3,35,3,0.487,78.93,HIGH
6,5,697,0,0.992,36.17,CRITICAL
5,4,636,1,1.0,45.53,CRITICAL
7,6,572,2,0.988,35.67,CRITICAL
4,3,470,1,1.0,54.59,CRITICAL
12,5,680,2,0.45,42.67,CRITICAL
1,0,546,3,0.039,81.62,MEDIUM
12,4,554,1,0.446,50.14,CRITICAL
7,6,358,2,1.0,37.17,CRITICAL
10,2,463,0,0.345,52.06,MEDIUM
13,7,614,3,0.591,35.86,CRITICAL
4,3,186,0,1.0,55.79,HIGH
6,5,168,2,1.0,45.05,CRITICAL
12,7,658,1,0.645,35.72,CRITICAL
14,7,385,1,0.593,20.01,CRITICAL
11,3,708,3,0.235,46.82,CRITICAL
4,3,510,2,0.975,53.48,CRITICAL
14,0,663,2,0.0,75.59,MEDIUM
7,3,413,2,0.518,58.41,CRITICAL
8,6,639,0,0.869,37.53,CRITICAL
8,6,714,3,0.929,25.7,CRITICAL
3,2,144,1,1.0,76.89,HIGH
12,1,613,3,0.197,64.84,HIGH
13,6,454,2,0.433,35.08,CRITICAL
11,7,424,1,0.698,26.73,CRITICAL
11,7,509,0,0.634,32.6,CRITICAL
6,3,164,0,0.599,66.78,HIGH
7,6,609,3,1.0,32.72,CRITICAL
3,2,564,0,0.99,63.51,HIGH
8,1,149,0,0.238,91.36,LOW
12,7,607,0,0.517,33.32,CRITICAL
13,1,27,3,0.189,90.04,MEDIUM
5,0,704,3,0.0,82.63,MEDIUM
3,2,393,1,1.0,59.71,HIGH
7,3,438,3,0.507,56.41,CRITICAL
13,5,695,1,0.346,35.27,CRITICAL
6,5,455,1,0.975,32.73,CRITICAL
1,0,495,2,0.0,84.16,LOW
13,0,559,0,0.0,89.4,LOW
9,5,644,3,0.565,38.79,CRITICAL
3,2,418,3,1.0,60.05,CRITICAL
2,1,453,0,0.989,70.07,HIGH
15,5,571,0,0.371,39.5,CRITICAL
13,7,401,1,0.642,37.65,CRITICAL
10,0,352,0,0.0,88.34,LOW
1,0,239,0,0.063,82.79,LOW
9,3,447,0,0.333,48.03,HIGH
13,6,4,1,0.436,52.91,CRITICAL
13,6,524,0,0.624,25.87,CRITICAL
4,0,367,2,0.0,77.66,LOW
6,2,442,1,0.431,67.35,HIGH
10,5,303,2,0.751,43.66,CRITICAL
7,4,242,3,0.61,53.46,CRITICAL
8,4,104,2,0.569,65.47,CRITICAL
3,1,209,2,0.665,77.27,HIGH
4,3,105,3,1.0,68.13,CRITICAL
6,3,464,3,0.482,61.56,CRITICAL
1,0,516,2,0.095,75.05,MEDIUM
8,0,575,0,0.136,78.93,LOW
14,8,36,2,0.582,45.37,CRITICAL
4,3,291,1,1.0,62.68,CRITICAL
11,5,540,3,0.589,52.38,CRITICAL
10,0,239,3,0.0,81.75,MEDIUM
3,2,4,2,0.967,81.74,HIGH
1,0,116,3,0.0,82.99,LOW
12,3,640,0,0.204,47.27,HIGH
8,6,689,2,0.742,27.7,CRITICAL
1,0,678,0,0.027,85.23,LOW
10,6,137,0,0.644,38.27,CRITICAL
5,2,114,2,0.342,77.75,MEDIUM
5,4,641,0,0.889,57.05,CRITICAL
5,4,190,0,0.988,53.21,CRITICAL
7,6,341,3,1.0,37.04,CRITICAL
8,0,689,1,0.02,76.06,LOW
13,5,269,2,0.364,39.42,CRITICAL
7,2,568,2,0.389,54.57,HIGH
6,1,526,1,0.167,72.06,MEDIUM
8,6,257,0,0.918,43.73,CRITICAL
15,0,695,1,0.0,88.82,LOW
14,0,600,0,0.0,79.62,LOW
5,4,137,1,0.989,66.37,CRITICAL
6,4,728,3,0.837,49.73,CRITICAL
6,5,64,1,1.0,62.64,CRITICAL
14,0,273,0,0.0,89.99,LOW
15,2,276,1,0.217,68.06,MEDIUM
3,2,725,3,0.915,58.1,CRITICAL
8,1,626,1,0.0,73.53,MEDIUM
1,0,678,0,0.0,82.02,LOW
8,5,655,3,0.841,39.31,CRITICAL
2,1,76,1,0.964,91.57,HIGH
8,4,573,2,0.585,49.7,CRITICAL
10,1,289,2,0.041,77.13,MEDIUM
1,0,526,1,0.0,80.49,LOW
10,6,551,0,0.692,38.39,CRITICAL
1,0,447,2,0.0,76.6,LOW
1,0,157,3,0.0,90.44,LOW
15,3,488,2,0.308,61.71,HIGH
11,1,486,3,0.0,71.99,HIGH
15,2,703,3,0.179,66.81,HIGH
12,7,700,2,0.657,31.22,CRITICAL
2,1,129,1,0.926,86.89,MEDIUM
11,3,552,2,0.332,61.84,HIGH
2,1,238,0,1.0,76.65,MEDIUM
1,0,640,3,0.0,78.42,MEDIUM
10,8,582,3,0.912,28.32,CRITICAL
4,3,707,2,0.986,63.76,CRITICAL
3,2,203,1,1.0,69.75,HIGH
10,7,57,2,0.769,43.47,CRITICAL
4,3,243,3,0.917,68.35,CRITICAL
9,3,256,1,0.303,62.14,HIGH
9,3,321,3,0.342,58.33,CRITICAL
6,3,603,0,0.582,56.27,HIGH
10,8,251,3,0.943,41.37,CRITICAL
6,4,609,1,0.778,55.63,CRITICAL
15,2,176,0,0.174,68.29,LOW
15,5,55,0,0.329,56.65,HIGH
10,2,424,1,0.186,65.5,MEDIUM
9,4,724,3,0.604,51.11,CRITICAL
15,4,591,1,0.397,50.01,CRITICAL
7,2,325,1,0.315,73.53,MEDIUM
8,5,186,0,0.635,49.96,HIGH
5,4,450,2,0.975,50.65,CRITICAL
3,1,708,0,0.48,67.93,MEDIUM
6,5,27,2,1.0,70.66,CRITICAL
4,3,158,3,0.968,59.55,CRITICAL
13,2,612,3,0.258,55.56,HIGH
14,4,386,1,0.347,45.65,HIGH
15,5,93,3,0.275,55.43,CRITICAL
2,1,313,3,0.935,79.94,HIGH
15,7,226,2,0.543,46.94,CRITICAL
7,6,696,1,0.961,10.41,CRITICAL
10,1,128,1,0.032,85.93,MEDIUM
4,1,486,0,0.372,75.24,MEDIUM
7,6,342,1,0.975,29.77,CRITICAL
6,5,398,0,1.0,40.54,CRITICAL
1,0,305,0,0.0,93.19,LOW
4,3,685,2,1.0,59.6,CRITICAL
15,1,392,0,0.192,61.5,LOW
14,5,630,1,0.343,36.26,CRITICAL
4,1,443,0,0.23,68.32,MEDIUM
13,0,17,3,0.057,93.54,MEDIUM
13,3,70,2,0.203,70.31,HIGH
12,4,288,0,0.405,61.67,HIGH
9,3,561,0,0.425,54.6,HIGH
2,1,294,2,0.989,76.34,HIGH
6,5,379,0,1.0,42.45,CRITICAL
4,3,405,0,0.943,56.76,HIGH
9,4,358,1,0.515,48.41,CRITICAL
8,6,621,3,0.828,38.84,CRITICAL
8,3,645,1,0.355,45.17,HIGH
14,2,648,3,0.209,66.47,HIGH
8,6,66,2,0.966,52.07,CRITICAL
6,5,561,1,0.905,27.61,CRITICAL
10,5,259,0,0.6,34.48,CRITICAL
15,7,124,3,0.443,34.88,CRITICAL
10,7,700,2,0.938,30.19,CRITICAL
8,3,687,2,0.521,63.38,CRITICAL
9,5,117,3,0.666,49.28,CRITICAL
15,6,210,0,0.446,45.7,CRITICAL
2,1,497,3,0.978,72.37,CRITICAL
3,2,687,1,0.999,68.22,HIGH
2,1,207,1,1.0,76.55,MEDIUM
8,1,568,1,0.332,76.37,MEDIUM
13,7,70,0,0.628,48.55,CRITICAL
13,3,278,2,0.14,70.19,HIGH
3,2,203,3,1.0,72.79,CRITICAL
8,7,729,1,1.0,36.61,CRITICAL
5,4,618,1,1.0,54.84,CRITICAL
9,6,593,3,0.781,22.45,CRITICAL
1,0,169,0,0.05,100.0,LOW
12,8,424,1,0.735,32.17,CRITICAL
12,2,328,0,0.186,72.0,MEDIUM
3,2,555,1,1.0,56.88,HIGH
15,1,58,2,0.075,98.84,MEDIUM
1,0,81,1,0.0,97.89,LOW
11,5,596,0,0.675,37.08,CRITICAL
5,4,479,0,1.0,45.73,CRITICAL
11,1,673,2,0.012,70.97,MEDIUM
13,5,113,3,0.423,47.15,CRITICAL
1,0,640,3,0.059,76.43,MEDIUM
11,1,192,2,0.191,76.14,MEDIUM
3,1,364,2,0.585,70.72,MEDIUM
2,1,261,0,0.867,70.37,MEDIUM
13,5,118,0,0.467,54.01,HIGH
1,0,342,3,0.0,81.43,MEDIUM
6,5,170,2,0.927,51.95,CRITICAL
12,3,12,2,0.287,75.32,HIGH
15,0,560,1,0.008,78.79,LOW
4,1,290,0,0.295,83.98,LOW
3,0,354,3,0.016,82.17,MEDIUM
12,7,574,0,0.64,21.51,CRITICAL
8,7,49,1,0.959,46.14,CRITICAL
2,1,94,2,1.0,88.04,HIGH
9,1,708,0,0.212,70.39,MEDIUM
6,4,81,0,0.867,71.77,CRITICAL
2,1,150,0,0.947,77.88,MEDIUM
3,2,499,3,0.894,70.02,CRITICAL
15,2,571,1,0.106,65.39,MEDIUM
7,6,298,1,1.0,38.37,CRITICAL
6,0,640,3,0.179,78.47,MEDIUM
14,2,19,0,0.033,90.29,LOW
2,1,227,3,1.0,77.0,HIGH
11,1,431,2,0.16,70.28,MEDIUM
1,0,236,3,0.0,91.83,LOW
3,2,431,2,0.967,64.72,CRITICAL
11,1,120,1,0.075,77.58,MEDIUM
9,1,225,0,0.227,78.73,LOW
14,7,344,3,0.486,37.33,CRITICAL
3,2,632,0,0.936,70.33,HIGH
15,7,530,2,0.475,30.89,CRITICAL
2,1,448,1,1.0,64.57,HIGH
15,8,566,2,0.663,27.06,CRITICAL
9,6,5,1,0.643,47.17,CRITICAL
6,5,336,1,1.0,39.39,CRITICAL
15,2,586,3,0.115,70.26,HIGH
11,8,566,1,0.891,39.45,CRITICAL
12,5,2,2,0.402,45.15,CRITICAL
13,0,376,3,0.053,74.64,MEDIUM
4,2,377,0,0.748,72.75,MEDIUM
6,1,163,1,0.169,88.99,LOW
1,0,100,1,0.0,86.86,LOW
3,2,576,3,1.0,55.38,CRITICAL
2,1,442,2,1.0,64.55,HIGH
12,7,718,2,0.546,31.7,CRITICAL
7,6,132,3,0.908,43.12,CRITICAL
8,3,188,2,0.45,71.4,CRITICAL
5,1,25,0,0.254,79.42,LOW
15,5,70,2,0.335,59.04,CRITICAL
6,5,396,0,1.0,32.29,CRITICAL
13,5,430,0,0.307,42.02,CRITICAL
9,6,245,0,0.92,34.58,CRITICAL
8,0,65,0,0.064,94.35,LOW
9,7,349,3,0.793,33.99,CRITICAL
10,4,469,0,0.432,50.06,CRITICAL
6,3,683,2,0.557,50.55,CRITICAL
15,0,463,1,0.163,87.28,LOW
8,3,102,0,0.423,70.07,MEDIUM
1,0,575,3,0.0,84.22,MEDIUM
10,3,643,2,0.198,58.88,HIGH
7,3,579,3,0.5,44.36,CRITICAL
14,7,715,3,0.535,32.93,CRITICAL
13,6,680,3,0.554,33.46,CRITICAL
13,0,517,2,0.009,74.81,MEDIUM
9,2,305,0,0.271,56.63,LOW
5,4,655,2,1.0,48.8,CRITICAL
5,4,504,2,0.858,59.74,CRITICAL
13,2,310,0,0.0,64.7,LOW
10,0,272,0,0.0,82.23,LOW
13,3,560,3,0.192,51.41,CRITICAL
8,1,649,2,0.137,70.6,MEDIUM
4,3,273,2,1.0,63.03,CRITICAL
11,4,418,0,0.461,52.07,HIGH
7,6,575,0,1.0,34.22,CRITICAL
10,5,724,2,0.518,40.8,CRITICAL
14,3,530,0,0.273,62.11,MEDIUM
14,5,301,1,0.43,36.51,CRITICAL
12,0,566,1,0.0,96.21,LOW
4,2,384,0,0.656,61.52,MEDIUM
11,2,537,0,0.235,58.64,MEDIUM
1,0,540,1,0.209,82.03,LOW
3,2,118,0,0.914,71.36,MEDIUM
12,6,351,1,0.511,42.9,CRITICAL
10,2,653,0,0.052,67.67,MEDIUM
8,6,261,3,0.948,33.72,CRITICAL
12,2,356,0,0.244,68.78,MEDIUM
12,8,117,3,0.73,49.05,CRITICAL
7,2,657,1,0.265,68.9,MEDIUM
8,0,723,3,0.111,80.78,MEDIUM
12,5,195,1,0.369,42.78,CRITICAL
10,4,62,1,0.421,71.07,HIGH
8,1,426,2,0.118,79.11,MEDIUM
2,1,339,2,1.0,69.17,HIGH
11,7,145,0,0.593,35.44,CRITICAL
15,6,193,1,0.476,38.68,CRITICAL
12,8,553,2,0.722,33.53,CRITICAL
2,1,264,3,0.973,81.42,HIGH
3,2,414,1,1.0,64.37,HIGH
4,3,681,1,0.976,46.69,CRITICAL
15,8,201,0,0.572,44.06,CRITICAL
3,2,624,0,1.0,66.11,HIGH
10,3,85,1,0.373,70.48,HIGH
15,1,20,1,0.029,94.98,LOW
12,2,405,0,0.138,72.6,MEDIUM
2,1,501,1,1.0,73.99,HIGH
2,1,579,1,1.0,74.72,HIGH
13,5,215,1,0.439,51.18,CRITICAL
6,5,116,1,0.929,61.96,CRITICAL
5,0,587,0,0.029,84.72,LOW
4,3,373,1,1.0,52.71,CRITICAL
13,7,587,2,0.605,28.44,CRITICAL
8,4,706,0,0.581,45.07,HIGH
15,2,305,0,0.116,73.73,MEDIUM
12,3,493,0,0.192,67.47,MEDIUM
14,7,536,3,0.654,15.89,CRITICAL
8,3,608,0,0.527,51.66,HIGH
2,1,540,0,0.956,62.79,MEDIUM
2,1,408,2,1.0,63.9,HIGH
1,0,451,0,0.057,77.54,LOW
3,2,212,2,1.0,75.88,CRITICAL
2,1,338,0,0.997,77.32,MEDIUM
10,0,663,3,0.0,82.04,MEDIUM
11,3,704,1,0.362,62.84,HIGH
10,1,128,2,0.01,90.93,LOW
13,2,36,0,0.251,79.77,LOW
8,2,608,1,0.369,58.14,HIGH
5,4,494,0,0.978,49.88,CRITICAL
3,2,178,3,0.982,77.72,CRITICAL
5,2,79,3,0.468,73.98,HIGH
1,0,652,3,0.0,79.25,MEDIUM
11,7,231,3,0.615,45.87,CRITICAL
2,0,395,1,0.04,93.04,LOW
6,5,418,3,1.0,39.91,CRITICAL
9,2,368,1,0.277,64.21,MEDIUM
6,5,548,0,1.0,45.81,CRITICAL
6,0,314,3,0.0,69.85,MEDIUM
13,5,330,0,0.435,47.5,CRITICAL
14,6,371,2,0.557,27.49,CRITICAL
4,3,14,1,1.0,84.4,HIGH
10,3,62,1,0.238,66.86,HIGH
2,1,492,2,0.957,66.55,HIGH
6,1,590,3,0.277,71.78,HIGH
3,2,82,2,1.0,84.73,HIGH
6,2,267,0,0.517,70.59,MEDIUM
4,3,322,1,0.91,54.34,HIGH
8,7,423,1,1.0,43.28,CRITICAL
15,5,168,3,0.521,47.2,CRITICAL
12,3,40,0,0.31,66.1,HIGH
15,3,32,2,0.284,84.21,HIGH
8,6,656,1,0.849,32.67,CRITICAL
14,4,502,0,0.289,54.68,HIGH
6,5,324,1,0.962,34.11,CRITICAL
1,0,62,3,0.19,96.44,MEDIUM
1,0,607,0,0.085,86.49,LOW
5,4,603,1,1.0,39.56,CRITICAL
14,6,368,0,0.532,25.09,CRITICAL
4,3,596,1,0.92,50.65,CRITICAL
3,0,182,3,0.072,99.04,LOW
2,1,348,3,0.902,78.44,HIGH
14,6,44,1,0.434,55.72,CRITICAL
10,2,694,3,0.326,58.54,HIGH
12,8,519,3,0.761,26.31,CRITICAL
2,1,148,0,1.0,90.62,MEDIUM
2,1,254,2,1.0,80.49,HIGH
6,1,73,0,0.167,83.24,LOW
1,0,624,2,0.067,68.5,MEDIUM
13,0,406,2,0.107,83.73,MEDIUM
5,4,456,3,1.0,43.58,CRITICAL
13,4,646,3,0.149,43.17,CRITICAL
3,2,469,2,1.0,69.52,CRITICAL
13,4,125,2,0.373,59.87,HIGH
13,0,476,3,0.0,77.55,MEDIUM
9,7,630,1,0.89,42.01,CRITICAL
8,4,656,1,0.536,46.26,CRITICAL
8,2,165,3,0.231,75.6,HIGH
9,5,565,3,0.673,35.43,CRITICAL
10,1,242,2,0.064,83.33,MEDIUM
6,3,265,2,0.611,63.17,HIGH
9,8,442,0,0.879,32.87,CRITICAL
15,5,359,1,0.237,45.04,HIGH
14,8,474,0,0.665,34.56,CRITICAL
5,4,89,1,1.0,59.27,CRITICAL
11,5,583,2,0.574,48.9,CRITICAL
4,3,73,3,1.0,89.12,CRITICAL
2,1,78,1,1.0,87.23,MEDIUM
2,0,189,2,0.0,93.69,LOW
11,2,114,0,0.305,70.35,MEDIUM
10,8,430,1,0.986,21.98,CRITICAL
1,0,236,1,0.018,85.1,LOW
1,0,648,1,0.0,75.64,MEDIUM
9,0,274,0,0.005,78.63,LOW
3,2,433,0,1.0,61.71,HIGH
15,3,234,1,0.272,59.2,HIGH
12,2,37,1,0.21,79.04,MEDIUM
11,5,142,0,0.37,48.28,HIGH
7,6,313,3,0.892,28.16,CRITICAL
14,4,465,1,0.296,40.54,HIGH
13,3,321,1,0.198,57.57,HIGH
3,0,484,2,0.0,86.14,MEDIUM
11,4,317,0,0.361,51.41,HIGH
9,3,478,0,0.429,65.53,MEDIUM
2,1,138,0,0.899,82.47,MEDIUM
14,2,604,3,0.129,59.88,HIGH
5,4,343,1,1.0,49.86,CRITICAL
2,1,636,0,1.0,63.78,HIGH
5,3,626,3,0.919,46.22,CRITICAL
14,8,221,0,0.579,47.59,CRITICAL
5,0,480,1,0.0,83.35,LOW
2,0,468,2,0.036,78.96,MEDIUM
14,2,552,2,0.047,58.91,MEDIUM
7,0,239,0,0.0,86.39,LOW
11,5,203,0,0.379,48.95,HIGH
2,1,415,2,1.0,79.66,HIGH
6,5,621,1,0.99,55.06,CRITICAL
8,0,599,0,0.0,73.79,LOW
6,5,213,1,1.0,49.34,CRITICAL
1,0,514,3,0.126,74.94,MEDIUM
12,8,356,1,0.807,26.15,CRITICAL
13,8,309,2,0.683,35.48,CRITICAL
3,2,549,1,1.0,65.98,HIGH
4,0,221,0,0.0,87.28,LOW
7,6,382,1,0.937,32.8,CRITICAL
9,5,696,0,0.651,41.3,CRITICAL
12,6,422,3,0.702,34.42,CRITICAL
12,2,335,0,0.092,58.71,MEDIUM
12,0,99,2,0.056,94.39,LOW
11,0,467,3,0.034,74.57,MEDIUM
15,6,409,3,0.533,27.76,CRITICAL
14,4,118,2,0.41,63.56,CRITICAL
11,2,712,0,0.329,57.0,HIGH
4,3,728,2,1.0,54.14,CRITICAL
5,1,128,0,0.176,70.18,LOW
15,8,705,1,0.52,36.01,CRITICAL
12,6,188,1,0.421,42.39,CRITICAL
11,0,662,1,0.136,69.28,LOW
10,7,198,1,0.872,37.0,CRITICAL
3,2,208,0,1.0,71.57,HIGH
7,2,638,3,0.398,72.04,HIGH
4,0,226,0,0.0,83.24,LOW
13,7,158,1,0.741,41.97,CRITICAL
2,1,146,0,1.0,81.21,MEDIUM
6,5,145,1,0.847,52.18,CRITICAL
14,7,489,2,0.523,29.05,CRITICAL
4,3,51,1,1.0,68.66,HIGH
3,0,694,3,0.0,80.2,MEDIUM
13,7,275,0,0.615,34.6,CRITICAL
2,1,607,3,1.0,71.28,CRITICAL
8,1,146,0,0.279,84.65,MEDIUM
13,6,143,2,0.528,42.28,CRITICAL
13,0,524,0,0.117,83.65,LOW
1,0,257,3,0.076,85.07,MEDIUM
2,1,586,3,0.957,81.6,HIGH
3,0,666,3,0.122,76.31,MEDIUM
5,4,132,1,1.0,66.01,CRITICAL
7,5,486,3,0.876,37.0,CRITICAL
7,0,181,0,0.0,75.12,LOW
12,8,127,1,0.692,54.86,CRITICAL
6,5,670,1,1.0,52.31,CRITICAL
13,1,720,3,0.0,60.24,HIGH
2,1,93,3,0.912,75.28,HIGH
11,1,27,3,0.148,88.38,MEDIUM
14,5,181,3,0.34,48.04,CRITICAL
7,3,307,1,0.457,41.01,HIGH
15,8,232,3,0.671,43.7,CRITICAL
3,2,580,1,1.0,56.89,HIGH
6,3,190,1,0.513,58.19,HIGH
5,4,662,3,0.862,45.91,CRITICAL
3,2,182,3,0.891,64.79,CRITICAL
10,2,141,1,0.269,70.7,MEDIUM
3,2,267,1,0.995,69.67,HIGH
14,2,505,1,0.208,77.01,MEDIUM
14,1,445,0,0.047,66.52,LOW
15,1,228,1,0.0,86.83,MEDIUM
8,5,636,2,0.772,47.01,CRITICAL
3,2,377,2,0.966,76.43,HIGH
12,3,552,3,0.199,56.23,CRITICAL
12,7,23,1,0.622,47.31,CRITICAL
8,3,208,0,0.369,60.54,HIGH
10,3,524,3,0.226,53.13,CRITICAL
7,3,605,2,0.569,50.01,CRITICAL
8,7,405,2,1.0,35.61,CRITICAL
10,7,263,3,0.866,47.26,CRITICAL
1,0,255,3,0.0,81.69,MEDIUM
2,1,214,0,0.892,79.66,MEDIUM
14,5,365,0,0.474,51.61,CRITICAL
3,2,139,3,1.0,74.79,CRITICAL
14,5,237,0,0.505,49.73,CRITICAL
13,6,464,2,0.458,25.27,CRITICAL
7,6,252,3,0.836,37.8,CRITICAL
3,2,172,2,1.0,74.73,HIGH
3,0,379,2,0.039,93.09,LOW
10,5,499,1,0.411,47.52,CRITICAL
3,2,495,1,1.0,61.22,HIGH
9,3,350,3,0.385,63.35,CRITICAL
11,1,727,3,0.06,67.9,HIGH
11,5,255,1,0.603,41.49,CRITICAL
11,7,189,0,0.734,38.6,CRITICAL
3,2,497,1,0.914,64.93,HIGH
1,0,656,2,0.11,80.82,LOW
8,3,312,2,0.444,59.67,HIGH
1,0,172,3,0.038,100.0,MEDIUM
10,0,158,2,0.0,84.02,MEDIUM
2,1,211,1,1.0,71.65,HIGH
7,2,616,0,0.298,63.98,MEDIUM
1,0,389,1,0.0,77.26,LOW
7,6,51,2,1.0,46.82,CRITICAL
3,2,353,3,0.977,52.89,CRITICAL
12,8,221,1,0.783,44.61,CRITICAL
15,8,552,2,0.591,36.68,CRITICAL
5,2,495,3,0.465,56.23,HIGH
14,6,9,3,0.329,51.33,CRITICAL
8,3,124,2,0.464,70.14,HIGH
12,1,247,0,0.044,87.3,LOW
6,5,307,3,1.0,37.95,CRITICAL
9,6,152,3,0.914,44.78,CRITICAL
13,3,321,2,0.35,47.82,HIGH
5,2,113,1,0.515,77.73,MEDIUM
15,4,271,2,0.236,53.74,CRITICAL
14,1,173,2,0.0,85.84,MEDIUM
8,5,233,2,0.574,56.62,CRITICAL
2,1,691,1,1.0,81.27,HIGH
4,2,505,1,0.639,62.32,HIGH
9,3,372,2,0.412,52.58,HIGH
10,8,11,0,0.986,40.19,CRITICAL
2,1,447,3,1.0,76.23,CRITICAL
2,1,398,1,1.0,67.5,HIGH
4,1,287,1,0.31,71.76,MEDIUM
11,1,703,2,0.173,71.57,MEDIUM
9,0,160,1,0.0,91.5,LOW
7,0,312,3,0.0,85.62,MEDIUM
4,3,295,2,1.0,64.22,CRITICAL
9,0,104,3,0.045,100.0,LOW
10,0,206,3,0.0,81.73,MEDIUM
2,1,585,1,1.0,67.0,HIGH
10,1,42,3,0.026,82.37,MEDIUM
3,2,636,2,0.917,64.88,CRITICAL
13,3,602,0,0.163,48.01,MEDIUM
15,6,53,3,0.377,43.03,CRITICAL
5,3,606,0,0.652,56.8,HIGH
14,2,266,1,0.249,69.73,MEDIUM
1,0,679,2,0.0,75.7,MEDIUM
10,0,132,2,0.0,98.89,LOW
10,3,696,2,0.302,54.29,CRITICAL
6,1,229,2,0.113,84.51,MEDIUM
14,5,531,1,0.406,44.22,CRITICAL
4,3,195,3,0.941,61.19,CRITICAL
2,0,216,2,0.0,86.63,LOW
2,1,20,3,0.995,90.82,HIGH
14,4,408,3,0.267,51.88,CRITICAL
2,1,238,1,1.0,77.78,HIGH
5,4,532,0,0.897,51.15,CRITICAL
5,1,243,1,0.308,75.57,MEDIUM
12,2,627,3,0.163,56.12,HIGH
1,0,423,0,0.047,72.99,LOW
7,2,438,0,0.198,72.67,MEDIUM
6,3,563,2,0.706,68.89,CRITICAL
14,3,209,3,0.142,64.3,HIGH
1,0,667,2,0.0,85.86,LOW
1,0,128,0,0.056,93.53,LOW
12,8,236,0,0.732,34.08,CRITICAL
4,3,446,0,1.0,57.38,HIGH
11,6,640,3,0.516,31.2,CRITICAL
5,4,153,1,1.0,59.54,CRITICAL
5,4,324,2,0.983,53.76,CRITICAL
2,1,157,0,0.994,83.08,MEDIUM
3,0,244,1,0.026,86.84,LOW
13,1,682,0,0.038,68.03,MEDIUM
9,7,559,0,0.903,12.58,CRITICAL
4,3,431,3,0.984,64.58,CRITICAL
14,7,137,2,0.641,40.1,CRITICAL
6,1,545,2,0.284,70.16,HIGH
15,5,295,0,0.439,45.92,CRITICAL
11,4,581,0,0.414,49.54,HIGH
3,2,275,0,1.0,68.47,HIGH
6,5,170,3,1.0,66.52,CRITICAL
3,2,442,2,0.889,71.97,HIGH
7,0,728,0,0.0,73.24,LOW
7,6,644,2,1.0,32.94,CRITICAL
7,6,539,2,1.0,27.14,CRITICAL
2,1,712,2,1.0,72.28,HIGH
12,0,166,3,0.0,85.15,LOW
4,3,24,0,0.946,80.19,HIGH
5,0,22,3,0.0,97.03,LOW
15,2,134,3,0.09,84.65,HIGH
8,6,671,1,0.878,31.72,CRITICAL
2,1,91,0,1.0,89.92,MEDIUM
7,1,558,0,0.172,69.44,MEDIUM
8,5,126,0,0.756,57.89,CRITICAL
3,2,460,0,1.0,59.03,HIGH
11,8,313,2,0.786,30.42,CRITICAL
4,1,293,1,0.304,77.16,MEDIUM
5,4,29,1,1.0,66.67,CRITICAL
9,6,462,2,0.658,35.97,CRITICAL
10,8,500,2,0.921,34.23,CRITICAL
12,6,711,2,0.668,24.86,CRITICAL
7,6,166,2,0.994,38.47,CRITICAL
11,6,394,0,0.578,34.58,CRITICAL
9,8,630,0,1.0,32.09,CRITICAL
6,1,134,1,0.146,79.28,MEDIUM
9,8,165,3,0.89,47.23,CRITICAL
3,2,543,2,1.0,60.46,CRITICAL
11,5,227,2,0.367,54.14,CRITICAL
4,3,287,3,0.917,61.75,CRITICAL
10,3,167,3,0.385,71.21,HIGH
11,4,664,3,0.495,55.67,CRITICAL
11,4,173,0,0.424,51.28,HIGH
8,7,80,0,0.927,41.25,CRITICAL
7,3,245,2,0.476,58.59,CRITICAL
12,3,454,2,0.251,62.24,HIGH
8,2,360,3,0.204,72.01,HIGH
8,3,444,1,0.425,58.75,HIGH
6,5,643,3,1.0,47.43,CRITICAL
5,4,708,3,1.0,62.67,CRITICAL
1,0,584,2,0.008,88.51,MEDIUM
13,2,223,2,0.356,74.03,HIGH
7,6,309,1,1.0,26.72,CRITICAL
1,0,699,3,0.0,70.61,MEDIUM
10,8,429,1,0.833,27.57,CRITICAL
6,5,153,1,1.0,50.86,CRITICAL
10,8,659,1,0.897,26.94,CRITICAL
11,6,577,3,0.637,33.54,CRITICAL
5,3,620,2,0.714,58.63,CRITICAL
12,0,172,2,0.086,95.26,MEDIUM
8,4,11,1,0.696,66.38,HIGH
9,3,320,0,0.502,53.12,HIGH
7,3,717,2,0.589,54.23,CRITICAL
11,4,424,0,0.368,53.12,HIGH
8,2,322,1,0.37,55.81,MEDIUM
12,8,548,3,0.826,19.83,CRITICAL
8,7,304,0,1.0,37.82,CRITICAL
8,6,686,2,0.896,25.09,CRITICAL
8,1,667,2,0.135,71.69,MEDIUM
3,1,216,1,0.54,79.91,MEDIUM
11,0,476,3,0.073,72.66,MEDIUM
12,7,431,3,0.724,29.87,CRITICAL
2,0,303,2,0.049,81.67,LOW
5,4,139,3,1.0,55.24,CRITICAL
15,8,604,1,0.615,41.75,CRITICAL
14,0,701,2,0.0,84.73,LOW
10,2,52,3,0.241,81.49,HIGH
11,7,600,0,0.829,35.27,CRITICAL
3,2,689,3,0.957,61.87,CRITICAL
8,7,25,3,0.936,56.98,CRITICAL
9,1,189,0,0.145,81.07,LOW
5,4,189,2,0.991,56.15,CRITICAL
3,2,703,0,0.914,73.56,HIGH
12,1,133,3,0.043,85.37,MEDIUM
14,3,503,0,0.228,45.87,HIGH
13,6,357,3,0.483,35.88,CRITICAL
8,0,255,0,0.0,82.05,LOW
5,1,407,1,0.156,61.59,MEDIUM
4,0,229,0,0.044,90.31,LOW
14,4,25,3,0.293,71.12,CRITICAL
4,1,676,3,0.29,66.52,HIGH
13,6,479,0,0.537,29.18,CRITICAL
12,1,665,2,0.177,70.96,MEDIUM
12,3,526,0,0.271,63.71,MEDIUM
13,7,387,3,0.708,38.84,CRITICAL
4,2,396,2,0.636,64.49,HIGH
2,1,695,2,0.909,69.94,HIGH
8,5,74,0,0.726,65.91,CRITICAL
15,2,96,0,0.08,71.18,MEDIUM
7,1,30,1,0.213,91.89,MEDIUM
8,3,604,1,0.477,62.9,HIGH
9,5,420,3,0.544,35.84,CRITICAL
9,0,523,1,0.0,88.21,LOW
8,5,624,3,0.82,30.48,CRITICAL
3,2,609,3,1.0,69.75,CRITICAL
7,6,217,0,1.0,49.89,CRITICAL
2,1,721,3,1.0,72.74,CRITICAL
5,2,488,0,0.535,60.76,MEDIUM
1,0,100,0,0.037,82.73,LOW
15,7,184,3,0.457,40.36,CRITICAL
9,8,28,0,1.0,51.63,CRITICAL
15,2,33,1,0.186,74.47,MEDIUM
10,2,436,0,0.359,61.54,MEDIUM
3,1,189,3,0.609,82.93,HIGH
3,2,8,3,0.987,85.83,HIGH
3,1,347,1,0.431,74.65,MEDIUM
7,5,298,1,0.97,50.32,CRITICAL
4,3,354,2,0.946,48.81,CRITICAL
8,5,25,1,0.754,52.14,CRITICAL
12,1,418,1,0.171,79.75,MEDIUM
13,2,270,3,0.202,70.25,HIGH
5,4,106,0,0.953,66.53,HIGH
14,1,373,0,0.173,78.82,LOW
7,6,680,0,0.962,34.02,CRITICAL
4,3,336,2,1.0,58.12,CRITICAL
13,4,691,0,0.359,50.71,HIGH
12,8,664,3,0.777,23.85,CRITICAL
2,1,673,0,0.995,63.17,HIGH
1,0,224,1,0.0,91.56,LOW
5,4,471,0,1.0,53.24,CRITICAL
12,7,730,2,0.626,29.1,CRITICAL
5,3,33,1,0.677,63.07,HIGH
10,2,172,2,0.212,87.22,MEDIUM
15,0,444,3,0.0,73.85,MEDIUM
5,1,37,1,0.26,88.07,MEDIUM
8,1,246,3,0.259,78.51,MEDIUM
11,8,218,0,0.848,42.2,CRITICAL
8,2,202,1,0.227,70.84,HIGH
1,0,148,0,0.0,86.85,LOW
13,7,609,1,0.701,37.69,CRITICAL
15,1,184,0,0.052,88.87,LOW
12,5,106,2,0.324,53.77,CRITICAL
5,4,635,1,0.94,46.85,CRITICAL
15,7,575,3,0.585,32.43,CRITICAL
11,8,124,1,0.904,48.77,CRITICAL
2,1,571,1,1.0,71.72,HIGH
8,6,39,2,0.769,37.71,CRITICAL
11,1,159,0,0.068,87.98,LOW
7,5,604,0,0.979,45.94,CRITICAL
12,0,130,2,0.094,88.09,LOW
8,1,681,0,0.195,64.11,MEDIUM
7,3,210,3,0.466,67.27,CRITICAL
1,0,474,2,0.057,85.39,LOW
11,7,535,2,0.672,36.04,CRITICAL
14,6,315,3,0.459,34.84,CRITICAL
2,1,529,2,1.0,68.87,HIGH
8,4,271,3,0.586,52.75,CRITICAL
10,1,92,3,0.029,98.31,MEDIUM
15,4,273,2,0.205,52.46,HIGH
5,4,570,3,0.949,43.58,CRITICAL
4,1,63,3,0.356,87.93,MEDIUM
12,4,411,1,0.403,37.15,CRITICAL
8,2,608,0,0.209,55.86,MEDIUM
13,3,361,3,0.309,57.73,CRITICAL
1,0,725,2,0.121,91.27,MEDIUM
9,1,279,3,0.0,67.29,MEDIUM
15,4,619,0,0.29,40.68,HIGH
8,4,381,1,0.483,32.87,CRITICAL
1,0,509,1,0.163,80.18,LOW
7,6,309,3,0.88,41.33,CRITICAL
12,5,613,2,0.432,40.69,CRITICAL
14,0,597,0,0.0,81.45,LOW
9,4,63,2,0.586,67.1,CRITICAL
12,2,684,3,0.196,59.29,HIGH
13,8,41,3,0.669,44.04,CRITICAL
4,0,382,3,0.0,85.07,MEDIUM
3,2,220,2,0.861,80.27,HIGH
15,0,343,0,0.0,83.46,LOW
3,2,723,3,1.0,68.71,CRITICAL
7,6,490,0,0.955,31.58,CRITICAL
3,1,262,3,0.496,79.11,HIGH
4,1,381,1,0.333,65.39,MEDIUM
1,0,684,1,0.0,80.85,LOW
9,7,529,3,0.904,45.73,CRITICAL
10,8,264,1,0.805,42.53,CRITICAL
15,8,494,1,0.443,28.57,CRITICAL
4,3,647,3,1.0,40.88,CRITICAL
8,5,60,3,0.75,64.68,CRITICAL
7,4,17,2,0.531,73.22,CRITICAL
4,3,307,3,1.0,63.82,CRITICAL
13,2,282,3,0.213,70.82,HIGH
2,1,43,0,1.0,90.67,MEDIUM
7,5,619,3,0.874,50.3,CRITICAL
13,2,320,2,0.206,78.81,MEDIUM
1,0,730,3,0.0,83.43,MEDIUM
7,2,442,3,0.462,63.81,HIGH
15,0,682,1,0.0,82.46,LOW
1,0,659,1,0.029,76.79,MEDIUM
7,4,659,1,0.721,56.74,CRITICAL
9,5,222,3,0.692,50.33,CRITICAL
14,8,363,1,0.56,32.44,CRITICAL
14,0,381,2,0.0,80.29,LOW
7,6,469,0,0.963,39.0,CRITICAL
15,0,447,0,0.0,85.5,LOW
14,2,121,2,0.244,71.54,MEDIUM
10,7,540,0,0.922,35.07,CRITICAL
11,5,621,3,0.461,44.7,CRITICAL
2,1,77,0,0.918,85.72,MEDIUM
4,1,555,0,0.548,70.34,MEDIUM
9,6,623,1,0.615,39.13,CRITICAL
6,2,502,2,0.337,69.04,HIGH
2,1,652,1,0.871,67.7,HIGH
10,7,254,0,0.784,44.05,CRITICAL
4,2,446,2,0.701,66.92,HIGH
13,3,323,2,0.329,54.08,HIGH
5,1,427,3,0.287,71.94,HIGH
8,6,31,1,0.727,53.53,CRITICAL
15,6,392,1,0.415,29.51,CRITICAL
6,2,548,2,0.288,68.13,HIGH
7,0,427,2,0.069,83.25,MEDIUM
3,2,205,3,0.85,69.59,CRITICAL
7,6,431,1,0.956,31.66,CRITICAL
9,5,263,1,0.544,41.38,CRITICAL
13,5,166,0,0.404,44.98,HIGH
6,0,94,0,0.0,93.32,LOW
14,6,315,1,0.485,27.99,CRITICAL
14,7,281,3,0.551,34.16,CRITICAL
9,7,680,2,0.914,37.36,CRITICAL
5,4,561,3,0.8,39.44,CRITICAL
11,1,460,1,0.316,65.09,MEDIUM
2,1,4,2,1.0,100.0,MEDIUM
2,1,92,0,1.0,82.09,MEDIUM
7,5,232,0,0.798,44.57,CRITICAL
2,1,258,0,1.0,74.88,MEDIUM
11,0,302,0,0.0,87.13,LOW
14,5,212,2,0.365,52.95,CRITICAL
1,0,435,0,0.044,81.51,LOW
7,6,456,0,1.0,38.52,CRITICAL
12,8,134,2,0.683,53.1,CRITICAL
3,0,406,0,0.0,89.59,LOW
9,6,190,2,0.708,47.32,CRITICAL
5,2,357,1,0.484,60.28,HIGH
5,4,110,0,0.965,56.36,HIGH
6,1,239,2,0.125,83.85,MEDIUM
14,3,20,2,0.292,82.51,HIGH
8,7,538,1,0.924,39.56,CRITICAL
9,0,149,2,0.004,90.72,LOW
14,5,92,1,0.41,64.02,CRITICAL
8,7,35,3,0.93,52.88,CRITICAL
6,5,550,0,0.951,30.71,CRITICAL
6,0,71,3,0.084,97.15,MEDIUM
8,5,323,3,0.577,38.67,CRITICAL
6,0,569,2,0.008,68.98,MEDIUM
3,0,323,3,0.0,82.5,MEDIUM
12,4,607,0,0.472,51.92,HIGH
12,2,479,0,0.291,50.3,MEDIUM
4,3,144,0,1.0,66.85,HIGH
5,4,250,3,0.944,46.42,CRITICAL
4,3,444,0,0.997,58.2,CRITICAL
7,0,524,1,0.137,84.55,LOW
10,7,242,0,0.833,42.17,CRITICAL
13,2,427,3,0.186,67.23,HIGH
13,7,672,2,0.551,34.6,CRITICAL
3,2,87,3,1.0,81.31,CRITICAL
1,0,130,2,0.002,97.78,LOW
15,4,290,1,0.244,49.94,HIGH
8,2,446,1,0.297,59.93,MEDIUM
8,3,545,1,0.318,51.51,HIGH
5,1,356,1,0.309,64.88,MEDIUM
6,5,640,1,0.86,39.05,CRITICAL
4,3,259,2,1.0,55.76,CRITICAL
5,1,326,3,0.294,75.8,HIGH
8,2,588,0,0.357,59.38,HIGH
5,4,358,2,0.965,37.53,CRITICAL
14,5,638,1,0.427,35.24,CRITICAL
6,2,603,1,0.312,51.68,HIGH
3,2,701,1,0.991,62.36,CRITICAL
14,8,674,0,0.584,32.05,CRITICAL
6,2,556,3,0.185,56.61,HIGH
7,2,246,2,0.372,70.33,HIGH
4,3,78,0,1.0,68.39,HIGH
3,2,145,2,1.0,74.06,HIGH
12,8,128,1,0.732,45.09,CRITICAL
9,0,444,2,0.0,83.47,MEDIUM
6,4,181,3,0.906,59.32,CRITICAL
3,2,58,0,0.968,81.55,MEDIUM
11,2,625,3,0.176,56.31,HIGH
9,6,505,1,0.605,35.07,CRITICAL
3,2,274,2,0.867,66.26,HIGH
7,1,231,1,0.235,77.39,MEDIUM
15,0,317,2,0.0,80.6,LOW
15,8,513,3,0.591,33.43,CRITICAL
9,2,610,0,0.281,68.57,MEDIUM
1,0,397,0,0.069,72.26,LOW
1,0,133,0,0.0,100.0,LOW
13,3,183,2,0.191,66.97,HIGH
11,8,339,1,0.871,32.09,CRITICAL
13,7,131,3,0.497,50.85,CRITICAL
13,5,174,3,0.314,48.5,CRITICAL
9,6,602,2,0.779,33.86,CRITICAL
12,0,503,3,0.082,87.32,MEDIUM
3,2,374,3,0.85,63.43,CRITICAL
9,8,565,1,1.0,28.0,CRITICAL
11,0,280,2,0.059,87.44,MEDIUM
7,2,730,3,0.516,65.65,CRITICAL
12,4,647,2,0.292,54.58,CRITICAL
13,8,469,1,0.674,39.64,CRITICAL
6,3,104,3,0.561,72.3,CRITICAL
9,6,83,0,0.782,51.39,CRITICAL
2,1,9,1,1.0,80.17,HIGH
4,3,611,0,1.0,69.92,CRITICAL
9,6,225,3,0.874,31.92,CRITICAL
7,6,610,1,0.925,27.33,CRITICAL
15,7,698,0,0.511,23.87,CRITICAL
14,0,492,2,0.102,86.78,MEDIUM
11,5,676,0,0.383,35.83,CRITICAL
12,2,426,0,0.171,66.81,MEDIUM
9,0,243,1,0.022,92.16,LOW
9,1,104,3,0.18,100.0,MEDIUM
12,1,607,2,0.177,70.74,MEDIUM
5,4,550,3,0.932,58.12,CRITICAL
7,3,397,0,0.593,62.35,HIGH
7,3,592,1,0.632,56.47,CRITICAL
3,2,206,3,1.0,76.1,CRITICAL
4,3,229,1,0.942,58.8,HIGH
3,2,181,2,0.967,68.69,HIGH
14,6,442,3,0.529,41.98,CRITICAL
10,1,335,2,0.208,65.85,MEDIUM
7,4,482,0,0.634,55.42,HIGH
8,4,165,1,0.491,62.53,HIGH
3,2,286,3,1.0,70.05,HIGH
4,3,641,3,1.0,54.18,CRITICAL
7,0,618,1,0.055,82.79,LOW
6,2,13,0,0.401,88.05,MEDIUM
10,3,14,1,0.366,68.83,MEDIUM
13,5,111,0,0.441,55.99,HIGH
9,8,267,2,0.962,32.42,CRITICAL
10,8,201,2,0.75,36.72,CRITICAL
10,7,183,0,0.709,37.39,CRITICAL
15,6,724,3,0.401,23.9,CRITICAL
13,4,100,0,0.277,53.34,HIGH
7,6,123,3,0.991,37.07,CRITICAL
12,5,621,3,0.529,50.38,CRITICAL
13,0,143,3,0.007,84.02,LOW
13,7,14,2,0.619,51.11,CRITICAL
5,4,525,2,1.0,51.09,CRITICAL
8,6,307,1,0.855,34.29,CRITICAL
8,2,253,1,0.114,79.88,LOW
14,7,375,3,0.536,36.21,CRITICAL
15,3,713,0,0.108,52.27,HIGH
4,3,46,0,0.996,70.01,HIGH
12,1,587,3,0.157,65.95,HIGH
14,7,596,1,0.53,18.69,CRITICAL
7,1,129,0,0.086,82.59,LOW
5,4,213,0,0.999,48.97,HIGH
1,0,376,1,0.127,90.61,LOW
7,1,536,3,0.099,67.28,HIGH
4,3,437,1,1.0,54.9,CRITICAL
11,2,523,0,0.213,59.34,MEDIUM
9,3,141,3,0.339,70.43,CRITICAL
5,4,719,1,0.987,56.15,CRITICAL
10,0,99,3,0.0,84.14,LOW
8,6,613,1,0.884,41.37,CRITICAL
15,1,146,0,0.091,86.63,LOW
2,1,558,2,0.942,76.0,HIGH
11,3,649,1,0.167,60.53,HIGH
3,2,611,1,1.0,52.86,HIGH
3,2,81,0,0.996,81.56,HIGH
6,5,103,1,0.769,51.04,CRITICAL
15,6,551,0,0.428,33.85,CRITICAL
8,4,266,1,0.622,49.96,CRITICAL
6,1,196,2,0.267,91.93,MEDIUM
11,2,188,1,0.189,72.77,MEDIUM
5,4,39,0,1.0,69.99,HIGH
9,3,614,1,0.388,50.65,HIGH
10,4,598,0,0.565,46.12,CRITICAL
14,1,385,2,0.016,78.7,MEDIUM
13,8,299,1,0.498,32.35,CRITICAL
5,4,47,0,0.829,67.28,HIGH
9,4,108,2,0.434,55.21,CRITICAL
4,3,540,2,1.0,51.52,CRITICAL
10,1,3,1,0.023,85.43,LOW
15,3,3,3,0.362,82.16,HIGH
5,0,386,2,0.0,79.94,LOW
12,2,698,2,0.169,61.16,HIGH
12,0,33,3,0.0,100.0,LOW
4,3,67,3,0.831,82.92,CRITICAL
13,4,495,3,0.266,47.09,CRITICAL
11,8,25,2,0.843,53.32,CRITICAL
12,8,178,0,0.798,40.73,CRITICAL
15,0,641,1,0.166,86.94,LOW
7,0,576,2,0.157,76.49,MEDIUM
1,0,528,1,0.02,79.59,LOW
11,6,213,3,0.575,42.26,CRITICAL
8,6,725,0,0.901,34.19,CRITICAL
12,6,640,2,0.593,35.09,CRITICAL
15,2,477,2,0.277,64.81,HIGH
1,0,195,0,0.0,88.38,LOW
13,0,192,1,0.106,89.56,LOW
13,3,12,2,0.248,83.79,HIGH
14,5,67,2,0.354,49.55,CRITICAL
14,5,21,3,0.37,57.22,CRITICAL
13,6,391,3,0.449,35.57,CRITICAL
7,1,186,3,0.034,71.13,MEDIUM
12,4,483,0,0.427,57.08,HIGH
15,5,323,0,0.358,40.62,CRITICAL
9,3,280,3,0.415,63.7,HIGH
13,1,388,2,0.013,79.5,MEDIUM
12,7,406,1,0.627,24.98,CRITICAL
12,8,166,3,0.651,43.73,CRITICAL
13,1,12,1,0.0,93.85,LOW
4,3,399,1,0.894,57.81,CRITICAL
6,0,254,1,0.0,94.0,LOW
13,7,539,3,0.525,38.77,CRITICAL
5,2,512,2,0.624,57.11,HIGH
9,3,170,1,0.411,71.23,HIGH
10,0,57,1,0.0,93.74,LOW
6,5,40,1,1.0,55.03,CRITICAL
1,0,100,2,0.0,88.66,LOW
15,6,382,2,0.348,35.53,CRITICAL
1,0,79,0,0.0,94.2,LOW
3,0,154,0,0.0,85.85,LOW
6,1,372,1,0.112,68.11,MEDIUM
7,0,24,0,0.129,100.0,LOW
8,2,170,3,0.342,71.03,HIGH
13,5,71,2,0.24,56.75,CRITICAL
12,7,36,1,0.626,51.32,CRITICAL
7,0,66,1,0.0,96.11,LOW
9,5,521,3,0.698,45.95,CRITICAL
12,6,170,1,0.566,48.34,CRITICAL
2,0,76,2,0.0,97.6,LOW
11,7,79,0,0.751,49.87,CRITICAL
1,0,254,2,0.116,82.96,MEDIUM
8,0,156,3,0.0,94.04,MEDIUM
7,6,674,2,0.929,37.43,CRITICAL
7,4,77,3,0.666,63.4,CRITICAL
7,6,526,0,1.0,26.28,CRITICAL
13,3,108,0,0.266,75.26,MEDIUM
4,3,585,2,1.0,41.12,CRITICAL
8,5,447,0,0.676,45.76,CRITICAL
4,3,468,1,1.0,62.23,HIGH
8,3,507,3,0.424,65.66,CRITICAL
6,5,577,2,1.0,37.07,CRITICAL
3,2,357,3,1.0,67.39,CRITICAL
12,2,414,0,0.251,62.47,MEDIUM
13,1,157,0,0.064,84.05,LOW
12,1,348,1,0.132,80.03,MEDIUM
6,5,254,3,1.0,49.81,CRITICAL
2,1,581,1,1.0,69.37,HIGH
10,6,61,2,0.712,49.62,CRITICAL
7,2,373,1,0.233,67.63,MEDIUM
11,3,122,3,0.369,70.87,HIGH
3,2,126,1,0.91,81.04,HIGH
13,8,596,2,0.825,21.74,CRITICAL
8,6,360,0,0.886,32.51,CRITICAL
6,5,584,1,0.984,44.14,CRITICAL
14,4,391,3,0.232,51.41,CRITICAL
9,6,470,3,0.924,38.52,CRITICAL
5,4,41,3,1.0,66.04,CRITICAL
9,8,582,0,0.956,27.16,CRITICAL
7,1,204,3,0.072,87.53,MEDIUM
13,7,573,2,0.619,20.93,CRITICAL
8,3,569,1,0.34,64.83,HIGH
13,5,727,0,0.325,31.35,CRITICAL
9,8,232,3,0.97,44.27,CRITICAL
3,2,501,0,0.864,55.19,HIGH
3,2,57,0,1.0,83.22,HIGH
10,6,700,3,0.597,33.67,CRITICAL
4,3,413,0,0.979,56.74,HIGH
9,5,65,0,0.719,61.13,HIGH
14,5,304,1,0.497,41.32,CRITICAL
4,3,611,1,0.927,47.83,CRITICAL
14,2,230,2,0.074,72.47,MEDIUM
12,8,725,2,0.714,34.41,CRITICAL
9,1,493,1,0.184,65.48,MEDIUM
11,4,125,3,0.468,60.17,CRITICAL
9,2,280,3,0.32,73.76,HIGH
1,0,383,0,0.011,79.89,LOW
15,8,228,1,0.349,46.98,CRITICAL
12,4,481,0,0.387,46.03,HIGH
11,2,426,0,0.188,62.33,MEDIUM
11,0,655,3,0.0,73.81,MEDIUM
9,1,529,2,0.028,80.23,MEDIUM
4,0,177,0,0.0,87.6,LOW
4,3,72,0,0.99,72.46,HIGH
9,2,36,1,0.376,80.07,MEDIUM
7,1,633,3,0.163,72.92,MEDIUM
6,5,288,3,1.0,35.23,CRITICAL
11,3,200,1,0.373,74.5,HIGH
8,7,205,2,1.0,35.01,CRITICAL
3,2,222,2,1.0,65.83,CRITICAL
11,7,541,0,0.776,28.02,CRITICAL
13,2,87,3,0.01,86.91,HIGH
9,2,610,2,0.132,56.0,HIGH
12,0,449,0,0.0,71.59,LOW
4,2,695,3,0.648,68.0,CRITICAL
4,1,366,0,0.263,65.28,MEDIUM
12,5,211,0,0.529,53.49,CRITICAL
9,2,608,1,0.224,61.17,HIGH
8,2,655,3,0.141,70.57,HIGH
1,0,247,0,0.108,79.82,LOW
5,4,280,3,0.957,45.68,CRITICAL
9,4,486,0,0.481,48.49,HIGH
14,0,131,2,0.0,89.4,LOW
13,8,42,2,0.659,49.95,CRITICAL
11,5,488,0,0.523,40.23,CRITICAL
14,3,726,2,0.079,60.72,HIGH
7,2,301,1,0.362,76.26,MEDIUM
15,4,157,1,0.313,64.18,CRITICAL
11,7,677,3,0.738,25.81,CRITICAL
11,6,155,0,0.523,40.8,CRITICAL
5,4,5,1,1.0,59.26,CRITICAL
1,0,359,3,0.0,79.13,MEDIUM
3,2,606,0,1.0,61.34,HIGH
6,3,512,2,0.46,54.21,CRITICAL
9,2,466,1,0.212,69.44,MEDIUM
6,1,526,1,0.307,75.88,MEDIUM
1,0,272,1,0.075,79.18,LOW
10,1,631,2,0.052,56.97,MEDIUM
2,1,360,0,1.0,60.48,MEDIUM
8,7,562,2,1.0,34.93,CRITICAL
1,0,309,0,0.065,92.73,LOW
7,5,165,2,0.871,62.97,CRITICAL
5,4,156,2,0.891,65.4,CRITICAL
6,2,388,3,0.448,69.46,HIGH
2,1,639,1,1.0,69.06,HIGH
6,0,622,1,0.006,78.27,LOW
5,2,413,1,0.489,61.94,HIGH
11,7,653,3,0.664,26.54,CRITICAL
2,1,313,3,1.0,71.86,HIGH
9,5,54,1,0.682,51.37,CRITICAL
10,0,542,0,0.0,77.75,LOW
11,6,188,3,0.593,49.92,CRITICAL
6,1,245,3,0.24,70.35,HIGH
5,2,108,2,0.352,82.67,HIGH
1,0,388,1,0.0,74.38,LOW
5,2,102,2,0.406,74.81,MEDIUM
12,0,353,1,0.081,89.13,LOW
13,6,8,2,0.618,45.44,CRITICAL
2,1,101,1,1.0,84.13,MEDIUM
9,6,33,3,0.74,65.5,CRITICAL
13,3,66,2,0.169,74.35,HIGH
2,1,466,0,1.0,60.43,MEDIUM
12,6,91,0,0.576,42.13,CRITICAL
9,8,162,3,1.0,42.69,CRITICAL
13,3,621,1,0.235,61.74,HIGH
15,0,612,2,0.268,92.69,MEDIUM
5,4,492,0,1.0,44.55,CRITICAL
3,2,475,3,1.0,57.94,CRITICAL
8,7,642,2,0.909,35.02,CRITICAL
6,5,279,2,1.0,49.6,CRITICAL
2,1,448,3,0.976,76.46,HIGH
5,0,7,3,0.006,98.13,LOW
9,4,642,3,0.565,48.1,CRITICAL
2,0,329,0,0.077,89.87,LOW
1,0,110,1,0.0,89.76,LOW
14,1,194,0,0.173,71.77,LOW
1,0,230,3,0.0,91.96,LOW
5,4,333,1,0.932,48.58,CRITICAL
8,0,644,3,0.032,81.44,MEDIUM
12,1,436,0,0.091,70.24,LOW
5,4,497,1,0.858,45.9,CRITICAL
8,1,597,3,0.172,71.24,MEDIUM
4,3,312,3,1.0,48.24,CRITICAL
2,1,321,1,0.961,80.53,MEDIUM
7,2,252,3,0.27,76.59,HIGH
13,1,615,2,0.024,71.01,MEDIUM
9,8,134,3,0.994,43.09,CRITICAL
3,2,515,3,1.0,59.43,CRITICAL
10,5,548,2,0.577,45.02,CRITICAL
1,0,228,1,0.037,92.09,LOW
3,1,13,2,0.527,99.33,MEDIUM
2,1,599,1,0.945,70.95,HIGH
9,7,149,0,0.933,31.51,CRITICAL
4,0,268,2,0.112,85.09,MEDIUM
15,7,195,0,0.475,59.83,CRITICAL
5,0,298,3,0.001,77.73,MEDIUM
6,0,428,3,0.051,81.58,MEDIUM
13,0,453,0,0.0,82.33,LOW
11,2,210,1,0.149,71.98,MEDIUM
10,3,94,3,0.268,74.55,HIGH
3,2,515,3,1.0,53.91,CRITICAL
7,2,347,3,0.177,59.66,HIGH
12,6,282,2,0.65,35.44,CRITICAL
15,1,260,0,0.121,77.47,LOW
1,0,391,3,0.091,76.56,MEDIUM
5,4,591,2,1.0,44.18,CRITICAL
13,6,725,2,0.668,21.41,CRITICAL
12,6,537,3,0.48,17.92,CRITICAL
7,3,397,3,0.414,54.59,CRITICAL
4,3,422,0,1.0,59.09,CRITICAL
12,6,626,2,0.653,34.9,CRITICAL
1,0,419,3,0.075,82.64,MEDIUM
7,6,82,0,0.976,44.94,CRITICAL
6,2,215,0,0.534,68.56,MEDIUM
1,0,147,2,0.0,90.68,LOW
10,0,461,2,0.107,80.56,MEDIUM
11,8,38,0,0.761,67.78,CRITICAL
13,1,213,0,0.199,77.36,LOW
3,2,319,3,1.0,58.03,CRITICAL
11,0,550,1,0.0,69.85,LOW
3,2,344,0,1.0,60.85,HIGH
14,6,315,0,0.402,37.32,CRITICAL
6,5,468,1,1.0,46.49,CRITICAL
12,2,286,2,0.124,65.52,MEDIUM
9,4,517,3,0.436,47.15,CRITICAL
2,1,165,2,0.938,92.14,HIGH
2,0,189,0,0.0,87.37,LOW
2,0,535,2,0.004,76.32,LOW
7,6,40,1,1.0,44.47,CRITICAL
7,6,330,1,1.0,39.26,CRITICAL
2,1,360,0,1.0,63.48,MEDIUM
4,3,562,3,0.853,46.09,CRITICAL
7,5,36,3,0.895,54.57,CRITICAL
1,0,722,0,0.0,89.08,LOW
6,5,481,3,1.0,30.05,CRITICAL
1,0,537,2,0.003,76.79,MEDIUM
9,0,370,3,0.06,65.39,MEDIUM
14,0,620,1,0.017,80.41,LOW
6,3,694,1,0.721,53.21,CRITICAL
14,0,696,1,0.0,81.25,MEDIUM
10,7,711,0,0.73,24.71,CRITICAL
6,0,387,1,0.063,72.38,LOW
6,5,375,0,1.0,41.22,CRITICAL
7,5,624,3,0.783,38.05,CRITICAL
14,0,617,3,0.0,86.86,MEDIUM
13,6,304,0,0.521,31.68,CRITICAL
2,1,652,3,1.0,75.54,CRITICAL
10,5,299,1,0.585,43.35,CRITICAL
1,0,310,2,0.0,79.27,LOW
3,2,174,1,1.0,79.52,HIGH
1,0,13,2,0.044,100.0,LOW
4,3,287,0,1.0,56.02,HIGH
12,8,12,3,0.759,50.75,CRITICAL
1,0,534,3,0.0,80.03,MEDIUM
4,3,513,0,0.984,53.55,HIGH
8,0,599,2,0.019,86.72,MEDIUM
1,0,454,2,0.013,73.96,MEDIUM
14,0,400,3,0.068,86.2,MEDIUM
12,4,362,2,0.398,42.24,CRITICAL
3,2,190,2,1.0,79.59,HIGH
2,1,444,1,1.0,73.12,MEDIUM
7,6,626,1,0.919,34.39,CRITICAL
13,6,283,3,0.393,29.67,CRITICAL
12,8,279,1,0.743,43.14,CRITICAL
15,2,434,1,0.023,61.22,MEDIUM
9,4,46,3,0.513,67.85,CRITICAL
2,1,37,3,0.97,95.96,HIGH
7,6,32,1,0.824,52.95,CRITICAL
11,0,226,1,0.0,89.95,LOW
2,1,396,3,1.0,72.48,HIGH
13,8,51,2,0.767,53.62,CRITICAL
14,3,263,3,0.206,59.81,CRITICAL
7,6,59,3,1.0,62.35,CRITICAL
4,2,564,0,0.643,71.71,HIGH
5,4,628,2,1.0,50.72,CRITICAL
7,0,329,1,0.11,81.81,LOW
5,1,582,2,0.295,68.74,HIGH
5,3,84,0,0.74,70.24,HIGH
12,5,128,2,0.521,54.36,CRITICAL
12,2,76,3,0.188,90.54,HIGH
3,2,284,3,1.0,71.93,CRITICAL
4,3,160,2,0.968,76.79,CRITICAL
1,0,637,0,0.0,84.24,LOW
5,0,136,1,0.0,90.03,LOW
13,7,193,1,0.654,37.86,CRITICAL
2,1,620,1,0.979,76.6,HIGH
11,2,143,0,0.16,67.37,MEDIUM
12,8,410,0,0.803,39.37,CRITICAL
13,3,263,0,0.289,70.11,MEDIUM
7,6,662,2,1.0,35.03,CRITICAL
3,2,509,2,0.9,61.62,CRITICAL
14,4,714,2,0.36,45.77,CRITICAL
14,0,391,1,0.109,78.19,MEDIUM
6,5,374,0,1.0,39.0,CRITICAL
4,2,412,0,0.532,60.68,MEDIUM
5,2,9,1,0.704,87.09,MEDIUM
5,4,248,1,1.0,55.15,CRITICAL
13,7,437,1,0.656,24.46,CRITICAL
5,1,124,2,0.415,83.54,MEDIUM
13,5,320,3,0.272,37.35,CRITICAL
10,6,589,1,0.593,27.06,CRITICAL
4,2,117,3,0.567,75.35,HIGH
3,2,235,3,0.973,70.26,CRITICAL
1,0,125,0,0.0,87.36,LOW
11,3,480,3,0.315,44.78,CRITICAL
2,1,159,2,1.0,87.56,HIGH
10,8,152,0,0.938,36.44,CRITICAL
8,6,548,2,0.817,27.51,CRITICAL
7,6,306,3,1.0,33.6,CRITICAL
6,3,565,2,0.48,62.58,HIGH
15,3,457,0,0.298,48.43,HIGH
15,0,370,3,0.0,82.89,MEDIUM
4,3,445,2,1.0,59.7,CRITICAL
13,8,626,1,0.743,29.27,CRITICAL
2,1,696,2,0.943,75.84,HIGH
4,2,195,3,0.579,76.79,CRITICAL
15,8,540,0,0.657,36.58,CRITICAL
10,4,645,3,0.449,46.95,CRITICAL
4,3,63,0,0.913,78.52,HIGH
9,6,467,3,0.677,29.05,CRITICAL
15,6,439,1,0.47,26.34,CRITICAL
9,5,256,3,0.537,48.11,CRITICAL
10,5,335,0,0.461,41.8,CRITICAL
10,2,164,2,0.276,63.88,HIGH
8,4,335,0,0.662,45.35,HIGH
15,7,536,2,0.462,21.11,CRITICAL
15,2,720,0,0.142,69.46,MEDIUM
10,8,643,0,0.812,28.34,CRITICAL
8,4,400,0,0.499,58.49,HIGH
8,1,308,2,0.204,57.86,MEDIUM
15,2,306,1,0.145,66.4,MEDIUM
3,2,643,3,0.909,64.91,CRITICAL
4,3,360,2,1.0,48.1,CRITICAL
7,6,367,2,0.982,35.09,CRITICAL
10,2,56,1,0.24,66.96,MEDIUM
2,1,157,3,0.942,86.92,HIGH
5,0,310,0,0.024,74.9,LOW
12,5,220,1,0.425,47.61,CRITICAL
1,0,140,0,0.0,93.84,LOW
1,0,453,3,0.057,87.07,MEDIUM
13,1,92,1,0.194,82.39,LOW
13,3,381,2,0.388,49.45,HIGH
13,6,331,0,0.459,28.01,CRITICAL
10,8,112,1,0.916,53.12,CRITICAL
1,0,24,2,0.0,100.0,LOW
7,3,706,0,0.574,60.99,HIGH
10,5,294,1,0.519,43.91,CRITICAL
7,2,262,2,0.352,72.55,MEDIUM
12,3,75,2,0.253,60.72,HIGH
10,3,479,0,0.324,52.02,HIGH
14,0,60,0,0.0,100.0,LOW
14,4,351,1,0.216,47.73,HIGH
2,1,80,0,1.0,89.82,MEDIUM
2,1,276,1,1.0,81.11,HIGH
15,0,612,0,0.066,79.35,LOW
12,1,170,2,0.013,83.5,MEDIUM
2,1,513,1,0.956,60.33,HIGH
3,2,501,3,1.0,68.53,CRITICAL
11,2,371,0,0.242,61.79,MEDIUM
10,3,146,0,0.372,56.06,HIGH
12,1,548,2,0.179,73.46,MEDIUM
4,0,253,1,0.0,87.25,LOW
11,0,471,2,0.021,70.68,LOW
7,3,443,1,0.565,60.21,HIGH
8,6,522,1,1.0,35.84,CRITICAL
1,0,326,2,0.0,82.17,LOW
11,2,17,1,0.232,87.86,MEDIUM
11,2,453,0,0.107,65.72,MEDIUM
10,0,427,2,0.055,91.02,MEDIUM
6,3,474,2,0.633,52.02,CRITICAL
13,5,386,0,0.579,46.96,CRITICAL
15,2,235,0,0.141,69.88,MEDIUM
7,0,472,1,0.028,76.77,LOW
7,0,559,2,0.0,89.51,MEDIUM
14,3,446,3,0.168,53.23,HIGH
9,7,105,3,0.9,41.42,CRITICAL
5,4,316,3,0.944,51.41,CRITICAL
14,6,143,0,0.381,50.19,CRITICAL
13,2,389,2,0.278,64.8,HIGH
8,7,126,0,1.0,41.43,CRITICAL
1,0,157,3,0.0,86.92,MEDIUM
9,3,194,2,0.249,61.47,HIGH
7,1,377,1,0.0,66.89,MEDIUM
3,2,486,3,1.0,54.31,CRITICAL
10,8,211,2,0.884,45.09,CRITICAL
10,4,136,3,0.57,64.28,CRITICAL
5,0,649,3,0.0,82.68,MEDIUM
11,6,184,1,0.584,26.68,CRITICAL
8,2,50,2,0.306,81.82,MEDIUM
9,4,246,1,0.414,53.83,HIGH
3,2,32,1,0.895,77.78,HIGH
8,5,296,0,0.659,39.6,CRITICAL
7,6,378,0,1.0,35.02,CRITICAL
4,2,37,1,0.664,78.69,HIGH
8,3,618,1,0.443,58.33,HIGH
3,1,45,1,0.503,84.51,MEDIUM
7,4,265,1,0.632,59.71,CRITICAL
8,1,128,1,0.068,87.67,LOW
10,8,173,2,1.0,33.88,CRITICAL
9,4,302,3,0.401,67.64,CRITICAL
5,4,73,0,1.0,65.2,HIGH
7,1,64,3,0.244,85.42,MEDIUM
9,6,502,0,0.624,33.31,CRITICAL
11,0,472,2,0.054,81.64,MEDIUM
10,7,634,1,0.703,36.98,CRITICAL
14,5,375,3,0.488,33.93,CRITICAL
3,0,150,3,0.037,89.44,MEDIUM
2,1,76,0,0.932,82.37,MEDIUM
9,0,376,3,0.0,68.57,MEDIUM
4,3,549,2,0.935,62.3,CRITICAL
14,6,428,0,0.417,29.42,CRITICAL
12,6,38,0,0.545,56.19,CRITICAL
1,0,178,1,0.136,91.46,LOW
5,4,485,2,1.0,47.55,CRITICAL
8,4,295,3,0.551,47.53,CRITICAL
7,6,553,1,0.982,36.5,CRITICAL
5,4,373,3,1.0,51.84,CRITICAL
4,2,163,0,0.625,67.16,MEDIUM
12,6,581,1,0.488,30.39,CRITICAL
2,1,502,3,1.0,79.3,HIGH
9,5,543,2,0.659,45.08,CRITICAL
15,4,478,3,0.186,50.17,CRITICAL
5,4,462,3,0.963,50.78,CRITICAL
12,4,483,0,0.33,53.31,HIGH
7,3,255,2,0.359,65.07,HIGH
14,6,371,0,0.442,34.88,CRITICAL
9,7,390,1,0.906,34.41,CRITICAL
8,2,461,0,0.27,69.01,MEDIUM
13,0,591,2,0.062,76.74,MEDIUM
12,3,355,3,0.265,54.43,CRITICAL
8,2,243,0,0.327,74.31,MEDIUM
8,3,424,3,0.437,54.71,CRITICAL
8,1,342,2,0.14,73.31,MEDIUM
14,0,532,0,0.014,77.29,LOW
11,5,400,3,0.456,41.61,CRITICAL
9,7,581,0,0.906,37.22,CRITICAL
10,3,154,2,0.287,75.89,HIGH
13,2,313,2,0.241,68.98,HIGH
12,3,649,3,0.368,48.45,CRITICAL
14,7,78,3,0.518,61.16,CRITICAL
8,7,495,3,0.94,37.35,CRITICAL
11,8,301,2,0.821,34.27,CRITICAL
13,3,515,2,0.345,55.59,CRITICAL
5,2,321,1,0.42,64.92,MEDIUM
2,1,213,3,1.0,76.14,HIGH
12,1,59,3,0.104,86.25,MEDIUM
15,0,363,0,0.091,74.01,LOW
3,2,153,2,1.0,73.52,HIGH
4,3,263,3,1.0,65.75,CRITICAL
6,0,70,2,0.0,90.76,LOW
13,5,254,3,0.446,50.14,CRITICAL
15,4,418,0,0.194,50.42,HIGH
14,8,671,1,0.533,38.83,CRITICAL
7,1,565,3,0.147,81.38,MEDIUM
14,0,508,3,0.0,81.17,MEDIUM
9,8,626,1,1.0,20.45,CRITICAL
9,3,665,0,0.143,54.24,MEDIUM
14,7,494,0,0.538,37.02,CRITICAL
14,0,176,1,0.041,86.44,LOW
11,1,527,3,0.236,76.54,HIGH
12,4,169,0,0.365,51.47,HIGH
12,4,124,2,0.308,58.82,CRITICAL
5,4,152,1,1.0,65.07,CRITICAL
4,3,263,0,0.854,67.54,HIGH
2,0,613,0,0.0,83.69,LOW
3,2,176,3,0.916,70.35,CRITICAL
5,4,681,1,1.0,38.96,CRITICAL
5,4,202,0,0.985,62.98,CRITICAL
2,1,606,3,0.982,78.14,HIGH
12,8,374,3,0.729,29.83,CRITICAL
13,0,297,2,0.0,91.55,LOW
7,3,623,0,0.285,64.39,MEDIUM
3,2,251,2,0.936,79.42,CRITICAL
14,2,654,0,0.331,61.33,MEDIUM
8,7,692,1,1.0,35.71,CRITICAL
11,8,666,0,0.724,32.03,CRITICAL
8,4,161,1,0.689,64.36,HIGH
10,1,175,1,0.04,69.74,LOW
5,2,405,2,0.572,63.91,HIGH
9,8,695,2,0.959,34.45,CRITICAL
4,3,438,3,0.804,59.98,CRITICAL
1,0,332,1,0.167,84.79,LOW
11,5,488,2,0.476,26.69,CRITICAL
11,0,440,1,0.004,78.81,LOW
14,0,430,1,0.0,78.38,LOW
14,4,14,0,0.377,62.26,HIGH
7,4,518,0,0.58,50.16,CRITICAL
1,0,306,1,0.048,80.58,LOW
1,0,78,3,0.0,100.0,LOW
12,1,200,3,0.195,76.31,HIGH
11,1,584,3,0.065,76.15,MEDIUM
11,0,234,0,0.0,84.43,LOW
11,5,685,3,0.587,37.15,CRITICAL
14,4,389,0,0.154,53.66,HIGH
6,4,606,2,0.736,48.33,CRITICAL
4,0,38,0,0.002,98.74,LOW
10,3,365,2,0.346,55.18,HIGH
8,6,238,2,0.886,47.01,CRITICAL
15,3,470,2,0.357,69.54,CRITICAL
10,7,213,3,0.866,47.77,CRITICAL
8,6,389,2,0.818,24.4,CRITICAL
5,3,438,1,0.872,61.89,CRITICAL
15,6,568,0,0.268,30.82,CRITICAL
2,0,52,2,0.0,92.64,LOW
7,2,371,2,0.289,65.86,HIGH
15,3,200,1,0.214,63.48,HIGH
3,2,594,3,1.0,65.94,CRITICAL
13,5,353,2,0.405,46.88,CRITICAL
6,1,395,3,0.331,71.27,MEDIUM
10,6,554,3,0.899,31.7,CRITICAL
11,1,330,2,0.0,71.06,LOW
15,3,115,0,0.314,68.95,MEDIUM
15,4,46,3,0.245,70.89,CRITICAL
3,2,102,0,0.968,75.54,HIGH
10,3,26,0,0.275,71.8,MEDIUM
2,0,151,2,0.024,89.09,LOW
1,0,369,0,0.0,86.35,LOW
7,6,508,0,1.0,40.3,CRITICAL
10,2,623,1,0.325,67.77,HIGH
1,0,128,0,0.0,100.0,LOW
5,2,465,2,0.496,59.23,HIGH
12,6,3,0,0.523,50.44,CRITICAL
9,2,421,0,0.107,74.11,LOW
8,2,175,3,0.374,78.47,HIGH
7,4,316,0,0.567,53.55,HIGH
1,0,491,2,0.0,76.59,LOW
7,6,595,1,0.932,37.62,CRITICAL
2,0,657,2,0.004,70.31,MEDIUM
4,3,241,0,1.0,65.54,HIGH
9,0,444,2,0.052,82.61,MEDIUM
4,2,23,0,0.67,74.37,MEDIUM
7,5,620,3,0.813,47.67,CRITICAL
13,7,584,0,0.585,38.49,CRITICAL
13,6,300,1,0.496,32.44,CRITICAL
14,1,60,2,0.1,84.05,MEDIUM
13,7,133,3,0.608,47.35,CRITICAL
11,6,508,1,0.674,45.77,CRITICAL
11,3,2,2,0.309,67.64,HIGH
5,4,560,1,0.988,46.52,CRITICAL
11,5,500,2,0.467,37.91,CRITICAL
6,0,567,2,0.055,97.42,LOW
8,1,338,0,0.022,71.51,LOW
12,8,149,1,0.718,36.3,CRITICAL
13,6,342,1,0.498,44.18,CRITICAL
11,0,257,3,0.083,82.63,MEDIUM
9,4,465,0,0.487,50.29,HIGH
8,3,5,3,0.386,80.22,CRITICAL
1,0,568,2,0.0,81.21,MEDIUM
5,1,723,2,0.265,64.74,MEDIUM
9,7,260,3,0.875,36.16,CRITICAL
5,3,701,2,0.827,50.97,CRITICAL
3,2,360,2,0.932,75.73,HIGH
10,2,459,1,0.242,58.18,MEDIUM
6,4,514,1,0.769,44.88,CRITICAL
7,0,133,1,0.037,88.3,LOW
3,2,551,1,0.986,59.65,CRITICAL
1,0,330,0,0.013,86.46,LOW
9,5,698,1,0.64,37.14,CRITICAL
10,8,386,1,0.841,37.86,CRITICAL
5,2,285,3,0.512,64.75,CRITICAL
10,7,480,3,0.724,41.33,CRITICAL
9,1,401,0,0.041,74.7,LOW
1,0,670,2,0.02,91.42,LOW
6,1,197,2,0.304,83.4,MEDIUM
11,5,411,3,0.604,40.09,CRITICAL
12,8,702,3,0.814,30.45,CRITICAL
14,8,377,0,0.707,32.48,CRITICAL
13,4,184,2,0.331,63.64,HIGH
2,1,90,3,1.0,90.56,HIGH
3,1,307,0,0.468,77.68,MEDIUM
7,2,433,3,0.442,64.06,HIGH
10,0,109,1,0.0,100.0,LOW
8,3,573,0,0.49,51.73,HIGH
7,5,586,2,0.829,41.86,CRITICAL
11,2,27,1,0.123,86.2,MEDIUM
3,2,520,1,0.916,61.4,CRITICAL
8,7,475,0,0.952,36.83,CRITICAL
8,7,248,1,0.94,34.62,CRITICAL
2,1,116,3,1.0,78.62,HIGH
12,5,286,1,0.369,43.12,HIGH
6,0,601,0,0.002,72.07,LOW
13,5,485,0,0.462,47.04,CRITICAL
12,6,449,3,0.604,39.38,CRITICAL
14,6,727,0,0.481,36.8,CRITICAL
2,0,239,2,0.041,80.38,LOW
4,3,373,0,1.0,56.4,HIGH
7,0,43,2,0.0,95.4,LOW
1,0,314,3,0.065,95.93,MEDIUM
1,0,568,1,0.0,92.31,LOW
7,5,104,2,0.701,58.65,CRITICAL
3,2,160,1,1.0,77.99,HIGH
10,7,162,3,0.744,44.51,CRITICAL
5,4,427,2,1.0,59.4,CRITICAL
5,3,660,3,0.672,59.21,CRITICAL
2,1,582,0,0.933,69.44,MEDIUM
2,1,299,3,0.964,74.51,HIGH
7,6,506,1,0.974,38.83,CRITICAL
4,3,339,0,1.0,55.16,HIGH
8,5,6,2,0.75,57.6,CRITICAL
14,0,593,0,0.011,79.94,LOW
7,6,54,0,1.0,41.43,CRITICAL
4,3,296,2,1.0,69.05,CRITICAL
8,7,285,3,0.942,33.04,CRITICAL
12,0,61,0,0.0,100.0,LOW
3,2,97,1,0.917,70.91,MEDIUM
3,2,518,2,1.0,73.72,CRITICAL
7,5,657,1,0.857,37.85,CRITICAL
5,0,453,2,0.13,89.01,MEDIUM
6,1,69,1,0.158,84.03,MEDIUM
12,5,313,2,0.461,51.16,CRITICAL
13,8,615,2,0.718,43.5,CRITICAL
3,2,527,2,0.994,57.57,HIGH
6,5,376,2,0.889,37.11,CRITICAL
4,2,591,3,0.708,53.44,CRITICAL
11,7,689,2,0.648,41.57,CRITICAL
4,3,54,2,1.0,72.21,CRITICAL
14,3,147,1,0.313,60.73,HIGH
6,4,651,0,1.0,49.75,CRITICAL
14,5,719,2,0.393,42.7,CRITICAL
14,6,725,0,0.494,30.79,CRITICAL
12,5,494,0,0.465,42.59,CRITICAL
2,1,89,2,1.0,86.58,HIGH
4,1,361,3,0.458,61.85,HIGH
15,2,192,0,0.151,65.13,LOW
4,3,609,0,1.0,55.52,HIGH
9,7,407,2,0.803,33.96,CRITICAL
6,3,520,1,0.709,61.99,HIGH
13,8,615,3,0.626,29.7,CRITICAL
9,1,413,0,0.142,63.42,LOW
13,0,159,0,0.028,89.27,LOW
14,7,82,2,0.488,41.46,CRITICAL
15,3,336,0,0.156,55.37,MEDIUM
12,8,111,3,0.687,41.51,CRITICAL
12,0,197,1,0.0,98.42,LOW
15,8,569,3,0.721,37.41,CRITICAL
14,1,158,3,0.075,87.06,MEDIUM
8,3,509,0,0.537,53.93,HIGH
1,0,582,1,0.0,91.84,LOW
6,5,654,3,1.0,33.83,CRITICAL
8,2,364,2,0.301,58.23,HIGH
13,1,311,0,0.074,66.73,LOW
6,1,45,1,0.142,90.51,LOW
11,5,106,0,0.355,61.75,HIGH
12,6,289,1,0.536,30.41,CRITICAL
11,5,250,1,0.645,44.83,CRITICAL
1,0,157,1,0.066,98.5,LOW
2,1,452,1,0.977,77.43,HIGH
5,4,622,2,1.0,52.38,CRITICAL
14,6,722,3,0.427,27.08,CRITICAL
15,8,395,2,0.395,30.21,CRITICAL
6,5,173,1,0.983,53.91,CRITICAL
5,1,49,1,0.394,94.97,MEDIUM
12,6,93,0,0.474,49.88,CRITICAL
5,4,538,2,0.901,45.77,CRITICAL
10,4,705,1,0.444,38.99,CRITICAL
8,3,566,1,0.503,65.79,HIGH
14,3,220,0,0.349,59.76,MEDIUM
11,1,294,3,0.077,68.68,MEDIUM
12,8,260,2,0.676,28.89,CRITICAL
4,3,3,2,1.0,81.61,CRITICAL
9,2,271,2,0.405,68.47,HIGH
1,0,3,1,0.019,100.0,LOW
13,1,368,2,0.086,72.4,MEDIUM
14,7,178,3,0.579,46.73,CRITICAL
11,7,358,2,0.827,29.3,CRITICAL
10,4,317,3,0.496,41.76,CRITICAL
14,0,633,2,0.0,89.47,MEDIUM
6,0,332,3,0.0,75.88,MEDIUM
10,7,666,3,0.731,35.04,CRITICAL
6,5,516,1,1.0,43.81,CRITICAL
8,7,450,2,1.0,34.19,CRITICAL
1,0,414,2,0.078,78.56,MEDIUM
5,2,298,3,0.607,65.34,HIGH
9,1,472,2,0.239,71.96,MEDIUM
13,2,275,1,0.187,64.34,MEDIUM
5,4,74,1,1.0,64.37,CRITICAL
1,0,12,3,0.0,100.0,LOW
12,6,284,3,0.417,27.49,CRITICAL
13,6,443,2,0.348,18.5,CRITICAL
7,2,424,0,0.286,68.49,MEDIUM
15,3,162,0,0.241,67.7,MEDIUM
5,4,112,3,1.0,61.97,CRITICAL
3,2,140,2,0.979,87.56,CRITICAL
7,6,153,0,1.0,51.71,CRITICAL
2,1,504,3,0.966,65.72,HIGH
10,4,702,0,0.34,42.18,HIGH
14,5,257,2,0.391,43.41,CRITICAL
2,0,703,1,0.058,78.99,MEDIUM
1,0,176,1,0.0,94.73,LOW
5,3,621,2,0.758,46.5,CRITICAL
5,4,379,0,1.0,43.28,CRITICAL
5,1,674,1,0.267,68.47,MEDIUM
1,0,349,3,0.187,80.84,MEDIUM
3,2,367,3,1.0,69.32,CRITICAL
4,1,554,3,0.362,64.77,HIGH
15,3,181,0,0.116,72.33,MEDIUM
12,3,671,2,0.246,52.4,HIGH
6,2,530,0,0.48,60.81,MEDIUM
10,4,201,1,0.45,58.66,HIGH
15,5,589,0,0.354,41.27,CRITICAL
13,0,76,1,0.0,100.0,LOW
2,1,685,3,1.0,74.84,CRITICAL
5,4,392,3,1.0,33.46,CRITICAL
11,4,224,3,0.438,57.55,CRITICAL
15,4,482,0,0.434,42.78,HIGH
6,3,420,0,0.612,61.27,HIGH
13,8,113,1,0.682,46.36,CRITICAL
12,8,517,2,0.77,33.08,CRITICAL
1,0,427,3,0.0,74.15,MEDIUM
12,5,258,3,0.258,42.87,CRITICAL
2,1,704,2,0.946,77.21,HIGH
3,0,99,1,0.0,99.85,LOW
4,0,370,2,0.016,78.61,LOW
15,2,398,1,0.17,75.22,MEDIUM
13,4,102,2,0.271,67.48,HIGH
12,5,504,2,0.46,34.49,CRITICAL
5,4,296,3,0.951,49.33,CRITICAL
4,0,655,3,0.0,82.0,MEDIUM
13,2,243,2,0.161,65.76,MEDIUM
7,5,290,1,0.802,48.86,CRITICAL
15,0,423,0,0.0,84.04,LOW
12,1,290,1,0.0,83.58,LOW
8,4,49,1,0.484,66.7,HIGH
9,7,655,2,0.849,51.16,CRITICAL
5,4,444,2,1.0,39.21,CRITICAL
1,0,80,0,0.0,98.03,LOW
12,1,527,1,0.059,63.79,MEDIUM
10,1,667,2,0.131,70.46,HIGH
9,3,83,2,0.384,64.55,HIGH
10,5,637,2,0.392,40.58,CRITICAL
6,0,521,1,0.0,77.2,LOW
10,7,526,1,0.815,33.91,CRITICAL
6,5,101,1,1.0,58.0,CRITICAL
9,7,591,3,0.861,36.54,CRITICAL
7,1,239,1,0.195,86.31,LOW
5,2,682,0,0.509,64.43,MEDIUM
2,1,437,2,1.0,74.55,HIGH
14,6,277,2,0.415,43.67,CRITICAL
12,8,683,2,0.804,31.07,CRITICAL
13,0,140,0,0.018,88.92,LOW
1,0,529,3,0.056,78.47,MEDIUM
10,6,337,3,0.489,30.27,CRITICAL
1,0,69,0,0.0,87.71,LOW
11,5,581,2,0.61,43.44,CRITICAL
3,1,496,3,0.456,65.82,HIGH
15,2,716,2,0.117,70.08,HIGH
1,0,551,0,0.0,75.44,LOW
4,3,270,3,1.0,68.92,CRITICAL
8,4,381,0,0.579,41.43,CRITICAL
1,0,555,3,0.085,79.4,MEDIUM
12,8,53,1,0.742,49.84,CRITICAL
7,6,447,0,0.955,40.77,CRITICAL
7,0,548,1,0.0,79.73,LOW
15,6,343,1,0.306,39.59,CRITICAL
10,2,626,1,0.037,74.78,MEDIUM
2,1,451,2,1.0,75.89,HIGH
10,3,157,1,0.31,73.43,MEDIUM
14,7,17,2,0.542,51.27,CRITICAL
11,7,326,3,0.706,35.94,CRITICAL
9,6,9,0,0.788,49.77,CRITICAL
3,2,499,2,0.869,70.28,HIGH
4,1,117,1,0.382,78.64,MEDIUM
6,5,256,2,1.0,54.04,CRITICAL
7,6,655,1,1.0,22.74,CRITICAL
10,6,42,1,0.607,47.47,CRITICAL
12,5,470,3,0.482,35.98,CRITICAL
8,7,239,2,0.986,46.59,CRITICAL
13,5,493,2,0.463,36.9,CRITICAL
6,3,65,2,0.551,78.01,HIGH
6,2,723,2,0.368,62.65,HIGH
12,0,142,0,0.077,91.56,LOW
10,3,660,1,0.421,55.12,HIGH
7,3,563,0,0.423,63.18,HIGH
9,5,45,3,0.692,63.16,CRITICAL
9,2,232,3,0.391,77.61,HIGH
14,2,491,2,0.223,56.37,HIGH
2,1,243,3,1.0,74.07,HIGH
6,3,222,2,0.742,54.34,CRITICAL
7,3,322,3,0.45,62.53,CRITICAL
13,0,666,2,0.0,68.75,MEDIUM
10,5,400,3,0.524,45.25,CRITICAL
5,4,352,0,0.949,50.35,CRITICAL
10,7,281,3,0.886,21.5,CRITICAL
15,3,259,0,0.341,72.07,MEDIUM
7,5,633,2,0.81,41.6,CRITICAL
1,0,307,3,0.071,90.48,MEDIUM
7,2,449,2,0.514,64.55,HIGH
5,0,168,2,0.0,95.48,LOW
1,0,703,2,0.058,74.02,MEDIUM
4,3,593,0,1.0,60.2,HIGH
10,0,314,0,0.04,91.17,LOW
15,3,91,1,0.24,75.93,HIGH
8,5,376,0,0.659,29.02,CRITICAL
4,0,431,1,0.009,85.18,LOW
13,6,160,0,0.543,39.06,CRITICAL
14,0,436,2,0.0,76.87,MEDIUM
4,3,352,2,1.0,53.84,CRITICAL
1,0,401,2,0.0,80.97,LOW
7,6,395,3,1.0,31.47,CRITICAL
2,1,121,0,0.995,87.84,MEDIUM
5,4,387,2,1.0,53.84,CRITICAL
15,7,514,0,0.471,31.66,CRITICAL
11,0,545,2,0.008,86.2,LOW
1,0,186,0,0.0,86.51,LOW
13,3,301,0,0.394,52.41,MEDIUM
5,4,620,1,0.991,48.28,CRITICAL
8,2,211,1,0.197,76.2,MEDIUM
12,8,230,2,0.702,42.34,CRITICAL
9,3,403,1,0.289,62.05,HIGH
8,5,218,3,0.741,35.48,CRITICAL
4,0,531,2,0.0,68.96,MEDIUM
7,0,268,3,0.0,81.54,MEDIUM
7,6,722,2,0.896,33.96,CRITICAL
9,6,433,0,0.876,44.36,CRITICAL
15,4,448,0,0.302,48.72,HIGH
7,6,311,2,0.917,37.78,CRITICAL
14,5,366,0,0.584,39.07,HIGH
4,3,459,3,0.877,63.71,CRITICAL
11,1,562,2,0.044,74.02,MEDIUM
9,3,88,2,0.322,74.19,HIGH
5,4,666,1,0.909,53.04,CRITICAL
11,5,210,2,0.545,47.79,CRITICAL
11,3,640,3,0.219,49.97,CRITICAL
1,0,723,0,0.0,75.71,LOW
5,2,612,1,0.521,59.06,HIGH
8,2,436,0,0.24,60.65,MEDIUM
12,2,265,3,0.198,65.77,HIGH
8,1,21,3,0.001,92.75,MEDIUM
14,1,427,2,0.223,71.36,MEDIUM
7,1,136,0,0.079,78.26,LOW
2,1,560,3,1.0,70.17,CRITICAL
2,1,302,1,1.0,71.11,HIGH
6,0,19,2,0.078,100.0,LOW
8,5,451,3,0.795,39.41,CRITICAL
10,8,129,1,0.926,40.61,CRITICAL
6,3,489,0,0.426,61.57,HIGH
9,2,464,3,0.281,56.11,HIGH
11,6,684,2,0.598,24.95,CRITICAL
7,1,675,1,0.232,79.68,MEDIUM
9,6,64,1,0.904,58.14,CRITICAL
9,4,88,2,0.499,62.18,CRITICAL
11,4,276,1,0.342,48.49,HIGH
5,4,29,3,0.922,72.84,CRITICAL
7,2,249,1,0.322,64.75,HIGH
3,2,79,3,1.0,79.38,HIGH
6,4,542,1,0.848,34.7,CRITICAL
3,2,319,0,0.865,60.06,HIGH
12,1,685,0,0.035,76.77,LOW
12,6,314,2,0.395,44.94,CRITICAL
5,2,480,1,0.47,61.85,HIGH
3,2,274,3,1.0,64.52,CRITICAL
4,3,541,3,0.992,57.5,CRITICAL
11,6,631,2,0.661,29.33,CRITICAL
11,3,40,0,0.338,76.63,MEDIUM
12,7,405,3,0.568,20.12,CRITICAL
4,3,230,0,0.998,48.21,HIGH
6,4,312,1,0.887,48.4,CRITICAL
14,0,98,0,0.0,94.83,LOW
7,1,283,0,0.044,84.21,LOW
1,0,175,3,0.084,99.88,MEDIUM
6,1,86,0,0.207,86.25,LOW
14,5,231,0,0.39,55.8,CRITICAL
13,6,76,2,0.43,46.7,CRITICAL
12,6,632,2,0.507,43.19,CRITICAL
11,8,299,0,0.903,36.26,CRITICAL
14,0,504,2,0.0,76.46,LOW
6,5,409,2,0.921,40.88,CRITICAL
13,0,149,2,0.0,94.07,MEDIUM
7,1,723,0,0.192,70.08,MEDIUM
15,8,359,3,0.724,33.7,CRITICAL
11,4,233,2,0.283,50.14,HIGH
3,2,407,3,1.0,75.65,CRITICAL
1,0,495,3,0.056,75.89,MEDIUM
11,4,378,3,0.496,55.44,CRITICAL
6,5,604,3,1.0,44.31,CRITICAL
6,0,82,1,0.0,91.55,LOW
12,3,238,1,0.396,69.07,HIGH
2,1,213,0,0.947,84.67,MEDIUM
12,6,90,0,0.613,49.64,CRITICAL
8,6,123,1,0.867,45.22,CRITICAL
3,2,196,0,0.997,77.16,MEDIUM
12,3,581,1,0.171,63.26,HIGH
12,0,327,3,0.03,82.89,MEDIUM
11,4,618,0,0.376,46.95,HIGH
1,0,238,0,0.022,86.17,LOW
14,8,517,3,0.819,25.56,CRITICAL
2,1,565,1,0.934,68.65,HIGH
11,4,714,0,0.507,47.81,CRITICAL
4,3,138,0,0.93,72.09,HIGH
15,2,536,2,0.234,73.2,HIGH
15,6,375,2,0.349,32.03,CRITICAL
6,4,377,2,0.642,41.82,CRITICAL
8,2,509,1,0.267,62.95,MEDIUM
3,2,109,1,0.983,85.63,HIGH
7,0,587,1,0.088,76.97,LOW
12,1,381,2,0.102,72.72,MEDIUM
3,1,31,0,0.499,88.91,LOW
11,1,637,1,0.135,72.3,MEDIUM
5,4,713,2,0.877,35.21,CRITICAL
15,1,301,2,0.076,68.37,MEDIUM
12,4,692,2,0.406,47.58,CRITICAL
9,3,337,1,0.452,59.22,HIGH
11,7,570,0,0.583,29.24,CRITICAL
4,0,491,2,0.016,83.48,MEDIUM
14,7,293,3,0.575,49.91,CRITICAL
15,4,325,0,0.38,52.32,HIGH
8,3,535,3,0.281,46.64,CRITICAL
5,1,108,2,0.225,84.22,MEDIUM
3,2,232,0,0.964,66.34,HIGH
2,1,133,1,1.0,81.68,MEDIUM
10,6,120,0,0.689,54.16,CRITICAL
2,1,131,1,0.891,80.42,MEDIUM
14,6,567,3,0.561,38.59,CRITICAL
12,5,699,2,0.595,34.65,CRITICAL
13,2,112,2,0.089,64.42,MEDIUM
6,3,75,3,0.639,66.76,CRITICAL
6,0,346,2,0.0,84.05,LOW
12,2,667,2,0.167,62.33,HIGH
1,0,638,0,0.016,94.68,LOW
9,8,352,0,0.871,34.88,CRITICAL
13,6,660,1,0.506,20.62,CRITICAL
9,6,710,2,0.924,35.94,CRITICAL
12,2,475,1,0.098,68.8,MEDIUM
5,4,272,0,0.938,63.4,CRITICAL
6,2,633,2,0.331,66.57,HIGH
10,8,379,1,0.861,37.01,CRITICAL
5,0,387,0,0.0,81.39,LOW
14,0,101,2,0.0,100.0,LOW
2,1,579,0,1.0,73.29,MEDIUM
12,5,131,3,0.468,56.04,CRITICAL
7,6,552,0,1.0,31.51,CRITICAL
6,3,300,2,0.703,69.91,CRITICAL
13,4,228,0,0.175,53.91,HIGH
2,1,477,2,1.0,84.44,HIGH
11,1,378,0,0.036,66.17,LOW
13,5,572,1,0.385,36.99,CRITICAL
2,1,372,2,0.866,66.38,HIGH
3,0,478,2,0.04,75.38,MEDIUM
3,2,338,0,0.95,56.54,HIGH
14,6,251,3,0.452,36.06,CRITICAL
4,3,622,2,1.0,46.98,CRITICAL
4,3,455,0,1.0,59.93,HIGH
11,8,208,1,0.85,35.99,CRITICAL
11,6,418,1,0.664,33.23,CRITICAL
12,2,223,2,0.228,75.71,HIGH
6,0,168,2,0.038,85.87,LOW
9,0,490,1,0.0,80.61,LOW
1,0,154,2,0.0,90.02,LOW
3,0,628,2,0.0,77.5,MEDIUM
2,1,498,2,0.904,76.01,HIGH
1,0,480,3,0.0,70.64,MEDIUM
4,3,335,1,1.0,60.14,CRITICAL
1,0,187,0,0.019,99.34,LOW
1,0,441,0,0.0,83.59,LOW
4,3,575,2,1.0,48.12,CRITICAL
5,0,42,0,0.0,100.0,LOW
11,1,491,2,0.032,66.24,MEDIUM
5,4,375,2,1.0,44.91,CRITICAL
14,5,680,1,0.434,49.84,CRITICAL
6,4,486,2,0.751,39.73,CRITICAL
5,4,56,0,1.0,75.61,HIGH
10,2,697,0,0.209,68.05,MEDIUM
5,3,68,1,0.597,73.01,HIGH
14,1,364,0,0.0,76.74,MEDIUM
12,7,504,3,0.609,33.57,CRITICAL
13,5,20,0,0.413,61.41,HIGH
9,2,469,0,0.461,63.23,MEDIUM
14,1,77,3,0.097,86.35,MEDIUM
15,4,303,3,0.325,58.27,CRITICAL
4,1,723,2,0.358,72.51,MEDIUM
12,2,382,1,0.172,66.04,MEDIUM
11,7,556,3,0.595,39.63,CRITICAL
13,2,167,0,0.0,71.34,MEDIUM
11,5,312,0,0.575,30.56,CRITICAL
5,4,407,1,1.0,47.61,CRITICAL
10,6,702,2,0.652,22.04,CRITICAL
6,5,386,1,0.992,37.11,CRITICAL
5,2,471,1,0.568,53.34,HIGH
7,6,94,0,1.0,60.85,CRITICAL
6,5,61,1,1.0,53.37,CRITICAL
3,2,292,3,1.0,74.52,CRITICAL
3,2,492,0,0.95,63.55,HIGH
8,2,32,1,0.284,79.03,MEDIUM
11,0,136,1,0.069,84.41,LOW
1,0,107,3,0.066,93.86,LOW
10,5,82,2,0.553,44.63,CRITICAL
2,1,1,0,1.0,95.17,MEDIUM
14,7,120,1,0.67,40.44,CRITICAL
12,0,260,3,0.0,83.3,MEDIUM
6,4,475,3,0.681,57.64,CRITICAL
2,1,202,3,1.0,78.33,HIGH
3,2,194,2,1.0,82.9,HIGH
4,3,344,2,1.0,57.85,HIGH
8,6,215,3,0.896,44.81,CRITICAL
14,8,345,1,0.642,32.76,CRITICAL
8,7,222,3,1.0,49.27,CRITICAL
7,5,160,1,0.882,55.25,CRITICAL
15,6,333,2,0.473,35.19,CRITICAL
5,4,44,3,0.819,60.67,CRITICAL
2,0,63,0,0.024,96.06,LOW
11,6,453,2,0.482,39.32,CRITICAL
4,3,162,0,1.0,66.29,HIGH
8,7,523,3,1.0,34.93,CRITICAL
12,0,450,2,0.012,81.83,LOW
10,7,388,2,0.892,30.59,CRITICAL
14,1,173,2,0.0,86.93,MEDIUM
3,1,50,2,0.324,88.73,MEDIUM
9,1,486,3,0.122,60.65,MEDIUM
4,3,110,1,0.934,69.6,HIGH
10,3,532,2,0.28,67.57,HIGH
3,2,144,3,0.983,66.47,CRITICAL
10,0,331,2,0.0,77.19,LOW
9,8,243,1,1.0,34.9,CRITICAL
11,3,48,2,0.27,74.12,HIGH
9,5,79,2,0.577,48.25,CRITICAL
10,4,723,1,0.477,51.81,CRITICAL
11,2,729,3,0.269,68.37,CRITICAL
5,0,287,2,0.033,90.44,LOW
12,8,62,1,0.698,48.09,CRITICAL
6,0,134,0,0.0,95.08,LOW
4,3,233,3,1.0,55.87,CRITICAL
11,6,94,2,0.727,49.46,CRITICAL
2,1,632,3,1.0,73.84,HIGH
10,4,166,1,0.46,56.34,HIGH
2,0,612,2,0.01,85.59,LOW
2,1,310,2,1.0,71.99,HIGH
12,3,31,2,0.253,74.6,HIGH
15,8,455,0,0.635,35.48,CRITICAL
13,2,360,1,0.27,54.91,HIGH
5,3,260,2,0.776,53.86,CRITICAL
14,0,391,1,0.067,76.48,LOW
8,5,665,1,0.651,47.42,CRITICAL
2,1,353,2,0.966,81.63,HIGH
7,1,281,2,0.086,72.24,MEDIUM
12,3,518,0,0.22,55.97,HIGH
12,6,35,2,0.6,38.7,CRITICAL
10,3,282,2,0.47,66.36,CRITICAL
15,8,445,3,0.463,31.78,CRITICAL
5,4,407,2,1.0,43.84,CRITICAL
13,1,219,2,0.166,77.3,MEDIUM
13,1,674,3,0.093,69.77,HIGH
15,2,532,0,0.194,52.24,MEDIUM
13,5,114,2,0.385,60.17,CRITICAL
1,0,174,3,0.0,86.51,MEDIUM
7,6,232,3,0.98,30.7,CRITICAL
1,0,578,0,0.0,83.88,LOW
7,5,463,0,0.893,45.99,CRITICAL
9,6,306,1,0.692,27.95,CRITICAL
2,1,475,1,0.845,64.58,MEDIUM
1,0,115,1,0.0,100.0,LOW
10,7,516,0,0.777,35.06,CRITICAL
5,3,709,2,0.626,62.14,CRITICAL
13,2,216,2,0.085,70.59,MEDIUM
15,4,670,2,0.275,58.9,CRITICAL
6,4,569,3,0.652,54.8,CRITICAL
2,1,202,3,0.987,74.71,HIGH
15,6,378,0,0.293,29.49,CRITICAL
12,2,725,3,0.228,62.04,CRITICAL
14,2,167,1,0.253,80.66,MEDIUM
12,0,164,0,0.0,88.51,LOW
10,3,493,0,0.313,54.69,HIGH
5,4,359,0,0.998,52.58,CRITICAL
5,4,110,2,1.0,67.25,CRITICAL
9,4,516,0,0.587,53.98,HIGH
8,5,46,3,0.545,58.76,CRITICAL
11,0,531,3,0.089,66.62,MEDIUM
15,0,470,0,0.0,73.01,LOW
13,4,355,3,0.358,46.03,CRITICAL
4,2,82,1,0.731,78.14,HIGH
8,3,295,0,0.518,49.27,HIGH
4,1,704,2,0.366,72.04,HIGH
10,8,205,3,0.918,41.56,CRITICAL
11,2,283,0,0.067,62.0,LOW
3,2,102,3,1.0,72.71,CRITICAL
12,5,92,2,0.415,56.81,CRITICAL
12,5,129,0,0.474,53.79,HIGH
5,4,164,1,1.0,67.82,CRITICAL
3,2,620,3,0.925,61.13,CRITICAL
11,1,319,1,0.144,84.12,LOW
5,4,368,1,1.0,53.57,CRITICAL
4,2,513,3,0.729,63.88,CRITICAL
14,7,318,0,0.389,38.42,CRITICAL
12,5,242,3,0.529,40.28,CRITICAL
14,6,103,0,0.614,45.02,CRITICAL
4,3,392,3,1.0,57.54,CRITICAL
14,1,383,1,0.086,75.39,MEDIUM
8,3,690,2,0.51,45.79,CRITICAL
5,4,472,0,1.0,52.06,CRITICAL
11,6,686,2,0.639,38.33,CRITICAL
15,7,450,2,0.374,33.61,CRITICAL
5,0,597,1,0.0,72.13,LOW
5,4,523,3,0.945,46.05,CRITICAL
15,4,233,3,0.226,51.91,CRITICAL
7,6,530,2,0.996,25.9,CRITICAL
4,1,558,1,0.408,76.56,MEDIUM
2,1,115,2,1.0,80.31,HIGH
10,6,162,2,0.603,45.0,CRITICAL
9,1,455,2,0.025,58.81,MEDIUM
4,3,378,2,0.995,51.38,CRITICAL
6,5,469,1,0.999,48.75,CRITICAL
6,4,702,1,0.891,50.23,CRITICAL
12,2,562,3,0.332,59.71,HIGH
8,5,239,0,0.744,48.85,CRITICAL
2,1,706,1,0.936,67.42,HIGH
8,5,314,2,0.648,44.9,CRITICAL
7,3,351,1,0.619,52.65,HIGH
12,6,277,2,0.622,34.87,CRITICAL
6,5,159,0,1.0,45.81,CRITICAL
5,4,164,3,1.0,48.27,CRITICAL
3,2,485,3,1.0,71.56,CRITICAL
14,4,653,3,0.191,34.85,CRITICAL
9,0,714,2,0.051,76.89,MEDIUM
13,5,226,1,0.366,50.06,CRITICAL
12,5,467,0,0.41,33.7,CRITICAL
3,2,348,3,0.902,63.61,HIGH
6,5,220,2,1.0,45.64,CRITICAL
11,6,415,3,0.663,36.27,CRITICAL
5,4,654,3,0.99,45.09,CRITICAL
2,0,216,2,0.087,98.43,LOW
4,3,82,1,0.967,77.05,HIGH
2,1,328,1,1.0,73.16,HIGH
11,4,23,2,0.282,61.13,HIGH
10,3,419,2,0.305,52.47,HIGH
11,1,54,2,0.072,87.75,MEDIUM
7,3,445,3,0.496,49.48,HIGH
7,2,487,2,0.541,66.28,HIGH
10,3,375,0,0.326,55.05,MEDIUM
13,5,393,2,0.572,41.0,CRITICAL
9,3,671,1,0.52,63.32,HIGH
14,5,493,2,0.441,31.1,CRITICAL
1,0,515,0,0.013,72.09,LOW
8,0,419,1,0.034,81.57,LOW
3,0,553,2,0.0,83.26,MEDIUM
15,1,178,0,0.116,88.61,LOW
14,4,6,0,0.393,66.0,HIGH
15,5,652,3,0.296,36.5,CRITICAL
3,0,214,3,0.035,84.22,MEDIUM
13,2,101,2,0.097,65.44,MEDIUM
8,1,291,0,0.129,79.88,LOW
12,5,115,0,0.475,70.07,CRITICAL
10,0,680,1,0.0,72.5,LOW
2,1,454,3,0.94,70.16,CRITICAL
12,2,169,3,0.012,85.73,HIGH
7,5,674,1,0.796,38.4,CRITICAL
13,7,255,1,0.46,31.9,CRITICAL
4,3,439,2,0.944,69.84,CRITICAL
3,2,625,1,1.0,64.0,HIGH
10,6,422,3,0.58,31.6,CRITICAL
8,7,148,2,0.954,37.29,CRITICAL
10,1,672,2,0.262,68.11,MEDIUM
5,3,615,0,0.87,52.6,HIGH
11,4,599,2,0.293,54.78,CRITICAL
7,3,727,3,0.45,58.33,CRITICAL
14,4,599,2,0.302,58.19,CRITICAL
10,3,665,2,0.262,56.27,CRITICAL
8,3,130,2,0.499,68.52,HIGH
1,0,39,1,0.0,100.0,LOW
6,5,290,0,0.948,47.92,CRITICAL
1,0,687,2,0.056,85.8,MEDIUM
9,0,71,1,0.063,84.19,LOW
5,4,189,3,1.0,57.53,CRITICAL
4,3,649,2,0.988,58.76,CRITICAL
5,3,223,1,0.807,63.51,HIGH
6,5,635,1,0.945,42.06,CRITICAL
10,8,577,3,0.818,33.46,CRITICAL
13,2,163,3,0.14,70.87,HIGH
7,3,404,0,0.563,55.03,HIGH
11,0,569,3,0.027,89.92,MEDIUM
8,6,594,0,0.888,26.81,CRITICAL
3,2,307,2,0.858,67.15,HIGH
8,1,727,0,0.123,64.37,LOW
14,2,444,1,0.174,61.36,MEDIUM
2,1,136,2,0.969,82.25,HIGH
9,7,464,1,0.83,30.85,CRITICAL
13,8,459,1,0.801,28.03,CRITICAL
11,4,147,2,0.348,66.45,HIGH
2,1,619,0,1.0,72.26,HIGH
11,0,87,2,0.027,87.56,LOW
5,1,49,2,0.142,90.28,MEDIUM
10,5,12,2,0.52,52.51,CRITICAL
3,0,625,2,0.0,76.86,MEDIUM
9,2,570,3,0.313,76.35,CRITICAL
12,8,332,2,0.656,36.04,CRITICAL
14,6,540,0,0.361,37.8,CRITICAL
10,5,660,0,0.509,41.75,CRITICAL
7,4,608,3,0.598,53.84,CRITICAL
4,3,93,3,1.0,69.46,CRITICAL
1,0,523,1,0.0,82.9,LOW
7,6,32,3,0.877,48.96,CRITICAL
4,3,596,3,1.0,49.23,CRITICAL
1,0,516,0,0.064,71.53,LOW
10,8,617,3,0.882,39.46,CRITICAL
7,1,622,2,0.206,69.68,MEDIUM
8,2,379,3,0.416,67.87,HIGH
3,2,570,2,0.935,78.4,HIGH
1,0,333,2,0.087,84.85,LOW
12,6,43,2,0.544,45.7,CRITICAL
9,8,25,1,1.0,51.97,CRITICAL
11,0,14,1,0.013,100.0,LOW
13,6,312,3,0.709,34.7,CRITICAL
8,0,29,3,0.071,100.0,LOW
14,8,639,2,0.411,29.86,CRITICAL
6,5,478,0,1.0,40.28,CRITICAL
11,3,635,0,0.339,56.33,HIGH
7,4,359,3,0.726,45.99,CRITICAL
14,3,471,3,0.211,56.48,HIGH
1,0,680,3,0.0,73.89,MEDIUM
4,3,11,2,0.884,83.84,CRITICAL
1,0,453,3,0.022,75.0,MEDIUM
15,3,248,1,0.157,58.0,HIGH
4,2,43,0,0.647,78.09,MEDIUM
15,6,221,1,0.49,37.67,CRITICAL
7,1,378,3,0.175,77.12,HIGH
4,3,375,2,0.872,56.27,CRITICAL
4,3,565,3,1.0,47.43,CRITICAL
7,6,52,2,1.0,39.6,CRITICAL
5,0,32,3,0.093,93.39,LOW
13,8,415,2,0.763,30.28,CRITICAL
2,1,139,0,0.941,86.08,MEDIUM
15,3,293,2,0.282,68.44,HIGH
11,7,31,2,0.754,48.94,CRITICAL
13,4,546,1,0.32,47.39,CRITICAL
13,5,332,1,0.43,35.7,CRITICAL
3,0,211,1,0.063,97.59,LOW
1,0,698,0,0.12,76.34,LOW
2,1,456,3,1.0,63.45,HIGH
10,7,670,2,0.749,27.4,CRITICAL
13,1,349,0,0.184,72.48,MEDIUM
11,0,498,1,0.019,77.99,LOW
5,4,134,2,0.975,60.83,CRITICAL
14,5,338,2,0.413,34.43,CRITICAL
9,1,644,3,0.162,74.72,HIGH
8,3,184,3,0.328,67.02,CRITICAL
6,2,260,0,0.416,62.86,MEDIUM
1,0,280,3,0.025,85.21,MEDIUM
7,4,91,0,0.642,67.18,HIGH
5,4,321,2,0.994,53.67,CRITICAL
11,7,33,3,0.742,43.58,CRITICAL
5,4,684,0,0.952,49.99,CRITICAL
8,0,647,0,0.045,78.16,LOW
12,7,97,0,0.796,52.63,CRITICAL
3,0,251,2,0.0,83.05,LOW
2,1,332,3,1.0,84.43,HIGH
14,3,589,0,0.28,63.49,HIGH
11,5,355,3,0.484,37.2,CRITICAL
4,0,163,1,0.0,90.84,LOW
7,3,497,2,0.441,52.74,HIGH
2,1,50,3,0.927,87.35,HIGH
14,1,379,2,0.033,67.7,MEDIUM
15,4,211,1,0.213,51.69,HIGH
9,7,209,0,0.869,42.89,CRITICAL
10,6,652,2,0.739,26.01,CRITICAL
4,1,474,2,0.207,70.32,MEDIUM
15,1,439,2,0.026,79.62,MEDIUM
4,3,648,1,0.977,51.32,CRITICAL
12,1,361,2,0.041,70.99,MEDIUM
5,4,550,2,0.959,50.19,CRITICAL
2,1,331,1,0.811,82.32,MEDIUM
15,2,480,2,0.182,64.63,HIGH
13,2,40,3,0.138,85.07,HIGH
15,2,303,0,0.245,59.6,MEDIUM
14,5,387,1,0.446,44.21,CRITICAL
14,7,240,2,0.39,42.11,CRITICAL
3,2,537,0,1.0,63.66,HIGH
10,6,133,3,0.645,38.04,CRITICAL
9,1,19,2,0.011,98.32,LOW
13,6,291,0,0.345,41.69,CRITICAL
7,6,631,1,0.903,35.9,CRITICAL
12,1,59,3,0.223,86.1,MEDIUM
9,2,405,2,0.226,64.17,HIGH
8,3,701,3,0.565,50.26,CRITICAL
14,6,446,3,0.432,22.04,CRITICAL
4,3,143,0,1.0,60.09,HIGH
8,2,611,3,0.36,77.19,HIGH
7,2,530,0,0.173,70.76,MEDIUM
12,0,725,3,0.082,83.51,MEDIUM
1,0,374,0,0.0,75.27,LOW
2,1,402,3,1.0,64.84,CRITICAL
4,3,544,1,0.863,61.3,HIGH
7,6,103,2,0.947,46.86,CRITICAL
2,0,656,1,0.048,89.86,LOW
1,0,328,2,0.059,78.57,LOW
7,4,649,0,0.528,42.72,CRITICAL
8,0,262,3,0.0,90.31,MEDIUM
7,5,516,0,0.825,42.51,CRITICAL
13,5,47,3,0.51,37.61,CRITICAL
9,0,307,0,0.02,78.97,LOW
9,8,146,3,0.838,35.2,CRITICAL
14,8,143,2,0.747,40.0,CRITICAL
8,5,614,2,0.674,33.67,CRITICAL
6,2,369,3,0.309,71.31,HIGH
11,5,553,3,0.256,36.73,CRITICAL
15,3,312,2,0.043,58.81,MEDIUM
9,2,233,2,0.347,67.91,MEDIUM
5,4,658,3,0.903,61.89,CRITICAL
13,6,654,3,0.489,27.0,CRITICAL
3,2,58,1,0.96,75.17,HIGH
15,3,391,2,0.188,49.54,HIGH
15,7,397,2,0.453,30.53,CRITICAL
5,3,730,3,0.746,57.66,CRITICAL
5,4,721,1,0.947,50.11,CRITICAL
5,3,217,0,0.725,69.0,HIGH
15,3,615,1,0.206,53.06,HIGH
6,5,675,2,0.922,39.11,CRITICAL
2,1,192,1,0.991,73.59,MEDIUM
10,1,522,0,0.196,72.23,MEDIUM
3,2,332,2,0.914,60.15,HIGH
5,3,729,3,0.89,57.11,CRITICAL
12,1,409,3,0.004,76.2,HIGH
7,6,533,3,0.904,32.51,CRITICAL
9,0,211,1,0.2,91.65,LOW
6,4,252,0,0.884,59.54,CRITICAL
10,6,596,1,0.821,23.84,CRITICAL
10,4,122,3,0.41,49.64,CRITICAL
6,2,110,3,0.522,79.14,HIGH
4,3,382,1,1.0,59.83,HIGH
10,4,597,3,0.446,52.6,CRITICAL
12,3,339,1,0.235,51.3,HIGH
9,7,594,3,0.838,31.98,CRITICAL
9,8,489,3,1.0,29.93,CRITICAL
1,0,286,3,0.0,89.89,LOW
10,4,532,0,0.361,51.79,HIGH
4,0,177,1,0.0,93.12,LOW
9,0,29,1,0.006,98.7,LOW
13,8,51,3,0.628,50.9,CRITICAL
8,2,618,1,0.288,59.58,MEDIUM
4,3,114,0,1.0,71.69,HIGH
9,3,551,1,0.443,45.1,CRITICAL
6,5,189,1,1.0,42.91,CRITICAL
1,0,11,2,0.048,96.85,LOW
1,0,605,0,0.0,96.37,LOW
6,5,380,0,0.935,39.72,CRITICAL
2,1,510,1,1.0,67.98,HIGH
1,0,2,0,0.0,88.0,LOW
11,6,397,3,0.568,33.9,CRITICAL
2,1,61,1,0.948,88.59,HIGH
11,7,17,1,0.543,55.18,CRITICAL
2,1,146,3,0.998,84.2,HIGH
12,8,84,3,0.849,44.22,CRITICAL
10,4,41,3,0.38,59.03,CRITICAL
8,7,477,0,0.872,34.3,CRITICAL
2,1,494,3,1.0,83.03,CRITICAL
13,3,590,2,0.145,52.87,HIGH
15,6,684,0,0.212,40.81,CRITICAL
13,6,206,3,0.319,49.0,CRITICAL
14,3,169,0,0.387,67.05,MEDIUM
4,3,414,1,1.0,54.84,CRITICAL
3,2,265,3,0.99,71.76,CRITICAL
7,5,291,3,0.998,40.93,CRITICAL
12,1,662,1,0.065,66.31,MEDIUM
12,8,683,2,0.728,31.2,CRITICAL
15,6,367,2,0.403,30.4,CRITICAL
4,2,397,0,0.7,63.81,HIGH
10,1,571,0,0.077,67.92,LOW
6,5,186,2,1.0,50.59,CRITICAL
4,3,240,0,0.967,64.05,HIGH
8,6,360,1,0.681,32.56,CRITICAL
10,5,673,1,0.586,47.32,CRITICAL
3,2,397,1,0.941,66.12,HIGH
10,2,190,1,0.195,69.19,MEDIUM
3,2,6,1,1.0,86.73,HIGH
4,3,140,3,1.0,71.46,CRITICAL
11,6,595,3,0.657,19.33,CRITICAL
9,1,195,3,0.122,80.81,MEDIUM
3,2,547,2,1.0,69.65,CRITICAL
2,1,244,2,1.0,68.64,HIGH
3,0,421,0,0.0,97.97,LOW
5,4,284,2,1.0,51.29,CRITICAL
8,0,382,2,0.0,86.68,LOW
5,4,258,0,0.961,47.71,CRITICAL
3,2,538,3,1.0,64.17,CRITICAL
1,0,302,1,0.083,86.85,LOW
11,3,652,1,0.268,64.81,HIGH
10,3,191,1,0.386,80.97,HIGH
14,5,143,3,0.423,41.22,CRITICAL
2,1,404,1,1.0,68.3,HIGH
13,6,148,1,0.51,41.91,CRITICAL
9,2,375,1,0.231,65.31,MEDIUM
12,0,492,0,0.01,79.55,LOW
15,1,677,0,0.065,69.43,LOW
11,7,48,3,0.708,49.62,CRITICAL
2,1,381,3,1.0,60.52,HIGH
6,5,83,3,1.0,61.14,CRITICAL
4,0,573,2,0.0,75.94,LOW
14,3,219,1,0.198,56.96,HIGH
8,0,707,0,0.0,84.18,LOW
9,2,18,2,0.214,87.06,MEDIUM
4,3,58,2,0.968,61.37,HIGH
14,6,434,1,0.576,45.23,CRITICAL
13,7,25,1,0.537,36.42,CRITICAL
3,2,336,0,1.0,71.4,HIGH
11,2,162,0,0.193,75.66,MEDIUM
13,6,453,3,0.464,31.11,CRITICAL
7,2,78,0,0.32,93.86,MEDIUM
11,1,392,3,0.152,67.22,MEDIUM
6,5,594,1,1.0,43.43,CRITICAL
7,5,667,1,0.748,32.77,CRITICAL
6,2,422,1,0.275,65.7,MEDIUM
6,0,216,0,0.174,86.33,LOW
3,2,216,0,1.0,75.02,HIGH
14,7,297,3,0.717,47.19,CRITICAL
2,1,198,0,0.789,90.31,MEDIUM
1,0,474,0,0.035,78.57,LOW
8,1,297,2,0.115,73.23,MEDIUM
2,1,292,2,1.0,80.44,HIGH
13,6,46,0,0.501,42.14,CRITICAL
6,1,499,0,0.279,64.45,MEDIUM
5,4,618,2,1.0,56.08,CRITICAL
5,4,122,1,1.0,52.3,CRITICAL
9,2,594,2,0.372,64.95,HIGH
12,3,728,1,0.392,50.02,HIGH
7,1,77,0,0.201,97.6,LOW
4,3,239,1,1.0,70.99,HIGH
14,4,223,3,0.334,51.11,CRITICAL
9,2,315,3,0.179,53.62,HIGH
8,2,558,0,0.421,59.53,MEDIUM
14,8,283,2,0.617,44.41,CRITICAL
7,3,726,2,0.395,56.8,CRITICAL
3,2,521,1,1.0,67.1,CRITICAL
3,2,105,0,0.977,64.99,MEDIUM
12,6,152,0,0.564,50.75,CRITICAL
2,1,319,2,1.0,74.68,HIGH
11,5,590,0,0.488,39.53,CRITICAL
12,4,347,0,0.347,41.0,HIGH
5,4,547,1,0.905,51.17,CRITICAL
12,7,131,1,0.517,41.34,CRITICAL
12,0,71,3,0.007,97.61,LOW
15,5,1,2,0.182,53.8,CRITICAL
9,5,109,2,0.703,52.73,CRITICAL
4,1,559,3,0.316,67.87,HIGH
6,1,428,0,0.242,65.76,LOW
10,0,364,2,0.042,74.34,LOW
4,0,128,2,0.216,85.13,LOW
15,3,668,2,0.25,59.28,HIGH
14,8,55,0,0.404,53.32,CRITICAL
2,1,625,2,1.0,71.78,HIGH
4,1,169,2,0.466,87.6,MEDIUM
13,5,69,1,0.335,56.04,CRITICAL
8,5,93,3,0.818,52.64,CRITICAL
1,0,119,1,0.0,98.21,LOW
12,6,130,1,0.746,40.2,CRITICAL
1,0,573,1,0.0,68.66,MEDIUM
10,1,650,0,0.082,76.56,LOW
10,4,616,0,0.377,52.45,HIGH
14,8,560,2,0.673,27.01,CRITICAL
15,2,176,3,0.181,74.36,HIGH
7,1,116,0,0.1,84.93,LOW
14,2,645,2,0.12,56.05,HIGH
6,1,704,2,0.201,62.51,MEDIUM
6,4,444,0,0.771,49.26,HIGH
4,3,443,3,0.911,54.84,CRITICAL
5,4,108,3,0.999,59.13,CRITICAL
8,0,242,0,0.023,78.5,LOW
2,1,533,0,0.958,80.66,MEDIUM
4,3,13,2,1.0,74.18,HIGH
13,5,706,3,0.471,50.65,CRITICAL
3,2,448,0,0.996,68.55,HIGH
9,1,138,1,0.028,83.01,LOW
5,3,512,3,0.756,70.36,CRITICAL
8,7,552,1,0.918,39.05,CRITICAL
11,7,83,0,0.817,48.93,CRITICAL
12,1,362,1,0.213,69.24,MEDIUM
11,4,428,1,0.312,59.6,HIGH
11,6,574,3,0.653,31.23,CRITICAL
11,1,374,2,0.078,71.12,MEDIUM
7,3,362,3,0.509,55.53,CRITICAL
10,6,680,0,0.559,33.44,CRITICAL
1,0,258,0,0.006,85.28,LOW
8,4,442,1,0.652,40.28,CRITICAL
12,5,566,2,0.446,42.21,CRITICAL
7,6,332,2,1.0,32.78,CRITICAL
8,3,396,2,0.461,58.29,CRITICAL
5,2,405,3,0.46,55.75,HIGH
10,5,447,0,0.612,40.0,CRITICAL
11,2,130,2,0.164,74.78,HIGH
4,3,135,1,0.928,68.35,HIGH
15,3,656,3,0.266,41.65,CRITICAL
12,4,634,3,0.385,41.39,CRITICAL
3,2,365,1,1.0,62.9,HIGH
3,1,335,3,0.427,78.85,HIGH
4,3,627,0,1.0,52.32,CRITICAL
5,4,380,2,0.877,44.81,CRITICAL
10,5,1,2,0.505,56.71,CRITICAL
11,2,85,3,0.135,68.33,HIGH
5,1,400,3,0.321,81.21,MEDIUM
4,3,438,1,0.882,60.48,CRITICAL
15,7,599,1,0.491,24.27,CRITICAL
11,3,155,2,0.345,61.48,CRITICAL
4,1,506,1,0.305,59.3,MEDIUM
2,1,138,0,1.0,81.69,MEDIUM
5,0,469,1,0.0,79.46,LOW
3,2,71,1,1.0,74.04,MEDIUM
12,1,6,3,0.0,89.1,MEDIUM
11,2,112,3,0.277,76.84,HIGH
1,0,162,0,0.019,90.05,LOW
14,3,610,0,0.127,59.0,MEDIUM
1,0,249,1,0.132,85.78,LOW
11,6,489,2,0.537,34.31,CRITICAL
9,4,442,0,0.461,40.11,HIGH
5,4,83,3,0.924,65.56,CRITICAL
1,0,165,0,0.0,92.84,LOW
8,4,342,1,0.507,55.62,CRITICAL
4,2,221,3,0.619,68.61,HIGH
9,8,88,3,0.91,45.47,CRITICAL
4,3,377,3,1.0,52.73,CRITICAL
11,6,455,3,0.519,34.86,CRITICAL
15,7,452,0,0.646,35.05,CRITICAL
7,4,476,1,0.756,44.18,CRITICAL
3,2,701,0,1.0,66.7,HIGH
3,2,135,2,1.0,78.73,HIGH
6,1,254,0,0.29,77.8,LOW
4,3,569,3,1.0,62.59,CRITICAL
1,0,636,3,0.037,80.63,MEDIUM
14,5,68,3,0.417,53.16,CRITICAL
6,0,334,2,0.0,78.2,LOW
2,1,506,2,1.0,75.15,HIGH
11,7,271,0,0.746,34.94,CRITICAL
3,1,415,0,0.48,72.93,MEDIUM
3,2,726,3,0.849,65.18,CRITICAL
3,2,478,0,1.0,63.1,HIGH
4,3,438,2,1.0,56.06,CRITICAL
7,2,661,3,0.364,69.06,HIGH
3,2,306,0,1.0,61.85,HIGH
2,0,196,1,0.045,99.09,LOW
3,2,379,2,0.958,55.57,CRITICAL
15,3,591,1,0.197,48.89,HIGH
10,0,49,2,0.0,99.11,LOW
13,5,588,2,0.258,40.06,CRITICAL
1,0,120,1,0.001,91.72,LOW
15,6,517,3,0.346,30.69,CRITICAL
5,1,476,2,0.162,67.83,HIGH
9,4,634,3,0.478,38.73,CRITICAL
7,3,673,1,0.551,60.72,CRITICAL
10,4,427,1,0.486,47.88,CRITICAL
3,2,585,0,1.0,58.66,HIGH
8,5,92,3,0.727,45.38,CRITICAL
13,7,589,0,0.557,38.85,CRITICAL
12,1,405,2,0.027,66.96,MEDIUM
15,2,613,3,0.142,61.54,HIGH
3,2,586,3,1.0,61.38,CRITICAL
7,1,574,0,0.095,69.32,MEDIUM
7,6,518,2,1.0,21.69,CRITICAL
13,4,683,1,0.208,54.44,CRITICAL
1,0,106,3,0.0,97.11,LOW
3,2,83,3,1.0,70.51,HIGH
8,2,601,1,0.215,65.44,MEDIUM
12,1,351,1,0.222,75.18,MEDIUM
9,0,586,0,0.122,80.8,LOW
14,4,134,2,0.269,65.45,HIGH
10,7,62,2,0.762,60.01,CRITICAL
8,7,170,3,1.0,49.01,CRITICAL
1,0,452,3,0.214,69.48,MEDIUM
12,2,40,1,0.185,84.43,MEDIUM
5,4,398,0,1.0,49.15,CRITICAL
14,2,544,1,0.228,64.79,MEDIUM
4,3,344,2,1.0,60.24,CRITICAL
13,1,225,2,0.207,74.11,MEDIUM
1,0,571,3,0.069,74.6,MEDIUM
3,2,444,0,1.0,60.07,HIGH
9,5,551,1,0.74,38.0,CRITICAL
3,2,372,0,0.918,65.3,HIGH
13,4,620,0,0.329,53.64,HIGH
1,0,705,3,0.05,74.91,MEDIUM
4,0,38,1,0.009,95.19,LOW
13,3,62,2,0.304,73.22,HIGH
2,1,649,0,0.952,74.6,HIGH
14,1,394,2,0.075,72.93,MEDIUM
1,0,90,0,0.013,95.25,LOW
5,0,204,3,0.041,97.34,MEDIUM
15,3,395,2,0.163,60.86,HIGH
2,0,222,1,0.0,90.27,LOW
4,2,75,0,0.536,71.78,MEDIUM
11,1,242,0,0.128,77.85,LOW
3,1,694,0,0.476,65.84,MEDIUM
4,2,240,2,0.618,78.51,HIGH
10,1,28,2,0.054,94.98,MEDIUM
7,2,38,1,0.294,83.77,MEDIUM
3,0,701,3,0.0,77.07,MEDIUM
4,3,685,2,1.0,49.55,CRITICAL
4,0,101,3,0.084,96.77,MEDIUM
1,0,214,1,0.0,92.74,LOW
14,6,578,3,0.432,35.73,CRITICAL
14,0,4,1,0.0,90.5,LOW
5,4,149,2,1.0,47.84,CRITICAL
8,1,431,2,0.34,64.02,MEDIUM
10,3,232,0,0.309,55.46,HIGH
6,5,547,2,0.91,35.95,CRITICAL
3,2,79,3,1.0,78.97,CRITICAL
8,7,2,3,1.0,55.23,CRITICAL
15,0,601,3,0.033,73.92,HIGH
1,0,163,0,0.021,98.97,LOW
3,2,437,0,0.936,58.51,HIGH
7,6,95,3,0.988,39.08,CRITICAL
4,1,389,3,0.239,67.28,HIGH
2,1,145,2,0.864,79.79,HIGH
14,8,83,2,0.741,48.31,CRITICAL
14,6,229,3,0.428,41.83,CRITICAL
13,1,6,2,0.165,91.53,MEDIUM
2,1,173,0,1.0,90.14,MEDIUM
4,3,295,0,0.999,52.25,HIGH
10,0,409,3,0.042,78.89,MEDIUM
14,1,355,3,0.037,72.54,MEDIUM
9,7,122,1,0.935,47.21,CRITICAL
2,1,411,1,1.0,71.75,HIGH
10,3,46,3,0.374,73.05,HIGH
13,8,306,1,0.692,40.42,CRITICAL
10,6,555,0,0.69,31.51,CRITICAL
10,6,381,0,0.659,34.36,CRITICAL
12,0,702,0,0.03,74.02,LOW
7,6,641,1,1.0,20.78,CRITICAL
1,0,48,1,0.04,90.5,LOW
8,3,223,1,0.521,69.6,HIGH
4,0,234,3,0.0,89.26,MEDIUM
14,0,336,2,0.0,86.14,LOW
5,3,725,3,0.865,56.17,CRITICAL
6,2,112,1,0.296,77.01,MEDIUM
15,2,683,1,0.186,73.15,MEDIUM
7,4,279,0,0.576,46.49,HIGH
12,6,350,1,0.554,30.5,CRITICAL
10,6,559,1,0.614,33.54,CRITICAL
5,4,637,3,1.0,45.14,CRITICAL
9,5,290,3,0.717,47.34,CRITICAL
4,3,372,2,1.0,56.81,CRITICAL
7,2,545,0,0.251,59.75,MEDIUM
10,6,17,2,0.735,51.71,CRITICAL
14,3,182,0,0.304,66.84,MEDIUM
1,0,215,1,0.117,87.74,LOW
2,1,697,3,1.0,64.73,CRITICAL
5,3,544,3,0.681,54.66,CRITICAL
1,0,72,2,0.103,99.68,LOW
4,3,380,3,1.0,60.86,CRITICAL
11,4,520,2,0.581,46.25,CRITICAL
1,0,246,1,0.0,89.82,LOW
2,1,232,0,0.929,84.85,MEDIUM
6,5,539,2,0.952,43.46,CRITICAL
13,1,175,3,0.015,72.83,MEDIUM
14,6,173,3,0.487,44.09,CRITICAL
13,2,474,3,0.08,64.37,HIGH
1,0,149,3,0.0,90.23,MEDIUM
8,3,38,3,0.492,86.04,HIGH
10,7,59,2,0.858,45.43,CRITICAL
4,3,191,3,0.986,56.3,CRITICAL
15,7,98,0,0.528,48.08,CRITICAL
9,6,310,3,0.695,41.1,CRITICAL
4,3,202,1,1.0,60.27,HIGH
4,2,161,1,0.68,73.13,HIGH
6,5,294,2,1.0,44.06,CRITICAL
12,3,117,3,0.293,57.55,HIGH
7,6,608,2,1.0,24.94,CRITICAL
5,4,337,0,1.0,53.78,CRITICAL
13,2,404,1,0.089,65.88,MEDIUM
6,3,216,1,0.587,66.23,HIGH
13,7,502,2,0.755,25.89,CRITICAL
15,3,68,2,0.305,73.22,HIGH
15,5,284,1,0.274,46.26,CRITICAL
8,7,201,2,1.0,49.5,CRITICAL
3,0,402,3,0.0,80.18,MEDIUM
14,8,327,1,0.603,27.11,CRITICAL
8,7,163,2,1.0,37.36,CRITICAL
3,2,146,1,1.0,83.0,HIGH
2,1,448,2,0.969,66.5,HIGH
6,5,128,1,1.0,55.49,CRITICAL
2,1,303,2,0.981,74.54,HIGH
5,4,333,0,1.0,52.77,HIGH
11,0,99,2,0.0,88.23,LOW
2,1,326,2,1.0,66.35,HIGH
6,5,91,0,0.96,59.94,CRITICAL
8,0,136,3,0.058,85.62,MEDIUM
7,1,354,1,0.255,67.3,MEDIUM
10,8,447,0,0.985,27.21,CRITICAL
5,4,176,1,1.0,52.5,CRITICAL
13,6,84,2,0.329,39.28,CRITICAL
2,1,165,2,1.0,78.48,HIGH
9,7,615,2,0.849,29.08,CRITICAL
3,0,357,3,0.0,78.41,MEDIUM
6,0,725,0,0.125,92.57,LOW
10,4,434,3,0.476,53.61,CRITICAL
4,3,409,0,1.0,53.26,CRITICAL
1,0,431,3,0.0,85.64,MEDIUM
10,1,723,3,0.101,74.69,HIGH
15,4,220,0,0.29,57.25,HIGH
13,4,76,0,0.241,62.9,HIGH
1,0,117,0,0.047,90.29,LOW
10,7,434,0,0.792,29.6,CRITICAL
7,6,15,1,1.0,49.18,CRITICAL
3,2,688,0,0.966,58.47,HIGH
6,5,343,0,1.0,34.7,CRITICAL
9,1,666,3,0.137,76.96,HIGH
9,7,495,2,0.863,40.11,CRITICAL
13,7,643,3,0.651,20.45,CRITICAL
9,8,729,0,0.851,39.57,CRITICAL
3,2,410,1,0.986,76.83,HIGH
12,8,627,0,0.67,35.17,CRITICAL
14,1,360,1,0.187,69.5,MEDIUM
7,1,551,1,0.238,75.72,MEDIUM
1,0,633,0,0.064,82.49,LOW
6,5,574,2,1.0,43.95,CRITICAL
12,4,304,0,0.418,44.83,HIGH
8,3,493,2,0.481,56.39,HIGH
12,1,66,3,0.0,93.56,MEDIUM
1,0,167,3,0.0,90.15,MEDIUM
4,3,560,1,0.84,47.77,CRITICAL
8,1,374,1,0.175,70.16,MEDIUM
9,8,195,3,1.0,37.51,CRITICAL
14,3,499,0,0.346,53.9,HIGH
8,3,654,3,0.517,52.85,CRITICAL
4,3,355,3,1.0,53.44,CRITICAL
11,1,237,2,0.096,75.11,MEDIUM
1,0,595,0,0.047,86.46,LOW
13,8,266,0,0.585,41.06,CRITICAL
10,1,653,1,0.05,69.39,MEDIUM
4,0,707,3,0.0,79.96,MEDIUM
1,0,522,2,0.062,79.85,MEDIUM
7,0,426,2,0.015,78.94,LOW
10,8,477,2,0.928,33.78,CRITICAL
11,0,422,1,0.078,78.67,LOW
15,7,37,1,0.5,42.71,CRITICAL
5,4,393,3,0.986,49.4,CRITICAL
8,4,88,3,0.698,69.32,CRITICAL
10,0,86,1,0.023,100.0,LOW
2,1,710,3,0.853,73.33,CRITICAL
12,4,213,2,0.228,61.64,CRITICAL
6,5,635,0,1.0,40.2,CRITICAL
12,8,422,2,0.698,32.89,CRITICAL
5,2,691,1,0.472,69.71,MEDIUM
5,1,599,3,0.222,67.08,HIGH
4,3,511,0,1.0,56.6,CRITICAL
1,0,240,2,0.0,92.69,LOW
14,4,123,3,0.4,69.92,CRITICAL
6,4,641,0,0.934,57.49,CRITICAL
10,2,694,0,0.269,55.85,MEDIUM
8,4,387,0,0.58,57.44,HIGH
3,2,466,3,0.991,62.93,CRITICAL
15,8,289,1,0.626,31.01,CRITICAL
5,4,29,1,1.0,71.44,CRITICAL
1,0,18,1,0.0,100.0,LOW
5,4,257,0,1.0,55.61,CRITICAL
2,1,95,3,1.0,77.12,HIGH
11,5,104,0,0.542,54.59,HIGH
2,1,368,3,1.0,74.82,HIGH
12,6,164,0,0.494,40.13,CRITICAL
8,1,670,2,0.039,73.29,MEDIUM
2,0,189,1,0.042,100.0,LOW
6,2,269,3,0.47,61.27,HIGH
4,3,200,3,1.0,63.54,CRITICAL
5,4,217,2,0.918,54.27,CRITICAL
10,0,104,1,0.031,100.0,LOW
8,7,146,3,1.0,42.03,CRITICAL
8,7,140,0,0.954,49.36,CRITICAL
13,3,321,1,0.163,54.93,MEDIUM
15,3,355,1,0.292,42.04,HIGH
1,0,607,0,0.071,73.35,LOW
14,7,291,3,0.623,34.09,CRITICAL
9,2,553,0,0.322,61.3,HIGH
1,0,211,3,0.0,73.85,MEDIUM
5,1,704,2,0.459,71.64,HIGH
15,2,213,2,0.053,73.56,MEDIUM
13,2,66,2,0.102,75.48,MEDIUM
8,1,411,0,0.027,79.91,LOW
15,5,55,3,0.369,54.43,CRITICAL
5,3,673,0,0.745,51.85,HIGH
6,5,59,0,1.0,55.47,CRITICAL
10,8,644,1,0.941,38.29,CRITICAL
7,5,588,0,0.891,41.14,CRITICAL
13,5,355,1,0.297,34.88,CRITICAL
9,4,568,0,0.58,38.18,CRITICAL
8,4,643,2,0.613,39.73,CRITICAL
10,0,605,2,0.041,84.31,MEDIUM
13,7,57,1,0.679,41.85,CRITICAL
15,6,688,0,0.484,27.05,CRITICAL
5,4,275,3,0.88,44.25,CRITICAL
1,0,517,1,0.028,77.09,LOW
10,3,677,2,0.398,56.69,CRITICAL
6,1,600,1,0.17,68.32,MEDIUM
1,0,271,2,0.0,84.1,LOW
15,5,96,2,0.365,48.27,CRITICAL
6,0,57,2,0.021,100.0,LOW
1,0,334,1,0.007,84.59,LOW
15,1,495,2,0.065,65.98,MEDIUM
8,6,348,1,0.739,27.51,CRITICAL
14,6,147,1,0.403,49.97,CRITICAL
11,1,707,0,0.25,69.08,MEDIUM
3,2,101,3,0.952,92.56,HIGH
9,3,111,1,0.205,71.25,HIGH
14,8,704,0,0.584,23.5,CRITICAL
13,1,635,3,0.108,88.05,MEDIUM
2,1,648,0,1.0,85.24,MEDIUM
3,2,596,3,0.904,64.48,CRITICAL
14,2,524,1,0.144,73.12,MEDIUM
13,5,715,3,0.528,52.62,CRITICAL
8,1,529,2,0.115,69.48,MEDIUM
6,2,729,1,0.458,62.59,HIGH
13,5,659,0,0.406,42.41,CRITICAL
3,2,212,2,0.918,69.51,HIGH
6,5,478,2,1.0,37.23,CRITICAL
2,1,135,3,0.936,85.63,HIGH
2,1,596,1,1.0,73.53,HIGH
10,2,466,3,0.28,63.32,HIGH
7,4,423,3,0.703,45.32,CRITICAL
9,2,646,3,0.173,65.63,HIGH
13,6,719,3,0.547,33.19,CRITICAL
13,6,202,3,0.482,40.64,CRITICAL
11,7,473,1,0.565,33.91,CRITICAL
13,8,73,1,0.689,33.5,CRITICAL
15,8,676,1,0.498,31.38,CRITICAL
8,7,102,3,1.0,46.95,CRITICAL
10,2,263,1,0.385,70.13,MEDIUM
8,2,97,3,0.232,76.86,HIGH
10,8,68,3,0.974,42.97,CRITICAL
6,0,406,1,0.0,70.82,LOW
4,3,278,2,1.0,52.6,CRITICAL
8,7,25,3,0.976,63.61,CRITICAL
11,6,684,3,0.583,32.55,CRITICAL
9,8,356,1,0.991,32.26,CRITICAL
11,3,655,3,0.37,59.85,CRITICAL
7,5,369,2,1.0,32.98,CRITICAL
4,2,443,1,0.706,58.22,HIGH
1,0,570,3,0.043,81.07,MEDIUM
13,0,134,3,0.005,100.0,MEDIUM
3,1,4,0,0.543,85.97,LOW
11,8,372,0,0.734,32.68,CRITICAL
2,1,126,3,0.79,81.49,HIGH
10,7,155,1,0.703,45.09,CRITICAL
5,3,265,3,0.89,66.88,CRITICAL
5,2,659,0,0.512,55.35,HIGH
14,7,678,1,0.397,31.55,CRITICAL
3,2,524,3,0.9,65.39,CRITICAL
15,8,373,0,0.495,33.35,CRITICAL
8,0,717,3,0.035,79.59,MEDIUM
9,0,386,1,0.0,82.38,LOW
11,0,522,1,0.01,80.82,LOW
9,6,534,1,0.763,28.3,CRITICAL
14,0,672,0,0.0,84.66,LOW
7,2,413,0,0.35,69.99,MEDIUM
3,2,579,2,1.0,77.04,CRITICAL
9,2,391,1,0.234,65.63,MEDIUM
7,0,84,2,0.0,95.31,LOW
4,0,339,1,0.0,82.71,LOW
8,4,335,2,0.54,49.55,CRITICAL
12,0,549,2,0.021,84.86,LOW
7,1,210,0,0.099,84.51,MEDIUM
10,8,132,0,0.768,41.01,CRITICAL
12,2,704,3,0.126,61.02,HIGH
11,7,480,2,0.618,28.4,CRITICAL
1,0,139,0,0.055,88.65,LOW
6,5,230,2,0.833,40.84,CRITICAL
7,3,609,1,0.499,50.65,HIGH
4,3,82,3,1.0,60.71,CRITICAL
14,8,618,2,0.594,19.62,CRITICAL
12,1,629,0,0.152,67.68,LOW
4,3,651,0,1.0,43.39,CRITICAL
10,0,22,1,0.003,87.37,LOW
12,0,237,1,0.061,92.63,LOW
10,1,510,0,0.115,62.36,LOW
9,2,6,2,0.297,83.21,HIGH
13,5,187,2,0.459,52.69,CRITICAL
3,2,382,3,0.968,55.68,CRITICAL
13,8,433,1,0.599,33.06,CRITICAL
11,1,444,0,0.09,71.65,LOW
1,0,278,3,0.043,91.98,MEDIUM
11,6,26,1,0.595,48.53,CRITICAL
12,7,637,1,0.735,21.74,CRITICAL
11,5,86,3,0.394,57.25,CRITICAL
2,1,385,0,1.0,73.75,MEDIUM
14,3,115,0,0.281,67.2,MEDIUM
2,1,578,0,0.915,59.29,MEDIUM
5,0,219,0,0.007,87.4,LOW
6,3,177,1,0.719,67.68,HIGH
9,0,350,3,0.0,71.08,MEDIUM
15,3,148,3,0.197,66.77,CRITICAL
10,3,676,2,0.37,58.96,CRITICAL
10,2,170,1,0.158,69.75,MEDIUM
6,4,575,0,0.753,45.61,CRITICAL
8,7,438,0,1.0,28.06,CRITICAL
5,4,133,2,1.0,51.6,CRITICAL
7,4,412,2,0.81,50.47,CRITICAL
4,3,397,3,0.922,54.44,CRITICAL
13,6,647,1,0.381,27.58,CRITICAL
7,5,565,1,0.878,33.2,CRITICAL
5,1,292,3,0.302,75.38,HIGH
4,3,490,0,1.0,46.83,CRITICAL
10,6,436,0,0.777,50.87,CRITICAL
4,3,126,1,0.983,70.51,HIGH
13,6,598,1,0.487,22.78,CRITICAL
14,5,159,0,0.294,47.77,HIGH
9,1,146,0,0.105,83.85,LOW
8,4,587,1,0.574,46.46,CRITICAL
7,6,417,1,1.0,24.76,CRITICAL
4,3,578,0,1.0,66.81,CRITICAL
4,3,692,1,1.0,49.51,CRITICAL
6,4,657,2,0.929,57.46,CRITICAL
4,3,284,2,0.985,56.06,CRITICAL
6,4,12,1,0.791,73.03,HIGH
8,3,219,3,0.423,61.82,CRITICAL
8,5,636,3,0.643,43.6,CRITICAL
9,4,714,1,0.578,50.43,CRITICAL
11,0,222,0,0.088,81.51,LOW
7,6,353,1,0.97,20.11,CRITICAL
3,2,241,0,0.923,67.07,MEDIUM
2,1,605,1,1.0,71.88,HIGH
6,3,560,2,0.578,51.34,CRITICAL
5,4,675,2,0.906,46.23,CRITICAL
13,5,348,0,0.39,37.92,HIGH
8,1,64,1,0.166,79.16,LOW
14,5,171,2,0.5,43.8,CRITICAL
12,6,98,0,0.534,49.77,CRITICAL
14,3,403,3,0.405,45.87,CRITICAL
1,0,115,3,0.017,92.61,LOW
12,7,488,1,0.52,30.6,CRITICAL
9,0,542,3,0.115,73.56,MEDIUM
9,8,520,2,0.976,23.08,CRITICAL
5,4,369,2,1.0,43.79,CRITICAL
5,4,372,2,0.994,48.8,CRITICAL
15,6,278,0,0.359,48.52,CRITICAL
10,1,437,1,0.159,76.54,LOW
7,1,652,3,0.065,76.58,MEDIUM
11,0,31,0,0.0,92.23,LOW
6,5,194,1,1.0,47.46,CRITICAL
3,2,164,0,0.895,75.27,HIGH
10,2,565,1,0.393,60.54,HIGH
1,0,487,1,0.0,77.23,LOW
5,4,239,3,0.972,59.15,CRITICAL
15,8,122,3,0.613,49.04,CRITICAL
12,3,377,2,0.195,38.21,HIGH
11,0,121,3,0.036,92.84,MEDIUM
5,4,123,0,0.933,62.02,HIGH
6,5,516,1,1.0,29.59,CRITICAL
11,3,693,1,0.341,67.76,CRITICAL
3,2,14,1,0.944,89.82,HIGH
5,0,177,1,0.04,83.4,LOW
4,1,721,2,0.338,73.81,MEDIUM
11,2,133,1,0.242,76.9,MEDIUM
1,0,665,2,0.0,75.02,MEDIUM
7,6,156,0,1.0,31.53,CRITICAL
5,4,345,0,0.718,38.5,CRITICAL
13,2,713,1,0.267,73.91,MEDIUM
2,1,311,1,1.0,83.29,MEDIUM
5,4,347,1,0.915,54.9,CRITICAL
2,1,265,2,0.884,80.14,HIGH
9,4,640,3,0.498,59.83,CRITICAL
8,2,550,1,0.225,63.26,MEDIUM
4,3,382,0,0.92,54.35,HIGH
12,7,514,1,0.612,29.27,CRITICAL
6,5,451,2,1.0,36.68,CRITICAL
6,1,618,0,0.303,69.56,MEDIUM
7,4,546,1,0.572,46.13,CRITICAL
4,3,376,0,1.0,54.29,HIGH
2,1,313,1,1.0,79.33,HIGH
12,2,132,2,0.222,80.69,MEDIUM
7,6,456,3,0.945,34.94,CRITICAL
6,4,529,3,0.747,48.74,CRITICAL
10,5,26,3,0.621,63.47,CRITICAL
8,0,77,0,0.0,96.98,LOW
13,6,298,2,0.694,26.34,CRITICAL
6,3,622,1,0.561,53.14,HIGH
4,0,445,3,0.0,73.58,MEDIUM
9,3,381,3,0.406,58.75,CRITICAL
15,6,99,2,0.459,53.0,CRITICAL
15,4,545,2,0.372,46.45,CRITICAL
4,3,571,3,0.882,59.2,CRITICAL
11,1,111,3,0.062,88.6,MEDIUM
6,5,305,3,1.0,43.86,CRITICAL
5,4,288,0,1.0,53.53,CRITICAL
11,0,163,1,0.0,98.15,LOW
10,6,121,3,0.522,35.78,CRITICAL
12,3,39,1,0.185,70.32,MEDIUM
3,0,349,1,0.012,87.31,LOW
14,7,685,0,0.505,28.24,CRITICAL
8,7,258,2,0.941,46.77,CRITICAL
4,3,169,1,1.0,70.58,HIGH
10,7,178,3,0.9,44.46,CRITICAL
6,5,706,3,0.927,37.9,CRITICAL
6,1,462,0,0.258,88.24,LOW
14,6,30,0,0.488,58.17,CRITICAL
5,4,563,2,1.0,39.48,CRITICAL
1,0,143,2,0.0,94.99,LOW
2,1,463,2,0.936,77.53,HIGH
8,5,439,3,0.721,35.79,CRITICAL
8,7,281,1,1.0,27.18,CRITICAL
9,6,260,2,0.877,36.4,CRITICAL
7,4,393,2,0.52,42.32,CRITICAL
1,0,153,3,0.0,84.1,MEDIUM
14,1,483,3,0.128,73.25,MEDIUM
3,2,218,1,1.0,63.43,HIGH
1,0,229,1,0.0,84.09,LOW
3,2,423,3,0.823,77.6,HIGH
8,4,347,2,0.686,40.82,CRITICAL
14,1,87,1,0.203,89.25,LOW
13,0,477,2,0.0,77.18,MEDIUM
13,4,69,2,0.452,70.14,CRITICAL
2,1,16,2,1.0,88.67,HIGH
10,6,565,2,0.761,27.15,CRITICAL
13,4,390,1,0.371,39.83,HIGH
5,1,407,3,0.344,78.68,HIGH
11,6,498,1,0.584,38.37,CRITICAL
4,3,189,0,0.966,62.57,HIGH
5,4,304,1,0.879,50.48,CRITICAL
5,3,649,1,0.763,65.89,CRITICAL
13,8,37,0,0.716,53.61,CRITICAL
3,2,418,3,0.971,88.53,CRITICAL
5,4,159,0,1.0,43.92,CRITICAL
11,1,193,2,0.096,75.4,MEDIUM
1,0,548,0,0.0,82.07,LOW
2,1,509,1,0.929,73.79,HIGH
14,7,580,1,0.424,31.13,CRITICAL
2,1,102,3,0.907,86.13,HIGH
14,6,508,2,0.482,39.15,CRITICAL
11,7,537,3,0.694,28.62,CRITICAL
15,0,228,2,0.0,86.8,LOW
3,2,680,0,0.892,64.23,HIGH
9,7,182,0,0.923,35.22,CRITICAL
7,6,501,3,0.988,30.93,CRITICAL
8,3,3,1,0.373,76.39,HIGH
8,7,558,0,0.983,26.48,CRITICAL
15,7,557,0,0.574,39.22,CRITICAL
12,0,569,2,0.0,72.93,MEDIUM
11,3,238,2,0.355,61.88,CRITICAL
2,1,431,3,0.973,72.32,HIGH
14,2,529,1,0.152,64.32,MEDIUM
14,0,303,3,0.169,77.03,MEDIUM
9,3,686,3,0.421,54.2,CRITICAL
13,8,488,1,0.791,30.05,CRITICAL
10,0,17,0,0.163,98.44,LOW
9,3,45,3,0.321,77.51,CRITICAL
5,4,505,0,0.931,55.42,CRITICAL
5,2,443,1,0.529,63.27,MEDIUM
6,5,396,2,0.926,30.11,CRITICAL
1,0,224,2,0.017,84.98,LOW
5,4,158,3,1.0,59.38,CRITICAL
3,2,88,2,1.0,85.0,HIGH
10,1,61,1,0.172,89.46,LOW
10,1,420,3,0.0,62.68,MEDIUM
12,3,523,2,0.423,59.55,HIGH
13,2,235,0,0.114,75.37,MEDIUM
9,4,479,3,0.392,43.62,CRITICAL
3,2,408,3,1.0,63.16,CRITICAL
5,3,81,0,0.781,73.67,HIGH
10,5,607,0,0.612,32.24,CRITICAL
2,1,693,1,0.858,70.5,MEDIUM
7,6,610,2,0.993,41.23,CRITICAL
13,2,569,2,0.154,76.8,HIGH
5,3,119,2,0.728,78.07,CRITICAL
4,3,617,2,0.901,61.53,CRITICAL
14,1,451,1,0.109,75.21,MEDIUM
11,4,301,3,0.302,48.28,CRITICAL
9,2,408,1,0.158,75.19,HIGH
9,7,570,0,0.882,31.44,CRITICAL
13,8,580,3,0.758,21.44,CRITICAL
5,1,293,0,0.384,78.75,MEDIUM
3,2,590,3,1.0,72.14,CRITICAL
14,7,266,0,0.541,31.27,CRITICAL
8,5,709,2,0.735,51.02,CRITICAL
4,1,384,3,0.276,68.21,MEDIUM
5,1,243,2,0.086,74.26,MEDIUM
8,0,533,0,0.116,75.92,LOW
8,1,174,0,0.0,79.74,LOW
9,2,31,1,0.307,68.65,MEDIUM
4,3,683,2,1.0,66.09,CRITICAL
8,3,541,3,0.533,59.33,CRITICAL
4,0,729,2,0.052,74.1,MEDIUM
7,6,538,1,0.949,33.46,CRITICAL
11,4,304,2,0.357,50.05,CRITICAL
1,0,297,3,0.009,85.52,MEDIUM
15,8,486,1,0.524,38.08,CRITICAL
7,1,103,1,0.381,81.51,MEDIUM
5,4,372,1,0.999,40.0,CRITICAL
13,0,29,3,0.1,100.0,LOW
14,3,368,0,0.152,65.86,MEDIUM
14,0,690,0,0.004,78.48,LOW
1,0,34,0,0.062,96.47,LOW
3,2,555,0,1.0,63.39,HIGH
8,0,422,2,0.063,79.86,MEDIUM
10,6,245,2,0.695,32.94,CRITICAL
12,5,292,0,0.508,29.09,CRITICAL
4,3,510,2,1.0,55.93,CRITICAL
3,1,450,3,0.447,65.06,HIGH
9,3,578,1,0.428,62.12,HIGH
15,0,383,0,0.0,79.25,LOW
12,3,458,2,0.11,50.84,HIGH
2,1,229,0,0.999,85.46,MEDIUM
7,6,426,2,1.0,27.19,CRITICAL
3,1,76,3,0.468,79.32,HIGH
8,1,331,2,0.084,72.2,MEDIUM
3,2,459,2,1.0,57.55,CRITICAL
11,5,571,0,0.423,45.81,CRITICAL
12,7,672,2,0.598,35.39,CRITICAL
10,0,201,3,0.0,98.03,MEDIUM
12,6,621,1,0.559,27.46,CRITICAL
10,0,198,1,0.0,91.33,LOW
10,4,596,3,0.472,42.83,CRITICAL
15,5,84,3,0.448,67.27,CRITICAL
2,0,81,2,0.0,100.0,LOW
9,3,356,2,0.535,58.36,HIGH
14,5,477,0,0.424,30.63,CRITICAL
5,3,134,3,0.827,58.05,CRITICAL
15,6,542,1,0.481,31.63,CRITICAL
14,6,234,2,0.424,41.28,CRITICAL
7,3,387,1,0.434,50.88,HIGH
8,3,675,0,0.505,55.62,HIGH
4,3,366,2,0.958,53.76,CRITICAL
13,1,609,1,0.097,71.82,MEDIUM
4,3,708,2,1.0,57.85,CRITICAL
11,0,318,1,0.0,79.77,LOW
14,3,383,2,0.313,62.76,HIGH
1,0,470,1,0.002,86.6,LOW
5,2,477,1,0.645,64.38,HIGH
3,0,664,1,0.005,77.84,LOW
3,2,33,2,1.0,84.65,HIGH
2,1,328,0,1.0,63.55,MEDIUM
3,2,673,3,0.847,60.29,CRITICAL
6,4,8,1,0.906,73.68,HIGH
14,8,607,2,0.611,31.68,CRITICAL
11,3,104,0,0.223,74.42,MEDIUM
7,5,450,2,0.889,50.12,CRITICAL
6,5,42,3,0.954,55.57,CRITICAL
15,5,211,0,0.436,43.87,CRITICAL
5,3,73,0,0.633,64.81,HIGH
6,5,508,2,1.0,46.5,CRITICAL
7,4,706,3,0.591,47.63,CRITICAL
7,0,644,2,0.052,77.76,MEDIUM
3,0,313,1,0.076,77.01,LOW
4,3,527,1,0.949,56.0,CRITICAL
7,4,78,1,0.595,53.08,HIGH
11,5,431,0,0.437,37.63,CRITICAL
3,0,115,3,0.119,92.62,MEDIUM
11,6,460,0,0.496,37.1,CRITICAL
12,8,328,1,0.645,26.27,CRITICAL
9,1,165,2,0.071,85.88,MEDIUM
11,2,667,1,0.223,65.6,HIGH
9,6,692,3,0.689,34.05,CRITICAL
11,1,506,0,0.0,68.37,LOW
11,5,263,2,0.574,40.33,CRITICAL
9,0,319,2,0.045,80.77,LOW
5,4,577,3,0.878,51.83,CRITICAL
5,4,378,0,1.0,47.25,CRITICAL
8,7,557,3,1.0,25.09,CRITICAL
6,5,260,0,1.0,48.55,CRITICAL
4,1,542,3,0.329,59.03,HIGH
7,6,377,2,1.0,26.6,CRITICAL
10,2,509,1,0.173,70.84,MEDIUM
12,6,144,0,0.458,41.32,CRITICAL
10,1,377,1,0.136,69.53,MEDIUM
5,4,211,1,1.0,50.96,CRITICAL
5,3,242,0,0.923,61.66,HIGH
9,8,568,2,0.991,34.33,CRITICAL
4,3,279,1,0.939,59.72,CRITICAL
5,4,511,2,1.0,46.97,CRITICAL
2,0,402,0,0.0,75.63,LOW
12,1,365,1,0.067,77.46,MEDIUM
2,1,616,1,1.0,80.66,HIGH
15,3,166,3,0.263,79.43,HIGH
5,1,382,3,0.3,67.94,MEDIUM
3,1,500,1,0.527,74.8,MEDIUM
10,7,331,2,0.991,38.18,CRITICAL
15,1,440,0,0.209,77.3,LOW
11,3,433,1,0.3,59.14,HIGH
13,5,204,2,0.514,41.97,CRITICAL
4,3,458,2,0.912,57.87,CRITICAL
11,3,692,0,0.296,58.32,HIGH
2,1,182,1,0.882,76.89,MEDIUM
8,5,446,1,0.584,33.16,CRITICAL
3,0,355,0,0.018,87.75,LOW
4,2,686,1,0.641,66.33,HIGH
11,8,641,3,0.931,24.89,CRITICAL
10,3,430,2,0.292,53.51,HIGH
13,2,505,1,0.19,75.24,MEDIUM
11,3,360,1,0.42,51.54,HIGH
9,6,275,1,0.825,26.29,CRITICAL
11,1,525,2,0.14,71.11,MEDIUM
1,0,33,2,0.0,98.15,LOW
6,0,464,3,0.157,77.6,MEDIUM
1,0,278,2,0.0,85.06,LOW
6,5,154,3,1.0,32.53,CRITICAL
7,5,539,1,0.861,50.81,CRITICAL
6,5,344,0,1.0,46.76,CRITICAL
7,2,139,2,0.421,77.3,HIGH
5,4,635,2,0.977,52.7,CRITICAL
15,7,480,1,0.694,29.0,CRITICAL
13,6,701,2,0.447,17.15,CRITICAL
8,7,561,2,1.0,36.72,CRITICAL
4,3,488,0,0.977,52.25,CRITICAL
1,0,630,0,0.02,82.59,LOW
1,0,434,0,0.057,71.08,LOW
14,0,469,1,0.0,84.04,LOW
9,4,328,3,0.403,53.36,CRITICAL
4,3,146,2,0.955,72.27,CRITICAL
4,3,485,1,0.95,57.96,CRITICAL
7,2,342,2,0.174,60.85,HIGH
10,6,45,0,0.647,40.93,CRITICAL
3,2,112,1,0.869,67.91,HIGH
14,6,345,2,0.364,39.08,CRITICAL
5,4,648,2,1.0,53.21,CRITICAL
9,2,326,2,0.31,60.58,HIGH
6,2,558,0,0.387,72.8,MEDIUM
8,2,179,1,0.2,74.84,MEDIUM
10,7,373,1,0.706,34.78,CRITICAL
7,6,25,0,0.965,37.55,CRITICAL
4,3,679,3,0.932,56.34,CRITICAL
3,2,521,1,1.0,71.93,HIGH
2,1,253,0,1.0,91.49,MEDIUM
10,8,532,0,0.894,35.53,CRITICAL
14,7,546,1,0.511,34.65,CRITICAL
3,2,51,2,0.94,78.07,HIGH
15,0,218,0,0.104,93.72,LOW
5,0,358,2,0.165,80.0,LOW
